Student_ID,Promedio_GPA_Historico,Promedio_Asistencia,Total_Cursos_Tomados,Ultimo_Semestre_Cursado
STU_00160,3.016666666666666,81.18333333333334,90,6
STU_00323,2.9400000000000004,89.64999999999999,66,4
STU_00361,3.03,92.9,18,1
STU_00365,2.51,91.2,15,1
STU_00486,3.03,80.7,18,1
STU_00503,3.0716666666666668,83.83333333333333,90,6
STU_01108,2.79,78.1,27,2
STU_01207,3.0849999999999995,84.31666666666666,102,6
STU_01220,2.16625,80.6375,117,8
STU_02035,2.9866666666666664,88.5,36,3
STU_02408,3.24,97.5,18,1
STU_02426,2.07,100.0,18,1
STU_02716,3.53,93.9,12,1
STU_02829,2.46,93.4,18,1
STU_02878,2.4219999999999997,85.74,90,5
STU_03215,2.973333333333333,76.91666666666667,75,6
STU_03516,2.58,87.60000000000001,48,3
STU_04201,2.985,87.55,93,6
STU_04230,2.25,93.0,12,1
STU_04394,3.34,92.5,18,1
STU_04412,3.116666666666667,80.83333333333333,87,6
STU_04799,3.04,89.95,27,2
STU_05102,2.625,79.92500000000001,57,4
STU_05474,3.08,88.3,15,1
STU_05504,2.664,83.46,78,5
STU_05785,2.4475,82.275,54,4
STU_05981,3.24,89.5,33,2
STU_06404,2.4499999999999997,79.16666666666667,33,3
STU_06535,3.01,88.775,63,4
STU_07561,3.1300000000000003,92.66666666666667,114,6
STU_07602,3.233333333333334,85.26666666666667,93,6
STU_07695,2.9949999999999997,91.3875,129,8
STU_07713,2.53,81.1,12,1
STU_07743,2.566,81.72,60,5
STU_07786,2.26,93.3,15,1
STU_08461,2.9728571428571433,88.0142857142857,105,7
STU_08742,2.786,79.28,72,5
STU_07102,2.5285714285714285,92.87142857142858,81,7
STU_08209,2.4499999999999997,75.325,72,4
STU_00023,2.8074999999999997,86.45,114,8
STU_00144,3.04,89.05,30,2
STU_00383,2.855,90.94999999999999,30,2
STU_00412,2.9699999999999998,87.5,63,4
STU_00467,2.5380000000000003,84.58,93,5
STU_00498,2.71,84.975,57,4
STU_00831,2.52,78.44999999999999,36,2
STU_00945,1.8575,84.52499999999999,72,4
STU_01049,2.515,82.18333333333334,87,6
STU_01106,3.64,85.5,30,2
STU_01377,2.6199999999999997,88.43333333333332,36,3
STU_01520,3.0460000000000003,84.6,72,5
STU_01521,3.1999999999999997,84.14285714285714,87,7
STU_01528,2.74,93.9,12,1
STU_01548,2.6112499999999996,81.72500000000001,96,8
STU_01770,2.794,85.58,99,5
STU_02441,2.45,82.0,51,3
STU_02662,2.38,78.05,30,2
STU_02784,3.0650000000000004,92.8,30,2
STU_02930,2.385,84.08333333333333,75,6
STU_03279,2.64,84.1,15,1
STU_03287,3.36,83.05,30,2
STU_03462,3.5650000000000004,85.85,30,2
STU_03938,2.8499999999999996,93.89999999999999,36,3
STU_04186,2.563333333333333,88.86666666666667,42,3
STU_04236,2.69625,87.4,126,8
STU_04259,3.045,89.69999999999999,36,2
STU_04563,2.48,89.23333333333333,54,3
STU_04835,2.59,82.4,18,1
STU_04929,1.9025,85.775,75,4
STU_05305,2.7250000000000005,89.07499999999999,48,4
STU_05412,2.01,79.3,15,1
STU_05603,3.4074999999999998,78.05000000000001,60,4
STU_05669,1.705,77.30000000000001,39,2
STU_05903,2.73,85.5,30,2
STU_06136,2.4262499999999996,87.6875,126,8
STU_06213,3.0533333333333332,80.73333333333333,45,3
STU_06765,1.97,92.77142857142857,108,7
STU_07170,2.3775,91.9,57,4
STU_07700,1.98,83.1,15,1
STU_08117,2.185,90.55,60,4
STU_08853,3.033333333333333,79.3,45,3
STU_04589,3.6399999999999997,84.19999999999999,30,2
STU_08509,2.535,84.65,33,2
STU_00686,2.955,88.33333333333333,75,6
STU_00702,2.6200000000000006,82.66666666666667,57,3
STU_00773,2.705,87.025,57,4
STU_01126,3.0766666666666667,81.3,45,3
STU_01222,3.08875,87.1625,144,8
STU_01382,3.55,87.6,15,1
STU_01759,2.73,85.53333333333335,54,3
STU_02177,2.55,87.4,36,2
STU_02259,2.986,86.9,90,5
STU_02327,2.97,83.2,12,1
STU_02548,2.5725000000000002,84.35,69,4
STU_02559,2.9037500000000005,84.9875,117,8
STU_02690,2.7,84.65,30,2
STU_03161,2.445,81.93333333333334,90,6
STU_03304,2.4633333333333334,88.80000000000001,108,6
STU_03408,2.7516666666666665,79.96666666666665,93,6
STU_03534,2.69,82.15,60,4
STU_03626,2.975,85.45,60,4
STU_03991,1.565,79.5,69,4
STU_04154,3.215,92.0,36,2
STU_04323,2.27,84.5,15,1
STU_04651,2.657142857142857,80.38571428571429,102,7
STU_05225,2.7039999999999997,80.58000000000001,72,5
STU_05229,2.8042857142857143,81.18571428571427,108,7
STU_05353,2.6300000000000003,82.93333333333332,57,3
STU_05422,2.23,75.85,60,4
STU_05750,1.38,89.85,33,2
STU_06278,2.88,84.1,15,1
STU_06447,2.865,94.65,24,2
STU_06967,2.373333333333333,80.0,42,3
STU_07070,3.0333333333333337,83.03333333333335,36,3
STU_07084,2.04,94.30000000000001,36,2
STU_07146,3.205,87.35,30,2
STU_07364,2.9571428571428577,89.64285714285714,102,7
STU_07567,2.89,93.3,15,1
STU_07616,2.5425000000000004,84.02499999999999,60,4
STU_08067,3.1699999999999995,83.81666666666666,66,6
STU_08201,3.2083333333333335,84.81666666666668,111,6
STU_08647,2.92,81.375,57,4
STU_07842,2.41,85.06666666666668,36,3
STU_08539,3.055,97.02499999999999,57,4
STU_00237,2.085,84.6,36,2
STU_00704,2.5225,79.475,48,4
STU_00730,2.5799999999999996,96.16666666666667,42,3
STU_01782,2.8414285714285716,87.38571428571429,114,7
STU_01887,2.61,84.51666666666667,90,6
STU_01961,2.77,86.6,21,2
STU_02308,2.715,87.44999999999999,48,4
STU_02419,3.3000000000000003,88.8,45,3
STU_02491,2.3333333333333335,80.73333333333333,75,6
STU_02683,2.563333333333333,82.25,87,6
STU_02918,2.92,89.39999999999999,36,3
STU_02998,3.14,86.375,60,4
STU_03027,1.88,89.35,24,2
STU_03151,2.106,90.53999999999999,90,5
STU_03209,1.815,80.225,72,4
STU_03381,2.9899999999999998,94.56666666666668,39,3
STU_03409,2.9571428571428577,77.21428571428571,102,7
STU_04140,2.5533333333333332,88.16666666666667,51,3
STU_04455,2.71,90.1,15,1
STU_04471,2.6687499999999997,89.55000000000001,120,8
STU_04587,2.9349999999999996,93.5,30,2
STU_04757,2.9225000000000003,93.1,63,4
STU_04844,3.02,85.21666666666668,93,6
STU_04861,2.7075,87.15,60,4
STU_05015,3.325,90.8,33,2
STU_05149,2.4999999999999996,80.3,66,6
STU_05292,3.11,91.9,15,1
STU_05885,2.9,78.1,15,1
STU_06090,2.388333333333333,88.35000000000001,87,6
STU_06259,2.28,86.3,18,1
STU_06290,2.6225,81.14999999999999,60,4
STU_06629,2.98,91.63333333333333,45,3
STU_06725,3.03,91.25,87,6
STU_06776,2.635,88.3,24,2
STU_07038,2.63,86.7,15,1
STU_07068,2.9360000000000004,88.72,72,5
STU_07255,3.1357142857142852,87.72857142857143,99,7
STU_07298,2.6540000000000004,85.72,75,5
STU_07352,2.825,84.9,36,2
STU_08283,2.3714285714285714,79.60000000000001,81,7
STU_08496,2.56,81.6,30,2
STU_04338,2.4633333333333334,88.0,45,3
STU_04538,2.63,82.05,27,2
STU_05626,2.856666666666667,84.93333333333334,57,3
STU_06645,2.9299999999999997,87.8,30,2
STU_07106,3.1849999999999996,78.8,36,2
STU_07114,2.845,86.95,30,2
STU_00735,3.3,85.15,24,2
STU_01104,2.475,86.05000000000001,30,2
STU_01258,2.2199999999999998,82.0,30,2
STU_01372,2.64,89.06666666666666,87,6
STU_01824,2.4699999999999998,93.06666666666666,51,3
STU_01889,2.956666666666667,84.86666666666666,45,3
STU_02024,3.4599999999999995,86.76666666666665,39,3
STU_02043,2.36,86.44999999999999,75,6
STU_02222,3.18,86.4,12,1
STU_02337,3.025,94.80000000000001,60,4
STU_02389,2.6925,80.625,51,4
STU_02478,1.3933333333333333,80.10000000000001,114,6
STU_03210,3.27,88.3,15,1
STU_03445,2.09,93.1,15,1
STU_03624,3.1740000000000004,88.82000000000001,60,5
STU_03664,2.89,80.4,12,1
STU_04065,3.1399999999999997,94.5,30,2
STU_04307,2.8449999999999998,80.4625,150,8
STU_04324,3.3033333333333332,88.61666666666666,90,6
STU_04499,3.046666666666667,81.60000000000001,45,3
STU_04550,3.34,93.5,15,1
STU_04778,3.73,89.7,12,1
STU_04804,2.29,86.1,18,1
STU_04903,3.17,88.3,93,5
STU_05299,2.6333333333333333,89.8,54,3
STU_05575,2.9899999999999998,79.8,51,3
STU_05789,2.4450000000000003,84.43333333333334,72,6
STU_05966,2.5866666666666664,76.73333333333333,72,6
STU_05974,2.03,79.85714285714286,105,7
STU_06361,2.915,91.85,30,2
STU_06426,2.4299999999999997,89.85,42,4
STU_06925,3.6050000000000004,91.44999999999999,36,2
STU_06942,2.715,89.25,30,2
STU_07389,2.4,89.61999999999999,69,5
STU_07390,3.39,91.2,18,1
STU_07931,2.8383333333333334,85.28333333333333,72,6
STU_08243,2.2675,83.2,51,4
STU_08515,2.6199999999999997,89.2,54,3
STU_05717,2.55,89.1,12,1
STU_06233,2.8437499999999996,88.07499999999999,117,8
STU_06825,2.96,91.1,15,1
STU_06844,2.492,85.67999999999999,69,5
STU_00143,2.6700000000000004,85.0,42,3
STU_00269,3.0366666666666666,83.46666666666667,36,3
STU_00397,2.42,89.94999999999999,33,2
STU_00583,2.6233333333333335,91.53333333333335,45,3
STU_00682,2.58,81.59999999999998,87,6
STU_01131,2.69,83.9,18,1
STU_01751,2.9399999999999995,82.2375,120,8
STU_01790,2.561666666666667,88.61666666666666,87,6
STU_01799,2.7350000000000003,89.72500000000001,51,4
STU_02143,2.77,92.9,12,1
STU_02150,2.254285714285714,80.58571428571429,102,8
STU_02153,2.66875,83.2375,117,8
STU_02289,3.2775,86.125,63,4
STU_02908,2.18,88.55000000000001,72,4
STU_03115,3.3800000000000003,84.5,45,3
STU_03158,3.49,93.2,15,1
STU_03200,2.5442857142857145,89.01428571428572,87,7
STU_03315,3.05,92.94999999999999,30,2
STU_03383,2.964,82.25999999999999,72,5
STU_03591,2.4379999999999997,82.0,90,5
STU_03931,3.4,89.5,15,1
STU_04127,3.0966666666666662,80.31666666666668,93,6
STU_04401,2.8066666666666666,85.86666666666667,45,3
STU_04474,3.0700000000000003,84.45,30,2
STU_04845,3.14,88.05000000000001,30,2
STU_04895,2.58,89.30000000000001,27,2
STU_05084,3.1566666666666667,91.7,42,3
STU_05093,2.3325000000000005,87.7375,144,8
STU_05103,3.065,92.35,30,2
STU_05401,2.4133333333333336,82.73333333333333,42,3
STU_05455,2.9166666666666665,86.36666666666667,51,3
STU_06185,1.5150000000000001,92.325,72,4
STU_06363,2.96,86.0,30,2
STU_06466,2.838,81.0,60,5
STU_06492,2.57,96.1,12,1
STU_06580,2.855714285714286,84.21428571428571,81,7
STU_06916,3.06,89.94999999999999,30,2
STU_07019,2.203333333333333,90.66666666666667,42,3
STU_07099,2.5983333333333336,77.25,96,6
STU_07228,2.7099999999999995,88.33333333333333,36,3
STU_07380,2.85,83.91428571428571,111,7
STU_07435,2.7325,83.475,66,4
STU_07893,3.4266666666666663,85.76666666666667,42,3
STU_07900,2.9533333333333336,85.75,84,6
STU_08116,2.245,85.22499999999998,120,8
STU_08138,1.9166666666666667,80.73333333333333,108,6
STU_08256,2.36,86.2,12,1
STU_08441,2.77,91.8,15,1
STU_08494,2.41,83.05,30,2
STU_05740,2.565714285714286,85.32857142857142,102,7
STU_00190,3.0225,94.80000000000001,75,4
STU_00319,2.70375,83.55,126,8
STU_00752,2.606666666666667,84.73333333333333,45,3
STU_00902,2.83,84.5,12,1
STU_00992,3.2800000000000002,86.85000000000001,63,4
STU_01845,2.96,80.26250000000002,99,8
STU_02335,2.2871428571428574,82.91428571428571,108,7
STU_02637,2.41,85.19999999999999,36,2
STU_03023,2.1950000000000003,81.5125,114,8
STU_03375,2.6800000000000006,88.64000000000001,63,5
STU_03430,1.88,82.1,12,1
STU_03473,2.65,91.15,30,2
STU_03682,3.1314285714285712,89.08571428571429,102,7
STU_04271,2.45,83.35000000000001,123,8
STU_04296,2.5275,85.1,63,4
STU_04871,2.795,91.4,39,2
STU_04964,2.8099999999999996,86.1,75,5
STU_05006,3.0157142857142856,85.37142857142858,105,7
STU_05019,2.79,94.2,15,1
STU_05174,2.065,87.75,30,2
STU_05431,2.9828571428571427,85.91428571428571,81,7
STU_05540,2.292,91.02,63,5
STU_05761,2.7725000000000004,89.17500000000001,96,8
STU_05792,2.46,83.0,18,1
STU_05925,1.515,85.16666666666667,108,6
STU_05932,2.6950000000000003,86.95,30,3
STU_06106,2.4266666666666667,86.46666666666665,54,3
STU_06156,2.13,88.4,30,2
STU_06441,3.54,87.55,30,2
STU_06491,2.9033333333333338,89.43333333333334,42,3
STU_06585,2.71,84.5,18,1
STU_06632,3.0557142857142856,87.05714285714285,105,7
STU_06861,2.91,85.8,15,1
STU_06931,1.8833333333333335,76.39999999999999,54,3
STU_07333,3.05,81.25,36,2
STU_07475,2.4875,82.6,75,4
STU_07660,2.8985714285714286,87.61428571428573,84,7
STU_07118,2.195,91.15,39,2
STU_07402,2.285,82.16666666666667,69,6
STU_07404,2.67,80.9,12,1
STU_07861,3.07,82.9,15,1
STU_00550,2.4799999999999995,76.75,48,4
STU_01007,2.7128571428571426,83.79999999999998,102,7
STU_01047,2.38,78.4,78,5
STU_01116,2.728333333333333,79.61666666666667,90,6
STU_01566,2.72,86.8,45,3
STU_01823,2.645,89.08749999999999,96,8
STU_01903,3.38,83.2,18,1
STU_01938,2.41,88.7,15,1
STU_01941,2.0999999999999996,76.7625,120,8
STU_02439,2.8340000000000005,91.42,90,5
STU_02678,2.23,76.3375,120,8
STU_02789,2.608333333333333,80.46666666666668,87,6
STU_03131,2.535,92.8,27,2
STU_03250,3.3850000000000002,91.1,60,4
STU_03352,2.801428571428571,82.57142857142857,84,7
STU_03404,2.835,86.35,30,2
STU_03549,3.1479999999999997,88.4,78,5
STU_03786,3.0,78.86666666666666,48,3
STU_04235,3.355,90.75,33,2
STU_04248,3.065,80.15,30,2
STU_04920,3.58,80.69999999999999,33,2
STU_05071,3.14,90.2,18,1
STU_05349,2.745,83.35,24,2
STU_05414,2.175,79.75,87,6
STU_05754,3.0799999999999996,88.375,120,8
STU_06004,2.2199999999999998,82.32499999999999,63,4
STU_06033,2.7099999999999995,78.73333333333333,57,3
STU_06160,1.83,82.65,36,2
STU_06181,2.6550000000000002,83.25,33,2
STU_06255,3.02,85.8,15,1
STU_06768,2.435,74.8,90,6
STU_07305,3.1366666666666667,89.66666666666667,51,3
STU_07557,2.6016666666666666,91.21666666666665,93,6
STU_08147,2.37,85.05000000000001,30,2
STU_08267,2.71,80.85714285714286,102,7
STU_08492,2.91,88.36666666666667,45,3
STU_08713,2.473333333333333,82.93333333333332,51,3
STU_04315,2.72,92.7,18,1
STU_07427,3.006,80.76,75,5
STU_00496,2.5700000000000003,81.22857142857143,102,7
STU_00524,2.8966666666666665,84.06666666666666,48,3
STU_00846,2.75,93.7,15,1
STU_00989,1.95,85.9,18,1
STU_01275,2.86,93.1,15,1
STU_01612,3.2216666666666662,88.31666666666668,72,6
STU_01766,2.145,94.85,24,2
STU_01890,2.57125,81.825,87,8
STU_02379,3.11,88.23333333333335,54,3
STU_02459,3.175,90.875,57,4
STU_02674,2.5200000000000005,82.38000000000001,54,5
STU_03105,2.783333333333333,83.63333333333334,90,6
STU_03535,2.776666666666667,83.76666666666667,45,3
STU_03850,2.84,84.725,120,8
STU_03927,3.12,88.3,18,1
STU_04314,2.89,82.33333333333333,36,3
STU_05310,3.3266666666666667,85.23333333333333,39,3
STU_05500,2.43,86.03333333333332,69,6
STU_05846,2.55875,91.42500000000001,120,8
STU_05970,2.9799999999999995,84.97999999999999,75,5
STU_06332,2.64,82.2,12,1
STU_06420,2.94,79.07499999999999,60,4
STU_06747,2.768333333333333,88.86666666666667,90,6
STU_07388,3.3449999999999998,92.25,60,4
STU_07479,3.1057142857142854,87.2,105,7
STU_07762,2.6012499999999994,79.3,120,8
STU_07894,2.6666666666666665,79.16666666666667,48,3
STU_08031,2.3537500000000002,80.08749999999999,123,8
STU_08232,2.605,83.1,30,2
STU_08538,2.56875,84.5125,96,8
STU_08561,1.8366666666666667,74.2,54,3
STU_08685,2.768333333333333,78.68333333333334,72,6
STU_08698,2.7640000000000002,88.0,72,5
STU_08447,2.4050000000000002,92.3,36,2
STU_00205,2.853333333333333,93.66666666666667,45,3
STU_00423,2.58,96.5,15,1
STU_00598,2.6749999999999994,78.23333333333333,87,6
STU_01107,2.97,76.8,15,1
STU_01507,2.2633333333333336,88.96666666666665,90,6
STU_01622,2.5999999999999996,90.2,27,2
STU_01760,3.1340000000000003,86.12,90,5
STU_01856,2.6233333333333335,83.93333333333332,90,6
STU_02235,2.166,83.12,84,5
STU_02292,3.1837500000000003,88.39999999999999,123,8
STU_02599,2.8333333333333335,80.53333333333333,36,3
STU_02879,2.605,84.25,144,8
STU_03028,2.83,83.9,78,5
STU_03428,2.73,80.6,18,1
STU_03524,2.2883333333333336,80.25,111,6
STU_03755,2.8037500000000004,76.825,120,8
STU_04024,2.7775,79.525,117,8
STU_04030,2.5749999999999997,91.7375,93,8
STU_04033,2.545,80.7,96,6
STU_04775,2.5125,81.275,69,4
STU_05047,2.52,86.92,78,5
STU_05076,2.6071428571428568,78.05714285714286,81,7
STU_05131,3.23,83.1,30,2
STU_05173,2.292857142857143,80.85714285714286,102,7
STU_05331,2.065,78.7,27,2
STU_05383,2.72,80.39999999999999,45,3
STU_05585,3.165,87.4,30,2
STU_06020,2.3485714285714283,84.3,132,7
STU_06045,3.01,94.9,18,1
STU_06422,2.447142857142857,83.91428571428571,102,7
STU_06626,2.864,83.64000000000001,78,5
STU_06731,2.44,88.7,18,1
STU_06930,2.7157142857142853,83.21428571428571,99,7
STU_07194,3.1371428571428575,83.85714285714286,108,7
STU_07201,2.981666666666667,75.60000000000001,93,6
STU_07430,2.94,87.2,12,1
STU_07535,3.0300000000000002,89.6,60,4
STU_07711,3.19,80.0,15,1
STU_08004,2.45,86.2,18,1
STU_08014,2.764285714285714,75.35714285714286,78,7
STU_08124,2.598,80.06,72,5
STU_08367,2.65,88.4,12,1
STU_08624,2.4800000000000004,81.85,24,2
STU_04439,2.59,81.6,15,1
STU_06127,2.4400000000000004,86.5,36,2
STU_07607,2.58,82.75,54,4
STU_00010,3.046666666666667,91.76666666666665,48,3
STU_00032,2.7399999999999998,92.38000000000001,63,5
STU_00278,2.54875,85.6375,117,8
STU_00288,2.67,82.06666666666668,66,6
STU_00896,2.03,82.86666666666666,57,3
STU_01136,2.2359999999999998,82.94000000000001,75,5
STU_01250,2.734,87.72,78,5
STU_01366,2.3666666666666667,83.26666666666667,36,3
STU_01881,2.4074999999999998,83.4375,141,8
STU_02059,2.50875,87.6125,123,8
STU_02135,2.2249999999999996,84.1,36,2
STU_02156,2.3485714285714283,88.15714285714287,129,7
STU_02445,2.9066666666666667,90.69999999999999,57,3
STU_02494,1.9520000000000004,82.26,96,5
STU_02730,2.703333333333333,84.86666666666666,39,3
STU_02757,2.718,86.06,63,5
STU_02786,2.508,91.08000000000001,93,5
STU_03016,2.895,87.5,24,2
STU_03123,3.48,95.5,12,1
STU_03179,3.06,84.53333333333333,96,6
STU_03196,3.1766666666666663,90.23333333333335,42,3
STU_03272,2.71,92.0,15,1
STU_03392,2.952,80.78,90,5
STU_03401,3.435,93.25,30,2
STU_03610,2.605,81.45,27,2
STU_03885,2.515,84.475,63,4
STU_04174,2.4183333333333334,85.63333333333333,84,6
STU_04422,2.671666666666667,89.98333333333335,72,6
STU_04453,3.08,100.0,12,1
STU_04645,3.565,94.95,30,2
STU_04750,2.5275000000000003,81.575,48,4
STU_05058,2.78,83.28,57,5
STU_05453,2.7680000000000002,93.38,93,5
STU_05802,3.3766666666666665,85.13333333333334,39,3
STU_05899,2.6950000000000003,82.77499999999999,117,8
STU_06084,2.4549999999999996,77.68333333333334,87,6
STU_06242,2.9025,79.0,57,4
STU_06291,2.63,85.03333333333333,45,3
STU_07184,1.8449999999999998,73.86666666666666,111,6
STU_07254,2.13,81.3,18,1
STU_07324,3.1,77.2,18,1
STU_07570,2.78,94.3,15,1
STU_07611,2.69,89.2,18,1
STU_08019,2.4975,89.85,57,4
STU_08552,2.8114285714285714,82.14285714285715,105,7
STU_08753,2.5949999999999998,71.85,36,2
STU_05529,3.335,94.575,60,4
STU_05549,2.9974999999999996,88.525,51,4
STU_05609,2.74,83.5,18,1
STU_00186,3.28,88.8,15,1
STU_00321,3.075,88.6,27,2
STU_00364,3.2249999999999996,84.6,33,2
STU_00392,2.8885714285714283,81.92857142857143,102,7
STU_00398,3.07,88.525,60,4
STU_00470,2.57,84.4,9,1
STU_00522,2.34375,84.075,93,8
STU_00539,3.64,89.6,15,1
STU_00555,2.7300000000000004,85.1,36,2
STU_00710,2.59375,83.825,123,8
STU_00734,1.99,88.1,18,1
STU_00941,2.494285714285714,80.25714285714285,105,7
STU_00997,2.8383333333333334,85.93333333333334,72,6
STU_01608,2.985,92.69999999999999,72,4
STU_01658,3.44,93.0,15,1
STU_01739,2.1975,77.10000000000001,93,8
STU_02044,2.575,84.2,33,2
STU_02722,3.115,86.35,21,2
STU_02992,2.64,96.3,18,1
STU_03129,3.0125,90.3,120,8
STU_03157,2.382857142857143,83.01428571428572,87,7
STU_03176,2.5500000000000003,85.5,36,3
STU_03207,2.71125,94.97500000000001,117,8
STU_03220,1.7049999999999998,76.64999999999999,105,6
STU_03657,2.7875,83.32499999999999,57,4
STU_03740,2.2185714285714284,80.88571428571427,126,7
STU_04211,2.885,80.4,24,2
STU_04285,1.685,90.9,33,2
STU_04672,3.05,83.2,12,1
STU_04825,2.41,82.93333333333334,45,3
STU_04958,2.605,87.25,36,2
STU_04997,2.295,95.05,36,2
STU_05342,2.532,85.48,78,5
STU_05610,3.0949999999999998,83.35,24,2
STU_05807,2.8825,90.775,57,4
STU_06173,3.455,92.25,30,2
STU_07058,3.017142857142857,80.75714285714287,105,7
STU_07177,1.715,91.5,33,2
STU_07226,2.385,87.575,60,4
STU_07630,1.925,87.45,33,2
STU_07869,3.035,91.1,30,2
STU_07903,2.5442857142857145,79.6857142857143,105,7
STU_07975,2.9916666666666667,82.13333333333334,90,6
STU_08412,2.665,84.6,27,2
STU_08417,2.355,85.15,27,2
STU_08485,2.7733333333333334,84.5,69,6
STU_07369,2.605,83.55000000000001,30,2
STU_08154,2.44,82.7,15,1
STU_00026,2.3739999999999997,80.17999999999999,69,5
STU_00122,2.47,91.3,15,1
STU_00220,2.4,85.0,18,1
STU_00792,2.685,86.53333333333335,69,6
STU_01183,2.643333333333333,85.13333333333334,36,3
STU_01674,2.67,84.26666666666667,39,3
STU_01883,3.05125,85.08749999999999,141,8
STU_02278,1.87,85.0,15,1
STU_02639,2.22,94.7,12,1
STU_02746,2.65125,80.1,93,8
STU_02946,2.626,90.44000000000001,72,5
STU_03233,2.49,92.0,27,2
STU_03285,2.89,86.825,45,4
STU_03436,2.1257142857142854,76.38571428571429,123,7
STU_03463,3.2433333333333336,90.16666666666667,45,3
STU_03527,2.1100000000000003,93.5,36,2
STU_03529,2.51,85.16666666666667,48,3
STU_03552,1.7950000000000002,86.525,72,4
STU_03692,3.07,83.9,21,1
STU_03817,2.4712500000000004,84.1125,120,8
STU_04874,1.77,76.25,39,2
STU_04937,2.94,87.39999999999999,45,3
STU_04995,2.79,83.6,12,1
STU_05277,2.23375,76.7625,99,8
STU_05280,2.8024999999999998,89.1,51,4
STU_05698,2.5516666666666667,85.56666666666668,90,6
STU_05708,3.285,93.18333333333334,93,6
STU_06114,3.43,93.96666666666665,54,3
STU_06197,2.831666666666667,78.28333333333333,93,6
STU_06430,2.4050000000000002,84.15,72,4
STU_06471,2.752,91.1,75,5
STU_06512,3.34,83.9,30,2
STU_06906,2.59,83.6,12,1
STU_07195,2.212857142857143,77.32857142857144,81,7
STU_07320,2.6616666666666666,81.73333333333333,90,6
STU_07666,2.7075,84.95,123,8
STU_08068,2.3199999999999994,89.08,75,5
STU_08207,2.675,85.55,72,4
STU_08865,2.391428571428572,84.87142857142858,126,7
STU_04518,2.665,89.2,24,2
STU_06296,2.2299999999999995,80.325,63,4
STU_00084,3.125,87.0,24,2
STU_00126,2.8185714285714285,84.35714285714286,108,7
STU_00246,2.4,90.14000000000001,60,5
STU_00273,2.36375,84.55,90,8
STU_00516,3.01,88.2,15,1
STU_00588,2.3166666666666664,90.3,45,3
STU_00623,2.97,85.7,39,3
STU_00728,2.465,86.67500000000001,57,4
STU_00866,2.19,85.89999999999999,60,4
STU_00979,2.98,87.28,63,5
STU_01083,2.7024999999999997,82.125,60,4
STU_01254,2.98,96.8,15,1
STU_01360,3.242,84.64,72,5
STU_01605,2.7474999999999996,79.37500000000001,111,8
STU_02104,2.925,84.45,60,4
STU_02294,2.07,87.9,69,4
STU_02405,2.495,92.55000000000001,30,2
STU_02684,3.5549999999999997,93.75,30,2
STU_02870,2.91625,84.8375,93,8
STU_03537,3.04,83.9,33,2
STU_03578,3.1675,84.225,51,4
STU_03823,3.231666666666667,84.61666666666666,84,6
STU_03828,2.7399999999999998,88.39999999999999,126,7
STU_03993,3.07,96.5,15,1
STU_04251,2.37,82.25,30,2
STU_04300,2.6860000000000004,81.97999999999999,60,5
STU_04451,2.6699999999999995,87.16,72,5
STU_04674,2.68,83.4,12,1
STU_04889,2.5237499999999997,84.6,117,8
STU_05755,2.7733333333333334,87.2,42,3
STU_06804,2.76,84.08333333333334,84,6
STU_07466,2.6340000000000003,89.97999999999999,75,5
STU_07504,2.9174999999999995,83.825,60,4
STU_07507,2.7150000000000003,92.2,51,4
STU_07545,2.8600000000000003,81.94000000000001,72,5
STU_07916,2.4479999999999995,87.92,93,5
STU_08008,2.62,94.9,15,1
STU_08768,2.487142857142857,89.37142857142858,81,7
STU_07329,3.0433333333333334,86.83333333333333,63,6
STU_00209,3.79,89.2,15,1
STU_00345,2.19875,78.80000000000001,126,8
STU_00714,2.2257142857142855,83.08571428571427,105,7
STU_00807,2.582,79.44000000000001,57,5
STU_00847,3.29,80.1,15,1
STU_01128,2.6050000000000004,87.7,30,2
STU_01180,2.5,84.4125,120,8
STU_01185,2.908333333333333,86.26666666666667,78,6
STU_01204,2.5799999999999996,84.10000000000001,105,7
STU_01329,2.51,85.65,30,2
STU_01473,3.29,78.52499999999999,60,4
STU_01480,2.7371428571428567,78.3,84,7
STU_01629,2.0,84.525,72,4
STU_01784,2.103333333333333,85.3,45,3
STU_01955,3.12,90.3,33,2
STU_01985,3.0412500000000002,83.3875,120,8
STU_02021,3.1220000000000003,84.61999999999999,75,5
STU_02114,1.95,91.8,12,1
STU_02287,2.4375,89.025,147,8
STU_02753,2.36,81.1125,126,8
STU_02769,2.1333333333333333,83.7,54,3
STU_02959,2.6450000000000005,77.8,81,6
STU_03182,3.4219999999999997,90.5,81,5
STU_03297,2.84,90.3,30,2
STU_03751,2.71,91.2,18,1
STU_04075,3.203333333333333,82.9,57,3
STU_04164,3.1275000000000004,78.775,66,4
STU_04343,2.86,86.0,12,1
STU_04738,2.775,86.94999999999999,54,4
STU_05016,2.698571428571429,88.27142857142859,81,7
STU_05038,2.818,83.42,72,5
STU_05228,2.8825,85.425,60,4
STU_05302,2.3200000000000003,80.47500000000001,63,4
STU_05457,2.35,88.6,18,1
STU_05561,1.5499999999999998,82.75,36,2
STU_05659,2.905,91.05000000000001,21,2
STU_05880,1.7042857142857142,83.31428571428572,126,7
STU_05996,2.736666666666667,85.75,93,6
STU_06116,2.96,87.875,72,4
STU_06205,2.7675,94.8,48,4
STU_06311,2.38,83.30000000000001,60,4
STU_06457,2.378,77.53999999999999,78,6
STU_06558,3.4699999999999998,87.15,30,2
STU_06628,2.388333333333333,84.64999999999999,90,6
STU_06867,2.24,91.0,33,2
STU_07065,2.39625,85.77499999999999,117,8
STU_07129,2.0549999999999997,82.9,39,2
STU_07183,3.355,86.75,30,2
STU_07688,2.5025,85.52499999999999,60,4
STU_07764,2.966666666666667,86.46666666666665,54,3
STU_08010,2.54,76.10000000000001,120,8
STU_08340,3.16,78.1,24,2
STU_08381,2.53125,85.8125,117,8
STU_08575,1.7057142857142857,77.62857142857142,120,7
STU_08729,2.6514285714285717,84.72857142857141,123,8
STU_05528,3.4000000000000004,90.25,27,2
STU_07107,3.31,88.36666666666667,30,3
STU_00135,3.0066666666666664,90.33333333333333,42,3
STU_00318,2.92,91.86666666666667,48,3
STU_00452,2.7600000000000002,80.55714285714285,102,7
STU_01132,3.0,100.0,15,1
STU_01287,1.77,89.85,36,2
STU_01371,2.9399999999999995,89.75,108,6
STU_01562,2.9375,85.525,51,4
STU_01742,3.03,88.26666666666667,45,3
STU_01745,2.478333333333333,80.26666666666667,96,6
STU_02012,2.8,82.525,60,4
STU_02054,2.9333333333333336,94.7,39,3
STU_02205,2.421666666666667,87.10000000000001,105,6
STU_02403,3.203333333333333,86.89999999999999,45,3
STU_02606,3.1020000000000003,79.68,60,5
STU_02783,2.8357142857142854,84.3,129,7
STU_02833,3.046666666666667,85.60000000000001,90,6
STU_02849,2.8499999999999996,87.64999999999999,60,4
STU_02853,2.74,91.63333333333334,45,3
STU_03003,2.6566666666666667,84.56666666666668,48,3
STU_03296,2.9166666666666665,85.5,45,3
STU_03506,3.15,80.3,15,1
STU_03623,3.1125,78.8,54,4
STU_03814,2.792857142857143,87.38571428571429,102,7
STU_03852,2.6666666666666665,89.5,45,3
STU_03884,2.7883333333333336,90.73333333333333,108,6
STU_04018,2.5485714285714285,86.39999999999999,102,7
STU_04020,3.02,87.5,15,1
STU_04304,2.808,81.46000000000001,75,5
STU_04386,3.33,91.1,30,2
STU_04494,2.49,94.3,18,1
STU_04531,2.16,83.58,84,5
STU_04754,3.154285714285714,80.04285714285716,105,7
STU_04760,3.24,87.7,12,1
STU_05023,2.855,84.25,72,6
STU_05073,3.3233333333333337,95.96666666666665,39,3
STU_05107,3.0666666666666664,79.33333333333333,45,3
STU_05221,3.11125,88.45,126,8
STU_05427,2.6514285714285712,85.15714285714286,108,7
STU_05460,2.7433333333333336,92.90000000000002,48,3
STU_05481,2.394,81.78,75,5
STU_05933,2.51,89.5,15,1
STU_05975,2.7359999999999998,79.16,75,5
STU_06507,2.143333333333333,92.73333333333333,42,3
STU_06852,2.5316666666666667,84.08333333333333,75,6
STU_06999,2.1740000000000004,81.52000000000001,90,5
STU_07587,2.54,76.15,57,4
STU_07774,3.076,77.24000000000001,75,5
STU_08034,2.49125,84.1125,93,8
STU_08168,2.0,78.3,36,2
STU_08280,2.81,89.19999999999999,36,2
STU_08397,2.6199999999999997,85.55,72,4
STU_08544,2.93,88.4,15,1
STU_08567,2.71,93.2,15,1
STU_08736,3.0033333333333334,89.03333333333335,45,3
STU_08844,2.506666666666667,88.39999999999999,90,6
STU_06664,2.87,84.9125,147,8
STU_07113,2.607142857142857,87.64285714285714,87,7
STU_07371,1.9783333333333333,81.76666666666667,72,6
STU_00257,2.733333333333334,81.83333333333333,33,3
STU_00483,2.83,90.2,15,1
STU_00607,2.275,86.77499999999999,57,4
STU_00787,2.56,83.93333333333334,45,3
STU_00875,3.5,89.6,15,1
STU_01601,2.7625,86.85,54,4
STU_01830,2.7,91.0,21,1
STU_01904,2.81,77.53333333333333,36,3
STU_02099,2.7125,91.95000000000002,60,4
STU_02141,2.3714285714285714,77.85714285714286,102,7
STU_02255,3.085,83.175,60,4
STU_02317,2.3837499999999996,81.1875,123,8
STU_02592,3.152857142857143,83.65714285714286,81,7
STU_02635,1.21,85.05,36,2
STU_02747,2.8499999999999996,82.5,36,2
STU_02762,3.13,85.55,60,4
STU_02779,2.83,89.5,18,1
STU_02964,2.3,90.4,15,1
STU_03169,2.97,82.4,15,1
STU_03311,2.6666666666666665,82.76666666666667,45,3
STU_03621,3.1950000000000003,89.775,57,4
STU_03789,2.4233333333333333,83.66666666666666,42,3
STU_03806,2.69,90.9,12,1
STU_03916,2.69,98.3,12,1
STU_04410,3.3016666666666663,81.7,75,6
STU_04819,2.59,90.6,18,1
STU_05357,3.535,85.05,36,2
STU_05409,2.7725,92.5,60,4
STU_05470,2.895,86.28333333333335,93,6
STU_05702,2.6133333333333333,89.46666666666665,42,3
STU_05808,2.255,83.95,36,2
STU_05874,2.4974999999999996,85.8875,120,8
STU_06029,3.38,93.6,15,1
STU_06065,2.945,87.30000000000001,60,4
STU_06317,2.62,82.52000000000001,72,5
STU_06600,2.83,90.40000000000002,42,3
STU_06922,3.0,83.9,33,2
STU_06958,3.6500000000000004,98.0,30,2
STU_06983,2.37,84.6,15,1
STU_07007,2.4125,84.525,60,4
STU_07138,2.826,86.52000000000001,72,5
STU_07242,2.7399999999999998,87.91428571428571,84,7
STU_07344,3.21,91.7,15,1
STU_07361,2.812,88.28,78,5
STU_08098,2.4299999999999997,85.65,60,4
STU_08266,2.3,84.1,15,1
STU_08343,2.88,100.0,15,1
STU_08577,3.0375,91.05,60,4
STU_08593,2.83,81.75,63,4
STU_08660,3.395,85.725,57,4
STU_08739,2.69,85.03333333333333,66,6
STU_06707,2.9774999999999996,76.6,57,4
STU_06830,2.902,88.03999999999999,78,5
STU_08156,2.48,87.97500000000001,66,4
STU_00384,2.4,88.0,30,2
STU_00984,2.15,93.63333333333333,42,3
STU_01339,2.495,83.225,120,8
STU_01375,2.3475,78.8,63,4
STU_01445,2.2314285714285713,85.44285714285715,99,7
STU_01500,2.38,79.125,69,4
STU_01668,2.79,75.45,57,4
STU_01744,2.1766666666666663,86.56666666666666,51,3
STU_01800,2.9699999999999998,83.55,114,8
STU_01958,3.1014285714285714,88.3,102,7
STU_02102,3.4775,87.94999999999999,72,4
STU_02330,2.2199999999999998,80.80000000000001,27,2
STU_02429,2.7875,89.025,60,4
STU_02634,2.4975,81.51250000000002,123,8
STU_02742,3.1875,85.625,48,4
STU_03764,2.6500000000000004,88.05,60,4
STU_04689,3.485,90.80000000000001,33,2
STU_04836,3.1200000000000006,83.05,93,6
STU_04899,3.2100000000000004,88.33333333333333,57,3
STU_04985,2.635,82.35,33,2
STU_05000,2.7074999999999996,83.95,57,4
STU_05024,2.5125,86.69999999999999,54,4
STU_05091,2.83,98.2,15,1
STU_05316,2.59,83.58,72,5
STU_05469,2.8957142857142855,86.10000000000001,84,7
STU_05489,1.8599999999999997,88.66666666666667,54,3
STU_05780,3.194,88.41999999999999,78,5
STU_05839,2.6533333333333333,78.91666666666667,87,6
STU_06017,2.942857142857143,88.31428571428572,126,7
STU_06080,2.93,76.97500000000001,60,4
STU_06515,2.23,81.7,18,1
STU_06607,3.055,84.475,78,4
STU_06623,3.0483333333333333,84.51666666666667,90,6
STU_06761,2.136,89.93999999999998,78,5
STU_06807,2.87375,80.97500000000001,108,8
STU_07192,2.8042857142857147,82.74285714285715,105,7
STU_07376,2.2750000000000004,98.45,30,2
STU_07447,3.364,87.43999999999998,78,5
STU_07684,2.611666666666667,86.73333333333333,90,6
STU_08043,2.358333333333333,85.01666666666667,87,6
STU_08249,2.7199999999999998,88.675,48,4
STU_08277,2.8725,92.95,75,4
STU_08720,3.22,85.5,12,1
STU_08760,2.0887499999999997,85.68750000000001,93,8
STU_08769,2.7600000000000002,87.225,60,4
STU_06827,1.9575,86.525,72,4
STU_00333,3.12,85.6,15,2
STU_01008,2.796666666666667,78.2,87,6
STU_01020,3.0785714285714287,89.29999999999998,123,7
STU_01148,2.8833333333333333,81.80000000000001,45,3
STU_01292,2.715,87.225,51,4
STU_01567,2.7649999999999997,82.85,30,2
STU_02254,2.7275,78.85,63,4
STU_02385,2.8433333333333337,86.73333333333335,51,3
STU_02488,2.3949999999999996,87.1,36,2
STU_02651,2.7099999999999995,90.66666666666667,45,3
STU_03094,2.985,88.05,30,2
STU_03104,2.966666666666667,83.33333333333334,87,6
STU_03389,2.3400000000000003,84.23333333333333,57,3
STU_03495,2.9579999999999997,86.7,75,5
STU_03526,3.6399999999999997,99.25,33,2
STU_03553,2.7750000000000004,91.6,27,2
STU_03577,2.525,88.5,126,8
STU_03649,2.99,79.3,15,1
STU_03868,2.4775,78.33749999999999,123,8
STU_03958,3.37,94.4,18,1
STU_04813,2.615,85.05000000000001,24,2
STU_05597,2.4475,84.17500000000001,99,8
STU_05599,2.91,88.1,15,1
STU_05687,3.393333333333333,88.60000000000001,45,3
STU_05915,3.375,84.225,72,4
STU_06018,2.3333333333333335,83.16666666666667,39,3
STU_06520,2.48,80.3,18,1
STU_06938,3.165,80.9,30,2
STU_06951,2.425,90.55,24,2
STU_07091,2.75,90.5,15,1
STU_07147,2.51,82.55999999999999,72,5
STU_07181,3.69,87.2,15,1
STU_07217,2.1,90.46666666666668,54,3
STU_07410,2.4266666666666667,83.5,45,3
STU_07436,2.09,87.25,30,2
STU_07465,2.6871428571428573,82.37142857142858,99,7
STU_07513,2.675,87.25,27,2
STU_07555,2.61,86.85000000000001,90,6
STU_08655,3.03,89.4,18,1
STU_08670,3.1499999999999995,85.84285714285714,105,7
STU_05938,2.615,85.75,93,6
STU_06229,2.9825,82.7,63,4
STU_07517,2.7,88.5,15,1
STU_07818,2.25,83.0,15,1
STU_08102,2.9766666666666666,87.43333333333334,45,3
STU_00119,2.9375,84.4125,96,8
STU_00369,2.91,93.8,12,1
STU_00463,2.365,79.7,24,2
STU_00478,3.037142857142858,88.8,102,7
STU_00492,2.976,86.34,75,5
STU_00508,2.818,84.38,57,5
STU_01004,2.0325,80.48750000000001,117,8
STU_01574,2.984,86.14000000000001,60,5
STU_02310,2.48,90.7,9,1
STU_02378,3.29,92.3,60,4
STU_02446,2.355,82.61666666666667,90,6
STU_02607,2.3099999999999996,82.425,120,8
STU_03080,1.8775,94.025,75,4
STU_03099,2.0575,88.75,48,4
STU_03432,3.25,92.7,21,1
STU_03925,2.3600000000000003,84.4,30,2
STU_03974,3.2814285714285716,88.64285714285714,81,7
STU_03985,2.7675,86.425,63,4
STU_04282,2.162,83.78,63,5
STU_04554,1.955,87.7,30,2
STU_04631,2.53,89.43333333333334,45,3
STU_05196,2.3533333333333335,89.56666666666666,105,6
STU_05284,2.56,85.1,36,3
STU_05391,2.353333333333333,81.41666666666667,87,6
STU_05517,2.892,85.97999999999999,60,5
STU_05776,2.495,85.48333333333333,72,6
STU_05934,3.3600000000000003,81.5,30,2
STU_06151,2.298571428571428,88.94285714285715,102,7
STU_06714,2.6166666666666667,88.66666666666667,36,3
STU_07137,2.255,86.2,57,4
STU_07493,3.073333333333333,85.91666666666667,90,6
STU_08187,2.54375,84.58749999999999,126,8
STU_08812,2.67,86.7,48,3
STU_05744,2.4666666666666663,81.08333333333333,72,6
STU_00011,3.3949999999999996,76.15,51,4
STU_00033,3.37,93.225,66,4
STU_00136,2.395,93.80000000000001,21,2
STU_00201,2.527142857142857,78.74285714285715,84,7
STU_00462,3.1150000000000007,85.1,117,8
STU_00610,2.6966666666666668,91.83333333333333,45,3
STU_00626,2.6471428571428572,89.0,108,7
STU_00862,1.6,79.8,21,1
STU_01048,2.5785714285714283,86.41428571428571,108,7
STU_01229,2.6533333333333333,85.81666666666666,111,6
STU_01289,2.865,82.5,24,2
STU_01325,2.035,78.95,30,2
STU_01465,2.30125,86.10000000000001,90,8
STU_02423,2.97,84.6,12,1
STU_02616,3.0125,77.80000000000001,114,8
STU_02706,2.546,83.22,75,6
STU_02869,3.13,82.05,30,2
STU_02899,2.1928571428571426,76.1857142857143,105,7
STU_03001,1.94,83.67499999999998,72,4
STU_03219,2.6133333333333333,87.16666666666667,54,3
STU_03247,2.53,80.36666666666667,45,3
STU_03325,2.54,84.4,18,1
STU_03333,2.56875,87.05,123,8
STU_03335,1.885,87.15,36,2
STU_03429,2.3783333333333334,83.33333333333333,93,6
STU_03546,2.6025,90.025,60,4
STU_03588,2.06,82.6,42,2
STU_03622,2.47,90.0,12,1
STU_03747,3.00625,81.725,120,8
STU_03750,3.11,92.27499999999999,60,4
STU_04261,1.718,82.0,90,5
STU_04592,2.785,87.25,60,4
STU_04801,2.7528571428571427,79.6285714285714,105,7
STU_05044,2.685,88.80000000000001,33,2
STU_05255,2.7971428571428567,88.7,129,7
STU_05542,3.045,88.5,30,2
STU_06085,2.4000000000000004,82.52499999999999,54,4
STU_06100,2.3075,85.1,60,4
STU_06262,2.4716666666666667,88.71666666666665,75,6
STU_06609,2.9,80.5,12,1
STU_06704,2.59,87.3,18,1
STU_06893,2.6599999999999997,88.06666666666666,90,6
STU_06992,2.7879999999999994,89.7,90,5
STU_06997,2.82625,85.4625,99,8
STU_07128,2.90125,79.975,117,8
STU_07287,2.8166666666666664,91.03333333333332,48,3
STU_07998,2.12,88.0,15,1
STU_08293,2.3200000000000003,76.1,27,2
STU_08322,2.86,88.125,60,4
STU_08731,2.13,95.8,21,1
STU_05565,1.9133333333333333,76.13333333333334,57,3
STU_06235,2.84,84.38,75,5
STU_08709,3.14,91.3,18,1
STU_00056,3.16,98.2,18,1
STU_00123,2.878571428571429,78.65714285714284,81,7
STU_00800,2.96,89.05,24,2
STU_00834,2.646,88.16,78,5
STU_00955,2.645,86.0,30,2
STU_01027,3.03,95.0,15,1
STU_01552,2.575,89.0,27,2
STU_01614,3.5,86.5,45,3
STU_01617,3.043333333333333,87.76666666666667,33,3
STU_01946,2.76,86.75,30,2
STU_02050,3.436666666666667,83.8,45,3
STU_02221,3.16,94.9,15,1
STU_02428,2.8799999999999994,89.36666666666667,45,3
STU_02813,2.1314285714285712,87.34285714285716,102,7
STU_03110,2.6,86.8,18,1
STU_03229,3.44,91.25,33,2
STU_03356,2.7999999999999994,87.8,45,3
STU_03554,2.901666666666667,83.93333333333334,90,6
STU_03955,3.39,92.4,12,1
STU_03960,2.16,94.6,18,1
STU_03971,2.64125,87.78750000000001,117,8
STU_04621,3.375,87.8,27,2
STU_05045,2.86,81.58333333333333,72,6
STU_05793,2.763333333333333,84.7,45,3
STU_06264,3.04,91.35,39,2
STU_06340,2.9933333333333336,78.16666666666666,90,6
STU_06538,2.6320000000000006,79.52000000000001,72,5
STU_06591,2.9050000000000007,84.91250000000001,96,8
STU_06606,2.84,78.65,120,8
STU_06883,2.67,84.68333333333334,90,6
STU_06933,3.05,92.8,12,1
STU_06949,2.8175,80.0875,117,8
STU_06966,2.6075,81.0375,93,8
STU_07131,2.983333333333333,85.31666666666668,87,6
STU_07208,2.85,94.3,18,1
STU_07234,2.5725,77.7,93,8
STU_07379,3.56,95.7,15,1
STU_07498,3.1639999999999997,82.84,60,5
STU_07599,3.41,87.0,15,1
STU_07968,2.6950000000000003,80.4,27,2
STU_08191,2.455,89.9,33,2
STU_08329,3.0533333333333332,85.03333333333332,69,6
STU_08623,2.83,81.85,30,2
STU_08741,2.6,93.4,12,1
STU_08747,2.48,79.56666666666666,45,3
STU_07374,2.4833333333333334,82.06666666666666,45,3
STU_07719,3.033333333333333,90.23333333333335,39,3
STU_00061,3.24,88.46666666666665,39,3
STU_00173,2.6199999999999997,92.3,48,3
STU_00184,2.5599999999999996,82.45,30,2
STU_00306,2.71,86.35,33,2
STU_00689,3.0300000000000002,85.75,24,2
STU_00707,3.185,81.69999999999999,48,4
STU_00788,2.41,84.8,36,2
STU_01146,2.9133333333333336,86.39999999999999,36,3
STU_01300,2.045,88.6,36,2
STU_01587,2.562,81.84,57,5
STU_01952,2.45,93.1,18,1
STU_02055,2.99,86.9,15,1
STU_02203,2.34,87.6,51,4
STU_02436,3.79,92.0,15,1
STU_02470,2.995,76.7,30,2
STU_02475,3.32,89.6,15,1
STU_02490,2.691428571428571,79.34285714285714,99,7
STU_02526,2.7533333333333334,88.83333333333333,33,3
STU_02531,2.828333333333333,93.60000000000001,102,6
STU_02576,3.3,92.7,15,1
STU_02738,2.4924999999999997,87.425,48,4
STU_03103,2.916,85.4,72,5
STU_04095,2.354,83.3,78,5
STU_04119,2.83,85.80000000000001,36,2
STU_04305,3.49,87.7,15,1
STU_04632,1.42,80.95,36,2
STU_05438,2.04,84.5,75,4
STU_05445,2.3350000000000004,83.36666666666666,99,6
STU_05560,2.5925000000000002,84.46249999999999,123,8
STU_05767,2.2100000000000004,78.23333333333333,48,3
STU_05822,3.268,81.05999999999999,75,5
STU_05917,2.5433333333333334,85.48333333333335,69,6
STU_06276,2.2,81.6,12,1
STU_06556,2.9125,96.375,54,4
STU_06670,2.7275000000000005,92.275,63,4
STU_06706,2.455,86.25,24,2
STU_06710,2.67,74.03750000000001,120,8
STU_06744,2.54,89.80000000000001,30,2
STU_07005,2.4883333333333337,86.78333333333332,93,6
STU_07522,2.707142857142857,81.3142857142857,102,7
STU_07756,2.64,86.9,18,1
STU_07871,1.7,90.9,15,1
STU_08096,2.605,81.6125,120,8
STU_08351,2.98875,85.85,123,8
STU_08380,2.61875,85.2125,126,8
STU_08809,2.9,92.05,30,2
STU_05619,2.65,90.65,30,2
STU_06728,2.79,89.0,18,1
STU_00001,2.484,80.32000000000001,78,5
STU_00137,2.3833333333333333,82.86666666666666,39,3
STU_00245,2.6733333333333333,88.03333333333335,39,3
STU_00332,3.325,94.25,30,2
STU_00494,2.6125000000000003,84.25,120,8
STU_00590,2.915,85.625,63,4
STU_00819,3.09,87.7,15,1
STU_00874,2.81,87.5,15,1
STU_01084,2.96,91.0,15,1
STU_01347,2.5733333333333337,76.28333333333332,87,6
STU_01451,2.858333333333333,77.01666666666667,69,6
STU_01726,2.67,82.1,24,2
STU_01979,3.3266666666666667,87.3,51,3
STU_02073,2.951666666666666,86.13333333333334,72,6
STU_02413,2.9749999999999996,83.1875,117,8
STU_02492,2.603333333333333,88.59999999999998,42,3
STU_02732,3.265,94.85,33,2
STU_02761,2.58,81.94999999999999,39,2
STU_03006,3.015,83.75,93,6
STU_03132,2.53,83.1,15,1
STU_03149,2.408,83.72,87,5
STU_03199,2.89,84.975,48,4
STU_03292,3.0260000000000002,87.97999999999999,93,5
STU_03369,2.7325000000000004,94.77499999999999,60,4
STU_03393,2.93,85.4,15,1
STU_03493,2.15,93.2,15,1
STU_03563,2.705,89.25,30,2
STU_03638,2.5250000000000004,84.94999999999999,39,2
STU_03695,2.725,91.8,30,2
STU_05033,2.9325,84.225,48,4
STU_05104,2.8075,92.69999999999999,60,4
STU_05194,2.9149999999999996,90.4,117,8
STU_05411,2.23,88.82500000000002,75,4
STU_05614,3.1,89.425,60,4
STU_05786,2.5166666666666666,88.76666666666667,93,6
STU_05787,2.6942857142857135,82.12857142857142,84,7
STU_06435,2.8449999999999998,88.19999999999999,66,4
STU_06453,2.996,92.22,72,5
STU_07002,2.6966666666666668,90.48333333333333,69,6
STU_07442,3.1,92.59999999999998,48,3
STU_07614,2.9579999999999997,86.2,78,5
STU_08229,3.4200000000000004,85.06666666666666,45,3
STU_08244,2.88,80.625,57,4
STU_08376,2.953333333333333,85.45,93,6
STU_08730,2.7475,85.525,45,4
STU_08784,2.045,84.35,33,2
STU_05159,2.68,93.1,18,1
STU_06709,2.9083333333333337,84.13333333333334,90,6
STU_07429,2.6966666666666668,98.06666666666666,45,3
STU_08444,2.85,90.3,27,2
STU_00206,2.2,80.9,36,2
STU_00484,2.725,84.61666666666667,90,6
STU_00502,2.455,85.7,33,2
STU_01072,2.08,92.0,33,2
STU_01209,2.8625,78.39999999999999,93,8
STU_01212,2.52,85.7,15,1
STU_01486,2.92,90.2,18,1
STU_01577,2.0533333333333332,79.46666666666668,45,3
STU_01891,3.19,89.3,15,1
STU_01926,2.732857142857143,82.2,132,7
STU_01940,2.581666666666667,85.28333333333333,72,6
STU_02118,2.2462500000000003,81.58749999999999,120,8
STU_02519,2.95,89.35,30,2
STU_02767,3.096666666666667,80.95,75,6
STU_02845,2.3871428571428575,85.31428571428572,105,8
STU_03181,2.3600000000000003,87.4,36,2
STU_03208,2.35,76.12,78,5
STU_03424,2.34,78.7,18,1
STU_03562,2.7987500000000005,90.3125,120,8
STU_03637,2.411428571428572,83.35714285714286,84,7
STU_03741,2.2566666666666664,85.69999999999999,93,6
STU_03825,3.665,89.80000000000001,21,2
STU_03836,2.91,82.10000000000001,90,6
STU_03849,2.4775,83.275,60,4
STU_03978,2.306,84.47999999999999,60,5
STU_04163,3.055,81.7,30,2
STU_04185,2.7275,86.77499999999999,48,4
STU_04365,2.55,97.15,30,2
STU_04620,2.49875,75.825,96,8
STU_04745,2.64,88.0,15,1
STU_04987,2.335,84.375,69,4
STU_05587,2.7240000000000006,81.56,75,5
STU_05673,2.7685714285714282,81.72857142857143,81,7
STU_06034,2.745,89.0,30,2
STU_06338,2.6525,86.75,48,4
STU_06903,2.555,81.80000000000001,75,4
STU_06954,2.90625,86.6375,126,8
STU_07612,3.315,86.5,30,2
STU_07729,2.4957142857142856,80.72857142857143,99,7
STU_08048,2.56,86.59999999999998,45,3
STU_08297,2.3049999999999997,82.65,30,2
STU_04428,2.792,85.08,75,5
STU_05937,2.83,94.2,15,1
STU_07105,2.184285714285714,85.2857142857143,105,7
STU_08704,2.7887500000000003,87.28750000000001,120,8
STU_00343,2.678333333333333,85.91666666666667,87,6
STU_00595,2.46,83.925,51,4
STU_01070,2.7399999999999998,89.73333333333335,45,3
STU_01089,3.0866666666666664,91.26666666666665,36,3
STU_01103,3.2633333333333336,84.64999999999999,93,6
STU_01169,3.2624999999999997,88.98750000000001,141,8
STU_01490,2.4785714285714286,80.22857142857141,87,7
STU_01556,2.7737499999999997,79.3,114,8
STU_02023,2.89,94.33333333333333,54,4
STU_02082,2.508,90.5,75,5
STU_02152,2.57,82.325,51,4
STU_02232,2.4433333333333334,82.10000000000001,45,3
STU_02251,3.27,90.23333333333333,39,3
STU_02415,2.9483333333333337,89.41666666666667,93,6
STU_02506,3.104,90.74,78,5
STU_02529,2.6133333333333333,89.86666666666667,54,3
STU_02539,2.38,83.4,18,1
STU_02585,3.03,99.2,15,1
STU_02919,2.7325,87.0,57,4
STU_03019,3.71,83.6,15,1
STU_03222,2.4275,83.55000000000001,57,4
STU_03265,2.603333333333333,86.56666666666666,54,3
STU_03656,3.2,90.75,36,2
STU_03765,2.708,87.35999999999999,75,5
STU_03909,3.3633333333333333,91.39999999999999,69,6
STU_03964,2.5442857142857145,77.39999999999999,102,7
STU_03989,2.36,95.4,15,1
STU_03995,2.598,86.32,87,5
STU_03998,1.9962499999999999,82.2,123,8
STU_04028,2.951428571428572,81.10000000000001,102,7
STU_04029,3.1650000000000005,84.45,111,6
STU_04133,2.9037499999999996,85.375,135,8
STU_04354,2.3874999999999997,90.1125,120,8
STU_04682,2.7183333333333333,81.55,102,6
STU_04832,2.7620000000000005,84.54,63,5
STU_04984,2.69,91.6,12,1
STU_05612,2.84,87.0,15,1
STU_05790,2.9579999999999997,85.9,75,5
STU_05881,2.6025,87.575,57,4
STU_05897,2.6875,92.2875,120,8
STU_06068,2.8275,87.80000000000001,63,4
STU_06445,3.01,83.5,9,1
STU_06734,2.79875,86.9125,147,8
STU_07122,2.72,90.5125,114,8
STU_07362,2.893333333333333,88.93333333333332,54,3
STU_07459,3.17,89.1,12,1
STU_07709,2.4299999999999997,76.125,63,4
STU_08087,3.53,90.8,15,1
STU_08216,2.9299999999999997,82.63750000000002,120,8
STU_08224,2.5585714285714287,84.39999999999999,129,7
STU_08407,3.08,94.25,36,2
STU_08837,1.73,90.9,18,1
STU_05140,3.1100000000000003,90.35,36,2
STU_07925,2.6233333333333335,86.8,42,3
STU_00171,1.91,84.23333333333333,54,3
STU_00362,2.427142857142857,78.37142857142858,87,7
STU_00927,2.435,92.25,33,2
STU_01395,2.8739999999999997,84.79999999999998,72,5
STU_01407,2.9657142857142853,87.82857142857142,102,7
STU_01510,2.4733333333333336,80.83333333333333,54,3
STU_01543,3.4499999999999997,84.60000000000001,45,3
STU_01635,2.7399999999999998,83.10000000000001,54,3
STU_01720,3.0650000000000004,87.4,24,2
STU_01936,2.355,91.85,24,2
STU_02110,2.73,95.0,45,3
STU_02134,3.2,86.25,24,2
STU_02432,2.25,79.2,33,2
STU_02477,3.216666666666667,89.71666666666665,93,6
STU_02525,2.4625000000000004,91.46249999999999,117,8
STU_02621,2.6433333333333335,86.3,36,3
STU_02750,2.6999999999999997,86.63333333333333,33,3
STU_03319,2.8875,93.35000000000001,60,4
STU_03388,2.6479999999999997,78.7,75,5
STU_03646,2.92,87.5,30,2
STU_03924,3.0666666666666664,74.13333333333334,39,3
STU_04131,2.33,81.94000000000001,75,5
STU_04264,2.531428571428571,80.29999999999998,105,7
STU_04387,3.0887499999999997,84.6125,141,8
STU_04470,3.3633333333333333,85.46666666666665,45,3
STU_04482,2.055,86.80000000000001,57,4
STU_04492,2.17,86.2,15,1
STU_04693,2.351666666666667,76.13333333333334,93,6
STU_04727,2.6533333333333333,93.0,36,3
STU_04839,2.215,92.65,39,2
STU_04853,2.6900000000000004,89.4,30,2
STU_05014,2.4875000000000003,75.01249999999999,123,8
STU_05132,2.9425,90.15,57,4
STU_05202,2.92,90.1,33,2
STU_05276,2.39,88.6,30,2
STU_05405,2.9171428571428573,91.24285714285713,90,7
STU_05820,2.2624999999999997,78.6125,120,8
STU_06086,3.0575,85.575,60,4
STU_06192,2.725,84.45,144,8
STU_06684,2.1399999999999997,84.0,51,4
STU_06767,2.8760000000000003,83.62,57,5
STU_06899,1.87,83.8,18,1
STU_06904,2.844285714285714,88.41428571428571,102,7
STU_06986,2.65875,82.53750000000001,114,8
STU_07227,2.776,82.62,78,5
STU_07947,2.8442857142857143,86.58571428571429,108,7
STU_07949,2.3599999999999994,79.94000000000001,75,5
STU_07981,2.186,82.88000000000001,60,5
STU_08047,3.055,88.67500000000001,48,4
STU_08142,2.25,86.5,24,2
STU_08220,3.66,86.4,27,2
STU_08290,2.83,92.1,18,1
STU_08294,2.9499999999999997,81.03333333333335,45,3
STU_08820,3.02,88.4,15,1
STU_07418,2.09,91.2,18,1
STU_00465,2.58375,85.01249999999999,93,8
STU_00633,2.313333333333333,82.2,51,3
STU_00669,2.6239999999999997,83.58,93,5
STU_00680,2.77,86.94999999999999,24,2
STU_01019,2.7,88.25,21,2
STU_01033,2.8233333333333337,82.80000000000001,54,3
STU_01225,3.0100000000000002,88.83333333333333,54,3
STU_01523,2.2575,88.475,72,4
STU_01630,2.38875,84.26249999999999,147,8
STU_01697,2.93,88.05000000000001,60,4
STU_03042,2.47,78.2,15,1
STU_03241,2.5675,76.00000000000001,126,8
STU_03326,2.365,88.9,30,2
STU_03593,2.973333333333333,87.46666666666665,42,3
STU_03636,3.0333333333333337,83.23333333333333,33,3
STU_03720,2.7257142857142855,84.47142857142856,102,7
STU_04032,2.5585714285714287,84.35714285714286,84,7
STU_04121,2.758333333333333,86.65000000000002,75,6
STU_04485,2.2199999999999998,81.85,30,2
STU_04642,2.236666666666667,86.46666666666665,45,3
STU_04732,2.86,79.2,15,1
STU_05036,2.768333333333334,86.38333333333333,84,7
STU_05043,1.7449999999999999,82.7,36,2
STU_05092,3.67,87.9,18,1
STU_06148,1.8566666666666665,75.71666666666667,111,6
STU_06301,2.2625,81.0,60,4
STU_06302,2.5,85.8,36,3
STU_06351,2.9050000000000002,86.94999999999999,33,2
STU_06699,2.545,88.625,51,4
STU_07321,2.91,89.03333333333332,57,3
STU_07474,2.782,86.96000000000001,60,5
STU_07487,3.28,91.59999999999998,57,3
STU_07690,1.812,78.82,87,5
STU_08078,3.0260000000000002,86.96,63,5
STU_08118,2.83,89.3,15,1
STU_08164,2.967142857142857,87.3714285714286,102,7
STU_08169,3.025,85.9,39,2
STU_08304,1.6014285714285716,78.87142857142858,129,7
STU_05739,2.8875,76.525,60,4
STU_06666,2.745,91.94999999999999,21,2
STU_07639,3.5366666666666666,80.43333333333334,42,3
STU_07816,3.08,90.93333333333334,36,3
STU_00007,2.5042857142857144,76.45714285714284,102,7
STU_00041,2.24,89.0,24,2
STU_01340,2.458571428571428,83.22857142857143,108,7
STU_01970,2.54375,80.01249999999999,123,8
STU_02147,1.8500000000000003,87.76666666666665,54,3
STU_02315,2.096,83.6,75,5
STU_02659,2.92,92.7,30,2
STU_02850,1.83,74.3,18,1
STU_03519,2.7971428571428567,81.14285714285714,102,7
STU_03845,2.4975,86.075,75,4
STU_03979,2.856666666666667,81.43333333333332,45,3
STU_03986,3.12,90.4,12,1
STU_04724,2.2775,81.45,75,4
STU_04747,2.56,89.38,87,5
STU_04842,2.723333333333333,84.03333333333333,39,3
STU_04928,3.018333333333333,89.93333333333334,72,6
STU_05008,2.69,87.3,15,1
STU_05111,1.87,83.8,18,1
STU_05290,2.585714285714286,83.75714285714285,108,7
STU_05372,2.81,92.0,15,1
STU_05840,3.04,90.2,15,1
STU_05864,2.326,78.32000000000001,75,5
STU_06096,2.026666666666667,91.66666666666667,54,3
STU_06446,2.412857142857143,85.51428571428572,78,7
STU_06458,3.228,87.88,72,5
STU_06900,2.6100000000000003,74.93999999999998,75,5
STU_07143,2.9699999999999998,83.25,30,2
STU_07560,2.94,88.13333333333333,45,3
STU_07992,2.9575,89.0,60,4
STU_08162,2.786,83.50000000000001,81,5
STU_08332,2.3899999999999997,89.63333333333333,48,3
STU_08682,3.2925,88.525,144,8
STU_07569,2.58,89.38,66,5
STU_00872,2.36,88.13333333333333,48,3
STU_00913,2.478,79.6,78,5
STU_01787,3.0599999999999996,92.03999999999999,66,5
STU_01820,2.13,85.4,15,1
STU_01826,2.9116666666666666,80.25,93,6
STU_02011,2.5425000000000004,89.5,60,4
STU_02107,3.0525,84.475,60,4
STU_02288,2.665,90.10000000000001,63,4
STU_02400,3.05,92.3,15,1
STU_02553,3.22,89.28,78,5
STU_02617,2.7528571428571427,83.8142857142857,126,7
STU_02630,2.3,95.2,15,1
STU_02666,2.474285714285714,86.88571428571429,123,7
STU_02715,2.51,87.0,36,2
STU_02806,2.63,88.3,15,1
STU_03184,2.885,83.05,33,2
STU_03575,2.3325,92.60000000000001,60,4
STU_03900,3.4850000000000003,85.75,36,2
STU_04806,2.3633333333333333,85.16666666666667,36,3
STU_06097,2.925,86.425,48,4
STU_06098,2.77,81.11999999999999,63,5
STU_06138,3.04,85.8,30,2
STU_06177,3.0066666666666664,91.86666666666667,39,3
STU_06575,3.2640000000000002,88.75999999999999,93,5
STU_06968,3.02,95.4,15,1
STU_07033,2.47,85.63333333333334,108,6
STU_07481,2.17,82.05000000000001,96,8
STU_08174,2.6,81.89999999999999,111,7
STU_08318,3.01,89.18749999999999,120,8
STU_08487,2.7375,86.025,60,4
STU_08584,2.526666666666667,90.7,36,3
STU_08850,2.443333333333333,88.10000000000001,45,3
STU_05629,2.475,86.1,24,2
STU_00299,2.668,91.78,72,5
STU_00497,2.71,91.1,18,1
STU_00612,3.41,90.0,12,1
STU_00803,3.375,86.9,30,2
STU_00990,2.34,89.9,15,1
STU_01009,2.55,93.2,15,1
STU_01437,2.2275,94.75,57,4
STU_01591,2.531428571428571,81.58571428571429,108,7
STU_01797,3.4233333333333333,91.33333333333333,36,3
STU_02076,2.41,84.9,15,1
STU_02078,3.55,80.8,12,1
STU_02172,2.6550000000000002,85.30000000000001,33,2
STU_02208,2.5524999999999998,84.825,57,4
STU_02431,2.757142857142857,85.25714285714285,81,7
STU_02590,2.5725,91.05000000000001,75,4
STU_02669,3.31,94.9,9,1
STU_02680,2.8333333333333335,82.38333333333333,84,6
STU_02877,3.525,84.35,30,2
STU_03033,2.58,80.65,24,2
STU_03079,2.295714285714286,79.01428571428572,81,7
STU_03217,2.3633333333333333,84.39999999999999,48,3
STU_03261,3.39,85.4,12,1
STU_03295,2.6083333333333334,88.78333333333332,90,6
STU_03351,2.276666666666667,88.69999999999999,54,3
STU_03382,2.7600000000000002,88.2,51,4
STU_03550,3.36,92.6,27,2
STU_03690,2.79,90.8,18,1
STU_03758,2.6975,85.64999999999999,63,4
STU_03799,2.662,90.32000000000001,75,5
STU_03954,3.347142857142857,84.10000000000001,126,7
STU_04010,3.21,92.0,30,2
STU_04100,2.7266666666666666,79.28333333333333,90,6
STU_04711,2.82,87.6,12,1
STU_04767,2.7399999999999998,85.1,36,3
STU_04803,2.837142857142857,88.21428571428571,105,7
STU_05057,1.9833333333333334,83.38333333333334,87,6
STU_05161,3.2266666666666666,80.0,45,3
STU_05343,1.615,85.46666666666668,108,6
STU_05689,2.944,83.52,78,5
STU_05691,2.4240000000000004,86.53999999999999,75,5
STU_05732,2.8049999999999997,81.75,39,2
STU_05784,3.1133333333333333,81.36666666666667,36,3
STU_06121,2.3499999999999996,80.19999999999999,30,2
STU_06280,3.091428571428572,80.9,111,7
STU_06309,3.14,92.2,15,1
STU_06474,3.245,88.75,30,2
STU_06596,2.9850000000000003,92.2,33,2
STU_06641,2.766666666666667,90.10000000000001,42,3
STU_06682,2.7114285714285713,83.77142857142857,87,7
STU_06879,2.8499999999999996,90.75,36,2
STU_07071,2.7,79.72500000000001,90,8
STU_07078,2.995,85.6,24,2
STU_07454,2.3500000000000005,87.71428571428571,132,7
STU_07583,2.21375,83.1625,120,8
STU_07670,2.93,85.4,12,1
STU_07765,1.8975,92.69999999999999,60,4
STU_07803,3.1525000000000003,86.06250000000001,96,8
STU_07986,2.886,86.32000000000001,75,5
STU_08430,3.08,78.575,60,4
STU_08550,2.9775,78.725,60,4
STU_08657,2.308,86.01999999999998,75,5
STU_08790,2.8440000000000003,90.64000000000001,60,5
STU_08807,2.85,88.0,12,1
STU_04509,2.776666666666667,85.66666666666667,45,3
STU_05639,2.8800000000000003,86.2,45,3
STU_05978,3.005,77.85,30,2
STU_06729,3.28,85.26666666666667,96,6
STU_06908,2.1537499999999996,75.1125,123,8
STU_08676,3.1566666666666663,80.33333333333333,45,3
STU_00329,2.7300000000000004,90.30000000000001,30,2
STU_00925,3.106666666666667,87.3,90,6
STU_01113,2.8739999999999997,79.88000000000001,75,5
STU_01145,2.64,80.1,18,1
STU_01884,2.9749999999999996,84.83749999999999,120,8
STU_01963,2.46,88.425,54,4
STU_01974,2.932857142857143,85.61428571428571,84,7
STU_02018,2.95,90.65,30,2
STU_02340,2.812,87.1,75,5
STU_02387,3.4933333333333336,83.06666666666666,45,3
STU_02409,2.998333333333333,84.88333333333334,90,6
STU_02610,3.64,85.4,15,1
STU_02820,3.002,90.52000000000001,75,5
STU_02821,3.0566666666666666,82.05,72,6
STU_02936,3.11,92.19999999999999,36,2
STU_03087,2.3375000000000004,79.6,117,8
STU_03305,3.174,83.05999999999999,63,5
STU_04196,2.2666666666666666,86.39999999999999,36,3
STU_04301,2.5733333333333333,81.28333333333335,75,6
STU_05109,2.945,84.45,90,6
STU_05145,3.1300000000000003,82.39999999999999,45,3
STU_05203,2.5485714285714285,80.71428571428571,108,7
STU_05288,2.7225,82.57499999999999,123,8
STU_05477,2.315,87.64999999999999,72,4
STU_05692,1.75,86.75,36,2
STU_05884,3.495,87.7,24,2
STU_05965,2.3575,84.80000000000001,60,4
STU_06469,2.05,96.8,15,1
STU_06547,2.7940000000000005,80.6,72,5
STU_06873,1.9766666666666666,88.39999999999999,45,3
STU_07045,2.79,84.1,15,1
STU_07322,2.95,83.72857142857143,108,7
STU_07393,2.36,88.3,15,1
STU_07656,3.1849999999999996,83.35000000000001,129,8
STU_07691,2.793333333333333,87.76666666666665,54,4
STU_07772,2.57,87.28333333333335,99,6
STU_07971,2.98,73.7,15,1
STU_08135,2.796666666666667,92.06666666666666,45,3
STU_08199,2.41,84.3,18,1
STU_08780,3.23375,87.075,123,8
STU_08851,2.52,84.43333333333334,54,3
STU_07579,2.8800000000000003,84.3,45,3
STU_07820,3.17,85.30000000000001,66,4
STU_00014,2.93,84.1,42,4
STU_00120,2.5937500000000004,77.6,117,8
STU_00303,2.8685714285714283,87.78571428571429,99,7
STU_00378,2.91,89.69999999999999,60,4
STU_00619,1.884,80.1,93,5
STU_00725,2.6375,83.23750000000001,120,8
STU_00794,3.11,86.75,24,2
STU_00888,2.66,87.25,24,2
STU_00956,2.504,81.03999999999999,78,5
STU_01011,2.605,83.80000000000001,36,2
STU_01618,2.2,89.9,18,1
STU_01637,2.245,90.9,36,2
STU_01653,3.19,87.02000000000001,90,5
STU_01767,3.24,86.4,15,1
STU_01848,3.25,91.56666666666666,45,3
STU_02060,2.49625,83.375,144,8
STU_02066,2.935,87.69999999999999,63,4
STU_03195,2.99,98.2,18,1
STU_03283,2.6725,83.2,75,4
STU_03675,2.735714285714286,83.01428571428572,108,7
STU_04002,2.5300000000000002,86.1125,123,8
STU_04026,3.01,83.5,18,1
STU_04120,2.5966666666666662,86.58333333333333,75,6
STU_04269,2.8,89.175,60,4
STU_04294,2.9075,88.8625,123,8
STU_04402,1.9133333333333333,76.89999999999999,66,6
STU_04493,2.5300000000000002,79.19999999999999,36,2
STU_04602,3.21,95.7,12,1
STU_04902,2.6475,90.3375,120,8
STU_04905,2.3466666666666667,84.66666666666666,48,3
STU_05199,2.2671428571428573,89.01428571428572,105,7
STU_05309,3.01,84.85,27,2
STU_05769,3.1239999999999997,93.05999999999999,60,5
STU_06043,2.93,94.1,12,1
STU_06391,2.13,81.3,12,1
STU_06693,2.33,87.7625,111,8
STU_06777,2.9142857142857146,84.47142857142858,105,7
STU_06977,2.11,91.4,15,1
STU_07164,1.702,81.4,90,5
STU_07532,3.0216666666666665,77.83333333333333,90,6
STU_07629,2.432,87.92,60,5
STU_08129,2.796666666666667,89.96666666666665,51,3
STU_08475,1.8359999999999999,87.41999999999999,90,5
STU_08633,2.424,86.14,66,5
STU_08712,2.4271428571428575,90.44285714285714,84,7
STU_07722,3.21,85.0,18,1
STU_07927,3.4825,87.575,72,4
STU_08101,3.2025,86.95,63,4
STU_00134,2.1633333333333336,80.53333333333333,42,3
STU_00370,2.1279999999999997,84.42,78,5
STU_00487,3.205,92.05000000000001,33,2
STU_00613,3.0228571428571422,89.37142857142858,78,7
STU_00691,2.498,78.97999999999999,78,5
STU_01069,3.29,97.3,15,1
STU_01762,2.67,87.3,15,1
STU_01921,3.26,86.15,51,4
STU_02233,2.635,82.3,30,2
STU_02476,3.074,91.97999999999999,93,5
STU_02582,2.37,79.85,60,4
STU_02653,3.59,93.7,15,1
STU_02688,2.33,85.9,18,1
STU_02792,2.875,81.225,48,4
STU_02801,2.497142857142857,81.07142857142857,105,7
STU_02963,2.8949999999999996,85.18333333333335,90,6
STU_02991,2.4720000000000004,83.34,69,5
STU_03031,3.48,81.15,30,2
STU_03268,2.8049999999999997,88.9,33,2
STU_03918,2.315,85.85,51,4
STU_04031,2.732857142857143,82.17142857142858,126,7
STU_04769,3.3600000000000003,87.82000000000001,60,5
STU_05017,2.4033333333333333,86.93333333333334,45,3
STU_05162,3.4059999999999997,87.0,84,5
STU_05254,3.1166666666666667,84.13333333333334,42,3
STU_05333,3.07,90.85,72,4
STU_05985,2.7175000000000002,82.325,48,4
STU_06082,2.252,85.32000000000001,60,5
STU_06208,2.1,89.3,15,1
STU_06735,2.545,92.05,36,2
STU_06965,3.51,92.4,18,1
STU_07236,2.874,88.14,75,5
STU_07346,2.6925,87.22500000000001,120,8
STU_07503,2.5300000000000002,83.24285714285713,105,7
STU_07895,2.54,85.9,15,1
STU_07950,3.59,90.2,18,1
STU_08389,2.7075,92.0,48,4
STU_08422,3.0233333333333334,88.66666666666667,45,3
STU_08598,2.87,84.2,33,2
STU_08642,2.58,96.2,18,1
STU_08645,3.07,87.35999999999999,60,5
STU_00013,2.682857142857143,83.91428571428571,90,7
STU_00047,1.5575,88.225,72,4
STU_00243,2.21,87.2,18,1
STU_00310,1.9,78.825,72,4
STU_00388,2.6,87.87142857142855,102,7
STU_00738,2.89,87.83333333333333,36,3
STU_01344,2.32,84.57499999999999,75,4
STU_01401,2.772,83.41999999999999,57,5
STU_01687,1.9,92.6,15,1
STU_01694,2.7,84.80000000000001,75,4
STU_01704,3.08,87.9,18,1
STU_01867,2.3575,85.8375,141,8
STU_02323,2.5885714285714285,79.97142857142858,108,7
STU_02435,2.4400000000000004,88.15,33,3
STU_02527,2.868,83.38,60,5
STU_02711,2.0633333333333335,79.1,57,3
STU_02949,3.4025,86.325,51,4
STU_03211,2.3414285714285716,79.2,90,7
STU_03227,3.1633333333333327,89.93333333333332,45,3
STU_03258,3.01,84.29999999999998,60,4
STU_03412,3.1500000000000004,93.37499999999999,63,4
STU_03956,2.4524999999999997,82.48750000000001,102,8
STU_04245,2.8866666666666667,74.00000000000001,72,6
STU_04257,2.518333333333333,81.36666666666666,84,6
STU_04560,2.5471428571428567,85.54285714285716,105,7
STU_05028,3.395,91.95,30,2
STU_05064,1.9183333333333332,85.58333333333333,108,6
STU_05065,2.837142857142857,91.77142857142856,108,7
STU_05363,2.6300000000000003,82.5625,120,8
STU_05390,2.23,80.7,18,1
STU_05948,2.5866666666666664,78.64999999999999,87,6
STU_06125,2.0157142857142856,80.32857142857142,108,7
STU_06436,2.32,85.63333333333333,48,3
STU_06529,2.852,79.14,57,5
STU_06686,3.344,84.08000000000001,78,5
STU_07021,2.69,76.06666666666666,45,3
STU_07244,2.51,85.8,15,1
STU_07526,3.033333333333333,88.45,72,6
STU_07536,2.8687500000000004,81.06250000000001,123,8
STU_07624,3.088,91.14,87,5
STU_07775,2.4200000000000004,81.82000000000001,87,5
STU_08088,1.968,81.34,75,5
STU_08603,2.42,87.3,18,1
STU_08743,3.1483333333333334,82.03333333333332,90,6
STU_04519,2.7424999999999997,81.425,81,4
STU_04579,3.51,88.3,18,1
STU_06247,2.653333333333333,74.33333333333333,87,6
STU_06643,1.846,80.96,75,5
STU_07576,2.7566666666666664,83.73333333333333,108,6
STU_07814,2.233333333333333,89.33333333333333,48,3
STU_00048,3.473333333333333,81.63333333333333,42,3
STU_00350,3.01,88.3,15,1
STU_00399,2.9400000000000004,88.94999999999999,33,2
STU_00464,2.9000000000000004,90.375,69,4
STU_00479,2.615,86.2,27,2
STU_00863,2.8666666666666667,85.23333333333333,51,3
STU_01181,2.65625,86.64999999999999,123,8
STU_01257,3.12,87.65,36,2
STU_01962,3.0460000000000003,88.94000000000001,60,5
STU_02089,2.0766666666666667,84.60000000000001,105,6
STU_02566,2.433333333333333,83.66666666666667,45,3
STU_02682,2.895,86.41666666666667,90,6
STU_02765,2.634,89.24,93,5
STU_02957,2.645,87.25,27,2
STU_03152,3.46,86.3,15,1
STU_03262,2.935,77.975,51,4
STU_03329,2.4633333333333334,83.46666666666665,93,6
STU_03331,2.915,78.6,27,2
STU_03827,2.6550000000000002,86.5,30,2
STU_04177,2.64375,80.10000000000001,111,8
STU_04457,2.5025,83.80000000000001,48,4
STU_04484,3.01,76.9,18,1
STU_04530,2.98,82.4,72,6
STU_04797,3.05,86.4,33,2
STU_04809,2.61,85.30000000000001,27,2
STU_04999,2.468,91.78,72,5
STU_05283,2.562857142857143,87.97142857142856,99,7
STU_05512,2.57,87.8,18,1
STU_05677,3.183333333333333,93.66666666666667,39,3
STU_05697,2.67,88.55,33,2
STU_05916,2.815,93.15,30,2
STU_06381,3.064,94.05999999999999,75,5
STU_06434,2.15,84.26666666666667,54,3
STU_06452,2.2,84.8,18,1
STU_06483,3.1533333333333338,87.7,39,3
STU_06724,2.485,77.85,30,2
STU_06870,3.313333333333333,86.23333333333333,45,3
STU_06955,3.75,81.7,15,1
STU_06961,3.72,91.7,12,1
STU_07552,3.0399999999999996,85.75000000000001,51,4
STU_07588,2.0533333333333332,86.36666666666666,105,6
STU_07705,2.6300000000000003,79.51666666666667,75,6
STU_07742,2.39,86.22,78,5
STU_08038,3.1950000000000003,93.8,30,2
STU_08337,2.2033333333333336,92.03333333333335,39,3
STU_05567,3.35,97.19999999999999,27,2
STU_08637,3.06,86.13333333333333,45,3
STU_00191,2.48,85.35999999999999,78,5
STU_00218,2.604,77.86,75,5
STU_00315,2.3833333333333333,83.83333333333333,45,3
STU_00387,2.82,93.6,15,1
STU_00396,2.845,89.3,72,6
STU_00576,3.07,80.55,93,6
STU_00759,2.5087500000000005,81.925,120,8
STU_00947,2.16,83.3,18,1
STU_01079,2.6,86.44999999999999,66,4
STU_01199,2.483333333333333,85.2,93,6
STU_01227,2.502,83.03999999999999,78,5
STU_01419,2.94,91.2,15,1
STU_01553,1.62,83.33333333333334,57,3
STU_01589,3.36,95.2,15,1
STU_01805,2.684,90.08,90,5
STU_01915,2.5,90.30000000000001,36,2
STU_02039,2.56625,82.13749999999999,117,8
STU_02129,2.956666666666667,87.03333333333335,45,3
STU_02200,2.5250000000000004,87.30000000000001,30,2
STU_02364,2.6966666666666668,86.03333333333335,54,3
STU_02452,2.1260000000000003,86.18,78,5
STU_02562,2.675,84.85,30,2
STU_02897,2.08,90.6,15,1
STU_02952,2.85,88.3,9,1
STU_03166,2.1666666666666665,84.33333333333333,48,3
STU_03303,2.83,90.875,48,4
STU_03438,2.9987500000000002,82.95,93,8
STU_03585,2.2119999999999997,87.36,90,5
STU_03668,3.1199999999999997,80.23333333333333,42,3
STU_03795,2.98,87.7,36,2
STU_04052,3.275,85.80000000000001,30,2
STU_04203,2.865,77.55000000000001,60,4
STU_05389,3.01375,80.275,114,8
STU_05858,3.2,85.6,21,2
STU_05935,2.955,87.3,60,4
STU_06058,2.1,88.2,18,1
STU_06545,2.5780000000000003,80.9,78,5
STU_06551,2.2025,91.7,60,4
STU_06577,2.59,81.4,15,1
STU_07431,2.94,84.83333333333334,36,3
STU_07460,2.5885714285714285,81.48571428571428,84,7
STU_07783,2.26,88.2,21,2
STU_07789,2.1675,86.01250000000002,93,8
STU_07811,2.776666666666667,89.73333333333333,42,3
STU_07942,2.6500000000000004,83.75,36,2
STU_08315,2.3760000000000003,79.44,66,5
STU_08372,2.6962499999999996,78.9375,96,8
STU_05546,2.6825,85.15,72,5
STU_05920,1.97,83.15,30,2
STU_08507,2.9250000000000003,83.85,63,4
STU_08679,3.1833333333333336,84.05,96,6
STU_00096,2.625,86.5,33,2
STU_00433,1.94,93.8,18,1
STU_00671,2.956666666666667,94.03333333333335,39,3
STU_00994,3.205,95.55000000000001,30,2
STU_01467,3.54,88.4,15,1
STU_01505,1.9300000000000002,84.0,39,2
STU_01667,3.27,93.5,15,1
STU_01807,2.2,95.7,18,1
STU_02033,2.55,91.3,15,1
STU_02388,2.41,81.5,18,1
STU_02851,2.7249999999999996,94.25,24,2
STU_02977,3.05375,87.2625,120,8
STU_03000,2.9325,86.3875,138,8
STU_03612,3.24,87.35,36,2
STU_03640,2.2800000000000002,83.23999999999998,75,5
STU_03654,2.665,80.05,36,2
STU_03775,2.9749999999999996,82.4,66,4
STU_03788,2.7566666666666664,83.9,45,3
STU_03913,2.815,89.85,36,2
STU_04341,3.01,92.3,15,1
STU_04364,1.864,85.04,78,5
STU_05227,2.3975,91.7875,111,8
STU_05263,2.948333333333333,89.88333333333334,87,6
STU_05636,2.5300000000000002,87.725,57,4
STU_05734,2.83,83.6,9,1
STU_05827,2.8816666666666664,84.85,72,6
STU_05972,2.6599999999999997,82.875,60,4
STU_06444,3.375,96.1,30,2
STU_06472,2.8200000000000003,85.8,24,2
STU_06537,2.86,85.7,15,1
STU_06806,2.2924999999999995,76.725,99,8
STU_06895,2.175,81.275,45,4
STU_07175,2.5566666666666666,83.23333333333333,45,3
STU_07176,2.7457142857142856,89.97142857142856,99,7
STU_07180,2.7300000000000004,87.325,60,4
STU_07245,2.42,85.8,18,1
STU_07550,2.9312500000000004,85.9,120,8
STU_07850,2.65,86.73333333333335,45,3
STU_08431,1.82,87.4,21,1
STU_08474,2.32,86.2,21,1
STU_08481,2.3899999999999997,89.17999999999999,84,5
STU_04515,1.905,81.80000000000001,30,2
STU_07619,3.284,91.39999999999999,63,5
STU_00375,3.24,96.30000000000001,30,2
STU_00414,3.114,87.16,72,5
STU_00530,3.16,78.92500000000001,51,4
STU_00901,2.75,80.66666666666667,33,3
STU_01038,3.68,91.7,12,1
STU_01572,3.0,81.7,21,1
STU_01908,2.93,77.1,18,1
STU_01927,2.58125,82.425,120,8
STU_02290,2.3233333333333333,86.56666666666666,48,3
STU_02363,2.775,77.61250000000001,102,8
STU_02714,2.29,87.4,18,1
STU_02717,3.455,87.45,21,2
STU_02805,1.8399999999999999,86.46666666666665,54,3
STU_03054,2.80375,82.31249999999999,120,8
STU_03719,2.78,88.36,75,5
STU_03853,3.625,79.35,24,2
STU_04197,2.185,83.91666666666667,99,6
STU_04278,1.12,88.3,18,1
STU_04421,2.53,94.3,15,1
STU_04617,3.1314285714285717,85.85714285714288,102,7
STU_04660,2.5740000000000003,86.41999999999999,75,5
STU_05120,2.1950000000000003,91.4,33,2
STU_06172,2.784,84.05999999999999,90,5
STU_06190,2.9966666666666666,85.36666666666667,45,3
STU_06196,2.686666666666666,85.23333333333333,39,3
STU_06224,1.9825000000000002,88.275,63,4
STU_06304,2.7814285714285716,90.58571428571429,102,7
STU_06414,2.0514285714285716,86.55714285714285,99,7
STU_06481,3.17,91.66666666666667,45,3
STU_06516,2.4966666666666666,85.2,36,3
STU_06963,1.89,87.26666666666667,33,3
STU_07014,3.1075,90.225,60,4
STU_07042,2.9642857142857144,84.0142857142857,108,8
STU_07269,2.6925,84.72500000000001,60,4
STU_07289,3.09125,82.94999999999999,120,8
STU_07415,2.7514285714285713,86.62857142857145,93,7
STU_07897,2.85,90.1,15,1
STU_08112,3.1125,79.95,42,4
STU_08146,2.6333333333333333,83.13333333333333,33,3
STU_08391,2.1,94.3,18,1
STU_08628,2.34,91.03333333333335,54,3
STU_05748,2.495,89.15,30,2
STU_05958,2.675,90.6,60,4
STU_00028,2.4699999999999998,79.15,36,2
STU_00151,3.065714285714286,86.42857142857143,108,7
STU_00276,1.9533333333333334,86.3,54,3
STU_00632,2.3,90.6,15,1
STU_00756,2.218,87.4,72,5
STU_00857,2.0549999999999997,87.15,33,2
STU_00931,3.3166666666666664,89.03333333333335,54,3
STU_00949,3.0366666666666666,89.7,72,6
STU_01153,1.9775,80.475,147,8
STU_01335,2.63,85.0,15,1
STU_01855,3.005,85.85,30,2
STU_02120,2.5425000000000004,89.5,63,4
STU_02121,3.04,87.6,15,1
STU_02628,2.2133333333333334,90.16666666666667,45,3
STU_02638,2.7314285714285718,83.94285714285715,108,7
STU_02655,3.14875,86.71249999999999,96,8
STU_02788,2.572,88.06,75,5
STU_02855,2.3925,82.74999999999999,93,8
STU_02961,2.66,83.7,12,1
STU_03298,2.1542857142857144,80.65714285714284,111,7
STU_03396,2.215,89.5,33,2
STU_03512,2.76,92.05,45,4
STU_03822,3.305,90.35,27,2
STU_04129,2.0949999999999998,85.9,30,2
STU_04403,2.5912500000000005,77.6,126,8
STU_04443,2.865,85.35,30,2
STU_04570,2.7749999999999995,83.625,63,4
STU_04584,2.703333333333333,85.86666666666666,39,3
STU_04879,2.6166666666666667,81.86666666666666,45,3
STU_05039,2.9,88.5,18,1
STU_05168,3.1100000000000003,86.34,90,5
STU_05240,3.325,89.6,30,2
STU_05275,2.88,86.61250000000001,126,8
STU_05616,2.0275000000000003,78.925,144,8
STU_05664,2.128,78.56,75,5
STU_05990,1.97,79.375,57,4
STU_06315,2.73,85.675,51,4
STU_06716,2.915,89.25,27,2
STU_06854,2.5475,81.55,60,4
STU_06902,2.513333333333333,89.36666666666666,45,3
STU_07149,2.53,89.03333333333335,57,3
STU_07187,2.99,96.5,15,1
STU_07451,3.0,88.1,18,1
STU_07489,2.3766666666666665,87.53333333333335,51,3
STU_07534,3.29,88.67500000000001,48,4
STU_07770,2.532,82.76000000000002,69,5
STU_08171,3.013333333333333,82.89999999999999,42,3
STU_08363,2.8449999999999998,92.35,30,2
STU_08416,2.595,90.7,120,8
STU_08595,3.03,85.88333333333334,87,6
STU_04535,2.4633333333333334,90.0,69,6
STU_00053,2.89,85.56666666666666,36,3
STU_00065,2.543333333333333,88.63333333333333,42,3
STU_00251,3.05,85.94,90,5
STU_00603,2.0,88.85,36,2
STU_00638,3.203333333333333,84.10000000000001,48,3
STU_00796,2.67875,91.575,117,8
STU_00916,2.79,90.4,15,1
STU_01433,3.04,82.38571428571429,105,7
STU_01633,2.53,85.2,12,1
STU_01814,2.875,90.05000000000001,111,8
STU_01857,2.685,84.35,27,2
STU_02001,1.87,89.0,18,1
STU_02124,1.98,88.9,33,2
STU_02167,2.44625,85.83749999999999,96,8
STU_02733,3.0525,90.72500000000001,72,4
STU_02986,2.64,90.2,15,1
STU_04085,2.4050000000000002,90.25,36,2
STU_04232,2.04,83.8,12,1
STU_04496,2.6049999999999995,82.5625,120,8
STU_04684,2.63,82.5,24,2
STU_04729,2.47375,86.03750000000001,135,8
STU_04962,2.3299999999999996,73.48571428571428,102,7
STU_05070,2.275714285714286,75.6857142857143,102,7
STU_05402,3.0662499999999997,81.41250000000001,123,8
STU_05778,2.8175,87.75000000000001,120,8
STU_06001,2.9800000000000004,86.9,27,2
STU_06074,3.092,87.18000000000002,72,5
STU_06133,2.465,86.125,60,4
STU_06362,2.615,86.8,30,2
STU_06411,3.0,77.30000000000001,30,2
STU_06653,3.01,93.0,45,3
STU_06726,2.4799999999999995,89.525,48,4
STU_06988,2.3985714285714286,82.77142857142857,105,7
STU_07220,2.91,91.9,15,1
STU_07262,2.6087499999999997,86.9625,141,8
STU_07510,3.0733333333333337,85.56666666666666,84,7
STU_07665,2.79,93.8,15,1
STU_07683,2.6399999999999997,80.75,39,2
STU_08064,2.6033333333333335,84.10000000000001,54,3
STU_08270,2.65,81.83750000000002,117,8
STU_08443,2.93,82.9,18,1
STU_08460,2.04,86.65,39,2
STU_08589,1.73,71.53999999999999,90,5
STU_08714,3.0766666666666667,81.9,36,3
STU_06658,2.778,83.3,69,5
STU_00337,3.38,87.4,24,2
STU_00341,2.66,87.2,15,1
STU_00648,1.7012500000000002,79.11250000000001,120,8
STU_00838,2.1399999999999997,82.42,60,5
STU_01005,3.0860000000000003,87.66,57,5
STU_01178,3.24,80.8,15,1
STU_01323,2.57875,85.75,93,8
STU_01378,2.59,77.65,30,2
STU_01420,3.1950000000000003,86.5,27,2
STU_01827,2.44,88.8,12,1
STU_02367,2.925,81.1875,96,8
STU_02461,3.24,88.7,18,1
STU_02710,2.8325,92.42500000000001,60,4
STU_02729,2.94,82.98333333333333,114,6
STU_03075,2.37,87.7,15,1
STU_03164,2.911666666666667,89.23333333333333,111,6
STU_03168,3.31,93.30000000000001,30,2
STU_03644,2.5116666666666667,87.05,87,6
STU_03700,2.5425,77.06250000000001,123,8
STU_03745,2.778333333333333,83.05,93,6
STU_04099,2.554,86.53999999999999,72,5
STU_04207,2.6925000000000003,90.95000000000002,72,4
STU_04288,2.76,84.3,15,1
STU_04652,2.961428571428571,86.98571428571428,84,8
STU_04996,3.19,89.95,30,2
STU_05126,2.6640000000000006,86.24,60,5
STU_05218,2.765,87.45,27,2
STU_05435,2.763333333333333,87.76666666666667,57,3
STU_05521,2.0133333333333336,85.66666666666667,48,3
STU_05658,3.024,86.89999999999999,81,5
STU_05823,2.5160000000000005,86.67999999999999,75,5
STU_05973,2.5175,83.4,57,4
STU_06450,2.9575,76.65,114,8
STU_06853,2.9400000000000004,88.9,33,2
STU_06856,2.2350000000000003,86.75,30,2
STU_07997,3.17,91.6,15,1
STU_08006,2.526666666666667,88.83333333333333,48,3
STU_08324,2.7866666666666666,87.56666666666668,45,3
STU_08744,2.535,91.05,72,4
STU_00075,3.104,86.29999999999998,72,5
STU_00406,2.61125,87.875,126,8
STU_00864,2.545,89.95,33,2
STU_00921,3.0375,87.7625,96,8
STU_01080,3.2433333333333336,87.16666666666667,33,3
STU_01120,3.016,81.63999999999999,75,5
STU_01623,2.9437499999999996,85.4375,93,8
STU_01676,2.016,77.04,96,5
STU_01949,3.2424999999999997,84.4,60,4
STU_02271,1.8733333333333333,82.8,54,3
STU_02277,2.3449999999999998,82.125,57,4
STU_02350,2.4699999999999998,86.35,33,2
STU_02505,2.544285714285714,79.15714285714286,84,7
STU_02542,2.4533333333333336,78.93333333333332,48,3
STU_02968,2.675,86.45,36,2
STU_03496,2.5766666666666667,88.2,45,3
STU_03944,2.1916666666666664,87.39999999999999,108,6
STU_04252,2.485,80.6,36,2
STU_04254,2.8949999999999996,87.9,24,2
STU_04504,3.1025,81.7,57,4
STU_04542,3.0149999999999997,85.25,33,2
STU_04720,2.44625,90.7875,105,8
STU_05078,2.6762500000000005,82.2,123,8
STU_05232,2.045,73.52499999999999,48,4
STU_05248,2.4875,82.2875,123,8
STU_05346,2.95,95.5,15,1
STU_05354,3.135,94.05000000000001,27,2
STU_05398,2.6233333333333335,88.73333333333333,45,3
STU_05745,3.2699999999999996,94.86666666666667,36,3
STU_05831,2.3,95.3,12,1
STU_05906,2.58375,90.03750000000001,144,8
STU_06025,2.57,87.9,15,1
STU_06049,2.88,82.45,96,8
STU_06135,3.49,81.7,12,1
STU_06285,2.811666666666667,84.08333333333333,69,6
STU_06331,2.45,80.46666666666665,45,3
STU_07450,3.11,91.5,15,1
STU_07996,2.784,87.16,69,5
STU_08148,3.1614285714285715,84.57142857142857,84,7
STU_08167,3.084,87.74000000000001,75,5
STU_08399,3.1224999999999996,92.9,63,4
STU_08557,2.5175,78.01250000000002,114,8
STU_08622,3.105,88.65,30,2
STU_05709,2.6557142857142857,86.04285714285713,123,7
STU_06845,2.668333333333333,79.81666666666666,96,6
STU_07104,3.56,86.5,30,2
STU_07617,3.4750000000000005,90.525,72,4
STU_08468,2.545,81.45,123,8
STU_00250,2.8885714285714283,82.57142857142857,126,7
STU_00616,2.565,79.73333333333333,93,6
STU_01379,2.13,88.5,15,1
STU_01498,2.5999999999999996,87.55,33,2
STU_01615,2.42625,82.9125,144,8
STU_01645,2.848,82.96,57,5
STU_01688,1.8328571428571425,82.52857142857144,123,7
STU_01819,2.5166666666666666,84.63333333333334,39,3
STU_01905,3.025,76.75,87,6
STU_02212,3.453333333333333,88.73333333333333,57,3
STU_02263,2.6571428571428575,86.97142857142856,120,7
STU_02581,2.854,87.32000000000001,60,5
STU_03225,2.495,84.3,33,2
STU_03471,2.6337499999999996,76.8875,126,8
STU_03746,2.30125,86.88750000000002,123,8
STU_03902,2.9025000000000003,86.69999999999999,60,4
STU_03990,2.5471428571428576,75.89999999999999,99,7
STU_04056,2.94,93.4,15,1
STU_05795,3.048571428571429,84.10000000000001,108,7
STU_05821,1.8275,80.62500000000001,96,8
STU_05982,2.6,86.3,75,5
STU_06046,3.1833333333333336,90.7,39,3
STU_06496,3.033333333333333,77.60000000000001,51,3
STU_07243,2.335,84.32499999999999,57,4
STU_07338,2.562857142857143,90.14285714285715,105,7
STU_07483,2.88,90.44999999999999,36,2
STU_07830,1.99,89.5,18,1
STU_07853,2.7800000000000002,91.55000000000001,27,2
STU_08237,2.6740000000000004,81.3,93,5
STU_08347,1.6499999999999997,78.51666666666667,111,6
STU_08433,2.88,89.1,15,1
STU_08571,2.85,91.4,12,1
STU_08695,2.5475,85.65,72,4
STU_05548,2.688,80.36,72,5
STU_06840,2.87,86.2,15,1
STU_00111,2.738571428571429,85.5,102,7
STU_00239,3.402,85.47999999999999,78,5
STU_00255,2.125,92.55,24,2
STU_00512,3.375,82.4,30,2
STU_00523,3.21,84.725,60,4
STU_01158,2.134285714285714,86.75714285714285,123,7
STU_01231,2.85,91.66666666666667,45,3
STU_01261,2.467142857142857,83.82857142857142,96,7
STU_01517,1.1275,78.15,72,4
STU_01519,3.03,94.4,18,1
STU_01747,2.6624999999999996,82.1875,123,8
STU_01923,2.62,100.0,18,1
STU_02636,3.04375,89.8625,144,8
STU_02886,2.495,88.2,30,2
STU_03146,3.3,99.5,18,1
STU_03659,3.02,95.5,15,1
STU_03714,2.6366666666666667,88.43333333333332,45,3
STU_03872,3.04,96.0,12,1
STU_04192,2.4800000000000004,82.52000000000001,81,5
STU_04221,2.696,88.14,96,5
STU_04395,2.6975000000000002,86.775,48,4
STU_04540,3.39,87.9,15,1
STU_04643,2.9200000000000004,87.92857142857142,78,7
STU_05541,3.2525,91.15,54,4
STU_05788,2.845,90.75,30,2
STU_05875,2.47,85.19999999999999,36,2
STU_06026,2.29,83.36666666666666,75,6
STU_06088,2.2775,78.6125,123,8
STU_06456,2.6075,79.80000000000001,54,4
STU_06869,3.01,87.30000000000001,30,2
STU_07001,2.215,83.80000000000001,30,2
STU_07096,2.36,93.4,15,1
STU_07286,2.813333333333333,89.60000000000001,45,3
STU_07300,2.68,85.08,57,5
STU_07317,3.3200000000000003,92.15,33,2
STU_07547,1.845,93.4,36,2
STU_07633,1.63,88.7,18,1
STU_07707,1.9857142857142858,81.65714285714286,111,7
STU_08661,3.224,90.47999999999999,75,5
STU_06813,2.545,82.05000000000001,30,2
STU_07368,3.108333333333333,83.41666666666667,90,6
STU_07407,3.1950000000000003,83.25,45,4
STU_08639,3.026666666666667,81.26666666666667,39,3
STU_08649,3.08,83.2,12,1
STU_00070,2.58,76.5,33,2
STU_00373,2.83,87.80000000000001,36,2
STU_00934,2.858571428571429,87.87142857142858,108,7
STU_01078,1.78,81.4,21,1
STU_01164,2.4725,76.3375,114,8
STU_01249,2.89,95.35,36,2
STU_01343,2.99,81.35,66,4
STU_01763,2.968,88.2,90,6
STU_01922,2.65,87.13333333333333,42,3
STU_02113,2.2575,72.525,60,4
STU_02339,2.5666666666666664,83.3,45,3
STU_02601,2.55,87.5,12,1
STU_02871,2.43,86.94999999999999,30,2
STU_03291,2.6999999999999997,87.2,54,3
STU_03343,2.97,84.2,42,3
STU_03359,2.645,86.14999999999999,117,8
STU_03630,2.1887499999999998,80.875,102,8
STU_03794,2.92,83.05000000000001,30,2
STU_03865,3.1685714285714286,88.70000000000002,78,7
STU_03876,2.91,88.22,78,5
STU_03933,2.088,85.64,90,5
STU_03976,1.9774999999999998,84.775,72,4
STU_04180,3.0,84.7,18,1
STU_04765,2.42,87.63333333333334,36,3
STU_04793,2.55,88.65,33,2
STU_04816,2.6800000000000006,89.05999999999999,93,5
STU_05068,2.4971428571428573,87.22857142857143,105,7
STU_05488,2.852,85.44,75,5
STU_05613,1.4166666666666667,79.3,54,3
STU_05886,2.87375,84.1625,120,8
STU_06165,3.278,86.78,90,5
STU_06251,2.615,88.65,30,2
STU_06366,1.8699999999999999,89.7,36,2
STU_06587,2.91,81.08333333333333,93,6
STU_07032,2.9,85.5,45,3
STU_07085,2.37,86.9,12,1
STU_07279,3.068,84.0,72,5
STU_07956,2.6937500000000005,83.8125,150,8
STU_08223,2.5,89.4,12,1
STU_08648,2.827142857142857,85.11428571428571,108,7
STU_06228,3.0733333333333337,85.81666666666666,90,6
STU_07117,2.91,88.94999999999999,30,2
STU_08527,2.0519999999999996,93.41999999999999,78,5
STU_00225,2.52,84.0,18,1
STU_00474,3.55,84.4,9,1
STU_00538,3.0374999999999996,87.35,93,8
STU_00597,3.29,82.1,12,1
STU_00611,2.723333333333333,86.56666666666668,45,3
STU_00741,2.2716666666666665,80.71666666666665,87,6
STU_00742,2.6514285714285712,86.61428571428571,129,7
STU_00893,2.8366666666666664,91.5,93,6
STU_00968,2.24,86.5,12,1
STU_01030,2.025,84.9,30,2
STU_01127,2.9214285714285717,92.01428571428572,84,7
STU_01354,3.55,95.7,15,1
STU_01621,2.66,93.4,30,2
STU_01628,2.7633333333333336,93.11666666666666,93,6
STU_01649,2.645,93.19999999999999,33,2
STU_01733,2.29,83.95,39,2
STU_01976,2.27,76.35,27,2
STU_02091,3.6500000000000004,91.9,33,2
STU_02136,3.1,92.95,30,2
STU_02142,2.934,88.16,75,5
STU_02273,2.6,82.3,18,1
STU_02513,2.575,85.5,33,2
STU_02561,2.9849999999999994,87.125,60,4
STU_02675,3.45,88.0,15,1
STU_02868,2.565,75.42500000000001,96,8
STU_02932,2.85,88.75,27,2
STU_03191,2.7866666666666666,94.86666666666667,45,3
STU_03281,2.82875,83.3,126,8
STU_03301,3.005,84.575,45,4
STU_03908,2.8000000000000003,87.16666666666667,54,3
STU_04074,2.578,88.32000000000001,87,5
STU_04370,2.8249999999999997,85.38333333333333,87,6
STU_04399,3.205,89.55,36,2
STU_04435,2.2939999999999996,82.88000000000001,75,5
STU_04770,2.6471428571428572,74.78571428571429,108,7
STU_04781,2.29,94.5,33,2
STU_04890,3.19,89.9,12,1
STU_05060,2.49,85.2,15,1
STU_05380,2.545,89.0,24,2
STU_06003,2.55,78.3,72,5
STU_06083,3.49,96.7,12,1
STU_06215,2.55,89.2,18,1
STU_06359,2.83,94.90000000000002,45,3
STU_06797,3.085,87.07500000000002,54,4
STU_06884,2.6375,83.375,60,4
STU_07027,2.58,79.82000000000001,78,5
STU_07037,2.154285714285714,82.71428571428571,126,7
STU_07178,3.16,84.5,18,1
STU_08007,2.87,88.47500000000001,60,4
STU_08083,3.0133333333333336,85.03333333333335,45,3
STU_08227,3.3066666666666666,97.2,45,3
STU_08265,3.4074999999999998,96.4,60,4
STU_08654,3.218,89.36,57,5
STU_04549,2.73,92.6,12,1
STU_06912,1.5216666666666665,83.91666666666667,105,6
STU_08104,2.15,83.2,15,1
STU_08479,2.81,84.73333333333333,105,6
STU_00142,2.53125,84.75,147,8
STU_00553,3.13,89.6,12,1
STU_00566,2.775,93.85,30,2
STU_00712,2.7075,86.925,48,4
STU_00848,2.222857142857143,71.17142857142858,105,7
STU_01240,3.1166666666666667,94.53333333333335,42,3
STU_01484,2.666,78.38000000000001,75,5
STU_01550,2.65,89.2,15,1
STU_01731,2.444285714285715,78.37142857142855,75,7
STU_01802,2.668571428571429,87.21428571428571,135,7
STU_01818,2.54,88.32,78,5
STU_01854,2.8720000000000003,87.67999999999999,75,5
STU_02438,2.17,89.65,33,2
STU_02587,3.0725000000000002,89.025,60,4
STU_02613,3.1125000000000003,79.725,48,4
STU_03082,2.69625,79.8375,117,8
STU_03259,3.005,86.9,33,2
STU_03403,2.575,87.35,33,2
STU_04091,2.7775,90.44999999999999,57,4
STU_04147,1.9471428571428575,82.7,81,7
STU_04659,2.63375,81.78750000000001,120,8
STU_04810,2.7074999999999996,80.45,114,8
STU_04923,2.175714285714286,85.12857142857142,81,7
STU_05953,3.315,88.65,33,2
STU_06250,3.2249999999999996,82.45,60,4
STU_06477,3.0949999999999998,91.7,33,2
STU_06564,2.5100000000000002,91.23333333333333,42,3
STU_07012,2.7328571428571427,85.72857142857143,132,8
STU_07077,2.776666666666667,76.94999999999999,90,6
STU_07470,2.9924999999999997,90.675,141,8
STU_07586,3.07,83.3,147,8
STU_07728,3.66,94.0,12,1
STU_07734,1.4933333333333334,78.7,108,6
STU_08122,2.185,80.19999999999999,33,2
STU_08366,2.278571428571429,83.77142857142859,123,7
STU_08489,2.9262500000000005,90.70000000000002,96,8
STU_08576,2.834285714285714,89.3714285714286,105,7
STU_04389,2.08,92.5,18,1
STU_04596,2.96,85.2,15,1
STU_05578,2.065,83.85000000000001,96,6
STU_06847,3.13,84.5,12,1
STU_00054,3.0975000000000006,83.46249999999999,117,8
STU_00099,2.705,85.975,90,8
STU_00192,2.9800000000000004,81.15714285714286,102,7
STU_00904,2.15,88.9,15,1
STU_01076,3.254,79.75999999999999,75,5
STU_01326,2.5885714285714285,83.8,105,7
STU_01345,2.61,85.96666666666665,48,3
STU_01481,2.7799999999999994,82.725,120,8
STU_01746,2.5414285714285714,86.71428571428574,105,7
STU_01777,2.7962499999999997,87.5,117,8
STU_01831,2.4012499999999997,83.8125,126,8
STU_02126,2.87,91.9,12,1
STU_02165,2.6199999999999997,82.23333333333333,45,3
STU_02382,2.71875,84.82499999999999,138,8
STU_02622,2.67,84.75,27,2
STU_03085,1.8059999999999998,82.36,87,5
STU_03411,2.33,87.95,30,2
STU_03540,2.5625,85.3,45,4
STU_04115,2.875,91.4,30,2
STU_04124,2.395,88.75,33,2
STU_04299,2.935714285714286,89.48571428571428,111,7
STU_04481,3.33,94.0,45,3
STU_05328,3.14,84.5,15,1
STU_05329,2.955,93.2,30,2
STU_05723,2.6174999999999997,76.375,57,4
STU_05783,2.0575,79.95,45,4
STU_05806,2.6660000000000004,90.24000000000001,63,5
STU_05909,2.625,84.25,30,2
STU_06143,2.6562499999999996,83.2375,120,8
STU_06320,3.028571428571429,92.14285714285714,105,7
STU_06325,2.102,81.64000000000001,60,5
STU_06578,2.25,78.6,18,1
STU_07025,2.77,91.8,15,1
STU_07075,2.8066666666666666,87.93333333333334,42,3
STU_07080,1.97,85.0,33,3
STU_07752,2.565,86.25,30,2
STU_07857,2.64,86.8,18,1
STU_08271,3.0700000000000003,87.76666666666667,45,3
STU_08497,2.7224999999999997,84.875,63,4
STU_08638,3.3233333333333337,80.49999999999999,42,3
STU_00112,2.77,91.575,42,4
STU_00181,3.0700000000000003,81.8,51,3
STU_01253,2.382,79.9,63,5
STU_01454,2.998571428571428,85.38571428571429,102,7
STU_01685,3.0966666666666662,88.10000000000001,42,3
STU_02571,2.345714285714286,87.57142857142857,81,7
STU_02679,2.6399999999999997,87.5,30,2
STU_02707,2.78125,87.475,120,8
STU_03034,3.25,81.95,30,2
STU_03407,2.18,87.7,12,1
STU_03515,1.92,91.3,18,1
STU_04016,2.264,84.1,75,5
STU_04137,3.3899999999999997,93.5,24,2
STU_04138,3.73,91.3,18,1
STU_04139,2.525,78.75,30,2
STU_04167,2.6466666666666665,81.66666666666667,42,3
STU_04265,2.97,87.9,15,1
STU_04448,3.15,84.05,75,6
STU_04622,2.72,86.9,15,1
STU_04676,2.75,82.6,30,2
STU_04758,2.5666666666666664,84.56666666666666,45,3
STU_04779,2.7775000000000003,83.47499999999998,117,8
STU_04980,2.533333333333333,78.66666666666667,54,3
STU_05483,1.9324999999999999,83.525,63,4
STU_05615,3.0566666666666666,87.63333333333333,90,6
STU_05843,2.48,95.0,9,1
STU_06265,2.793333333333333,86.48333333333333,105,6
STU_06387,2.927142857142857,89.45714285714284,81,7
STU_06502,2.6457142857142855,85.55714285714285,105,7
STU_06681,2.9899999999999998,92.66666666666667,42,3
STU_07452,2.0033333333333334,81.06666666666666,39,3
STU_07881,2.2824999999999998,79.89999999999999,60,4
STU_08076,2.7575000000000003,84.92500000000001,54,4
STU_06678,2.8066666666666666,90.96666666666665,45,3
STU_07646,3.1300000000000003,89.83333333333333,42,3
STU_08465,2.2775,78.55,60,4
STU_00293,2.495,79.25,33,2
STU_00382,2.92,82.5,12,1
STU_00544,2.948571428571429,87.15714285714286,105,7
STU_01057,2.218,87.42,78,5
STU_01580,2.968,87.7,75,5
STU_01680,2.7325,82.1625,120,8
STU_02191,2.4375,81.525,60,4
STU_02210,2.21,84.4,30,2
STU_02981,2.505,82.1,36,2
STU_03465,3.13,89.94999999999999,36,2
STU_04450,2.6199999999999997,82.5,48,4
STU_04461,2.5300000000000002,87.73333333333335,54,3
STU_05306,2.96,86.5,15,1
STU_05404,2.9400000000000004,81.5,33,2
STU_05665,2.4299999999999997,97.3,30,2
STU_05672,2.5362500000000003,80.23750000000001,117,8
STU_05931,2.648571428571429,78.22857142857143,105,7
STU_06146,2.905,82.575,60,4
STU_06164,2.684285714285714,86.5,87,7
STU_06423,2.1266666666666665,83.30000000000001,36,3
STU_06500,3.31,87.1,12,1
STU_06526,3.046666666666667,86.33333333333333,45,3
STU_06544,3.142857142857143,82.84285714285714,84,7
STU_06589,3.0,88.35,21,2
STU_06695,2.13,87.7,30,2
STU_07448,3.185,81.15,57,4
STU_07687,2.3600000000000003,85.3,57,4
STU_08108,2.41,81.1,18,1
STU_08480,3.16,86.53333333333335,36,3
STU_08501,2.8333333333333335,87.36666666666667,45,3
STU_08710,2.885,85.825,66,4
STU_08756,1.92,91.0,18,1
STU_08862,2.73,87.7,15,1
STU_04578,2.061666666666667,81.71666666666667,96,7
STU_06107,2.64,86.9,12,1
STU_06647,2.7771428571428567,86.65714285714286,102,7
STU_00215,1.9549999999999998,84.85,27,2
STU_00697,2.4166666666666665,80.3,45,3
STU_00881,3.315,79.8,39,2
STU_00987,2.575,78.19999999999999,36,2
STU_01068,3.002,75.53999999999999,78,5
STU_01399,1.78,81.96666666666667,54,3
STU_01424,3.4725,84.375,63,4
STU_01449,3.366666666666667,85.3,51,3
STU_01661,2.395,79.35,27,2
STU_01670,1.8766666666666667,88.8,48,3
STU_01870,2.95,92.5,12,1
STU_01909,1.9033333333333333,79.39999999999999,42,3
STU_01910,2.455,81.3,111,6
STU_02504,2.393333333333333,82.63333333333333,54,3
STU_02840,3.265,89.85,30,2
STU_03106,3.34,91.8,12,1
STU_03118,2.373333333333333,87.23333333333335,36,3
STU_03144,2.42,95.2,18,1
STU_03803,3.02,89.75,30,2
STU_03894,3.13,93.2,18,1
STU_04070,2.4487500000000004,82.66250000000001,126,8
STU_04114,2.75,77.525,66,4
STU_04231,3.32,92.1,15,1
STU_04330,2.690000000000001,83.06666666666668,87,6
STU_04665,2.919999999999999,90.0375,117,8
STU_04888,1.8633333333333333,84.3,45,3
STU_04891,2.335,83.95,120,8
STU_04963,2.973333333333333,83.1,45,3
STU_05050,2.48,84.8,18,1
STU_05115,2.4025,84.5375,117,8
STU_05259,2.5574999999999997,84.425,75,4
STU_05408,2.65,91.72,90,5
STU_05946,1.835,79.1,33,2
STU_05997,3.02,84.73333333333333,93,6
STU_06459,2.475,80.5,30,2
STU_06962,3.3259999999999996,78.92,72,5
STU_07047,2.6875,82.0,60,5
STU_07375,2.6333333333333333,90.76666666666667,111,6
STU_07531,2.938333333333333,80.61666666666666,87,6
STU_08060,2.615,85.15,24,2
STU_08115,2.532857142857143,88.3,105,7
STU_08392,2.775,85.0,69,4
STU_08405,1.8433333333333335,82.5,51,3
STU_04407,3.152,86.41999999999999,75,5
STU_06909,2.7237500000000003,82.2375,123,8
STU_00097,2.885,89.39999999999999,57,4
STU_00100,2.085,88.25,24,2
STU_00254,2.59,79.95,57,4
STU_00265,1.7866666666666664,81.33333333333333,45,3
STU_00488,3.0625000000000004,85.6125,114,8
STU_00561,2.8874999999999997,87.025,57,4
STU_00856,2.5387500000000003,80.17499999999998,129,8
STU_01022,2.815,92.95,48,4
STU_01236,2.3299999999999996,83.05714285714285,102,7
STU_01238,2.72875,79.8125,114,8
STU_01279,2.006,84.14000000000001,72,5
STU_01781,2.915,92.65,27,2
STU_01928,2.88,83.6,12,1
STU_02381,3.32,98.7,15,1
STU_02383,1.84875,83.29999999999998,141,8
STU_02422,2.6199999999999997,90.90000000000002,45,3
STU_02482,2.8075,86.32499999999999,63,4
STU_02516,2.7500000000000004,90.68,72,5
STU_02818,2.19,84.35,60,4
STU_02923,3.332,82.16,78,5
STU_03358,3.1,96.4,24,2
STU_03439,2.72,84.43333333333334,45,3
STU_03551,2.55,80.0,15,1
STU_03581,2.7937499999999997,83.4625,114,8
STU_03604,2.215,90.675,72,4
STU_03661,3.16,87.75,36,2
STU_03689,3.12875,86.7625,117,8
STU_04414,3.255,93.19999999999999,30,2
STU_04418,3.4333333333333336,83.86666666666666,45,3
STU_04502,3.48,85.0,18,1
STU_04521,3.2585714285714285,89.22857142857141,102,7
STU_05110,3.08,86.3,15,1
STU_05273,2.61,87.43333333333332,36,4
STU_05274,3.18,91.9625,120,8
STU_05330,3.0316666666666667,86.23333333333333,69,6
STU_05594,2.65,81.8,30,2
STU_05818,3.0574999999999997,84.14999999999999,48,4
STU_06089,2.3850000000000002,88.33333333333333,90,6
STU_06198,2.674,79.48,75,5
STU_06273,3.1449999999999996,84.25,81,6
STU_06953,2.772,89.08,84,5
STU_07022,2.81,90.35,24,2
STU_07142,2.7,88.0,15,1
STU_07845,2.87,73.14999999999999,96,8
STU_07875,3.126666666666667,92.73333333333333,36,3
STU_07888,1.865,85.2,24,2
STU_08056,2.4814285714285718,87.27142857142857,105,7
STU_08231,2.645,88.96249999999999,126,8
STU_08531,2.74,88.2,12,1
STU_08751,3.048571428571429,85.24285714285715,126,7
STU_08153,2.45,77.67999999999999,60,5
STU_00236,1.65,90.3,18,1
STU_00272,2.4299999999999997,82.9,36,2
STU_00416,2.28375,89.47500000000001,99,8
STU_00456,2.398,78.66,78,5
STU_00624,2.61,86.45,30,2
STU_00774,2.756,84.7,63,5
STU_01014,2.12,79.85,27,2
STU_01118,3.2600000000000002,89.025,60,4
STU_01235,3.48,85.8,33,2
STU_01492,2.68625,83.98749999999998,120,8
STU_01996,2.695,90.31666666666668,75,6
STU_02589,2.0725000000000002,80.275,117,8
STU_02782,2.7350000000000003,87.25,30,2
STU_03046,2.1566666666666667,94.5,45,3
STU_03065,2.92,81.1,15,1
STU_03076,2.91,95.6,15,1
STU_03221,3.4050000000000002,92.2,36,2
STU_03339,3.0866666666666664,82.39999999999999,36,3
STU_03397,2.885,83.5,21,2
STU_03413,2.6425,80.4,72,4
STU_03749,2.9766666666666666,83.33333333333333,51,3
STU_03858,2.05,89.3,15,1
STU_04464,2.4483333333333337,84.23333333333335,81,6
STU_04695,2.415,77.9875,120,8
STU_04710,2.865,85.975,63,4
STU_04787,2.876,89.0,72,5
STU_05175,1.8866666666666667,87.36666666666667,51,3
STU_05298,3.057142857142857,78.17142857142856,102,7
STU_05337,2.3233333333333333,82.98333333333333,93,6
STU_05727,3.234285714285715,89.41428571428571,129,7
STU_06409,2.878,91.06,78,5
STU_06636,3.09,85.26666666666667,54,3
STU_06733,2.8833333333333333,86.13333333333333,72,6
STU_07062,2.365,87.75,30,2
STU_07079,2.445,91.73333333333335,84,6
STU_07230,2.5,96.4,12,1
STU_07265,3.35,99.1,15,1
STU_07477,2.9749999999999996,83.225,60,4
STU_07730,2.29,92.80000000000001,30,2
STU_07959,3.17,92.8,15,1
STU_08299,2.7849999999999997,89.775,96,8
STU_08317,2.8750000000000004,85.31666666666666,72,6
STU_08368,2.9225,85.82499999999999,96,8
STU_05547,3.48,89.26666666666667,39,3
STU_05715,2.4225,91.19999999999999,60,4
STU_06846,3.035,84.4,33,2
STU_00073,2.7525,86.32499999999999,60,4
STU_00185,3.048,90.82000000000001,93,5
STU_00569,2.74125,75.575,123,8
STU_00726,3.1625,86.45,144,8
STU_00942,2.915,83.64999999999999,60,4
STU_01100,2.9849999999999994,81.2,123,8
STU_01121,2.36,92.8,12,1
STU_01404,2.08,93.9,18,1
STU_01489,2.99,87.1,9,1
STU_01606,3.26,84.30000000000001,24,2
STU_01898,2.9233333333333333,94.13333333333333,48,3
STU_02030,2.51,83.4,27,2
STU_02148,1.3233333333333335,81.68333333333334,105,6
STU_02226,2.3012499999999996,80.80000000000001,123,8
STU_02241,2.5914285714285716,85.02857142857144,84,7
STU_02307,2.8575,81.35,54,4
STU_02556,2.8771428571428572,73.11428571428571,108,7
STU_02743,2.612,85.75999999999999,60,5
STU_02866,2.9149999999999996,88.5,105,7
STU_03422,2.6100000000000003,85.23999999999998,87,5
STU_03484,2.76,88.26000000000002,75,5
STU_03899,2.8699999999999997,87.03333333333335,45,3
STU_04072,2.5475,81.02499999999999,114,8
STU_04641,2.123333333333333,82.5,45,3
STU_05067,3.73,99.7,15,1
STU_05518,2.78,90.0,15,1
STU_05841,1.95,83.0,18,1
STU_06941,3.4483333333333337,76.86666666666666,90,6
STU_07095,2.195,90.15,30,2
STU_07480,1.59,85.3,15,1
STU_07738,3.1700000000000004,88.83333333333333,45,3
STU_07847,2.9200000000000004,88.90000000000002,90,6
STU_07964,2.92625,88.3875,117,8
STU_08484,2.6300000000000003,86.03333333333332,54,3
STU_08588,2.60375,90.37499999999999,123,8
STU_08863,3.24,89.4,18,1
STU_05139,3.0160000000000005,89.28,87,5
STU_07603,2.02,92.7,12,1
STU_08499,3.0475,90.425,48,4
STU_00039,2.4899999999999998,82.16,75,5
STU_00444,2.5324999999999998,88.625,60,4
STU_00549,2.955,79.5125,120,8
STU_00723,2.01,83.85,36,2
STU_00782,2.94,88.95,117,8
STU_00957,2.7266666666666666,81.56666666666666,54,3
STU_01061,2.55625,82.825,114,8
STU_01416,3.02,94.3,18,1
STU_01734,3.26,88.2,15,1
STU_01825,3.483333333333333,91.83333333333333,48,3
STU_01999,3.16,84.2,90,6
STU_02220,1.4325,85.2,72,4
STU_02864,3.4266666666666663,92.39999999999999,39,3
STU_03246,2.795,85.89999999999999,63,4
STU_03597,3.0,83.82857142857142,105,7
STU_03768,2.95,84.9,18,1
STU_04145,2.9585714285714286,83.82857142857144,102,7
STU_04229,2.49,91.0,15,1
STU_04333,2.4466666666666668,80.13333333333334,42,3
STU_04882,2.3725,87.175,60,4
STU_05726,3.1399999999999997,89.35,27,2
STU_05844,2.9,94.1,12,1
STU_05987,2.3600000000000003,83.15,33,2
STU_06062,2.6550000000000002,84.72500000000001,60,4
STU_06323,2.376,82.85999999999999,78,5
STU_06463,3.285,92.44999999999999,30,2
STU_06464,2.395,80.96666666666665,90,7
STU_06482,2.2199999999999998,80.12857142857145,108,7
STU_06570,2.63,85.3,15,1
STU_06620,2.953333333333333,84.33333333333333,45,3
STU_06621,3.14,97.6,12,1
STU_07191,2.9283333333333332,91.28333333333332,96,6
STU_07273,2.724,86.7,63,5
STU_07946,2.81,81.3,15,1
STU_08211,3.1,84.8,15,1
STU_08437,3.23,87.3,27,2
STU_08630,3.6166666666666667,91.83333333333333,36,3
STU_08793,3.092,84.16,69,5
STU_08804,2.105,82.225,72,4
STU_08846,2.67,88.93333333333332,39,3
STU_05141,2.94,85.75,117,8
STU_00357,2.6474999999999995,86.05,48,4
STU_00579,2.59,89.9,12,1
STU_00609,2.81,91.54,75,5
STU_00628,2.57,71.55000000000001,39,2
STU_00751,2.605,79.7,39,2
STU_00894,3.2,86.55000000000001,36,2
STU_00954,3.2800000000000002,91.05,30,2
STU_01042,2.533333333333333,87.8,54,3
STU_01316,3.09,95.1,18,1
STU_02093,2.7,88.30000000000001,30,2
STU_02397,2.76,88.7,15,1
STU_02698,2.55125,91.2625,117,8
STU_02764,2.9,98.7,15,1
STU_02910,3.116,84.74000000000001,96,5
STU_03128,2.65,82.73333333333333,48,3
STU_03251,2.6575,89.225,57,4
STU_03341,2.3912499999999994,84.2125,123,8
STU_03517,2.11,91.4,18,1
STU_03618,1.685,82.9,24,2
STU_03669,2.3675,84.575,60,4
STU_04049,2.81,90.3,12,1
STU_04363,3.52,90.9,15,1
STU_04432,2.5887499999999997,89.175,117,8
STU_05020,3.026,82.25999999999999,75,5
STU_05264,3.0666666666666664,86.2,42,3
STU_05347,2.885,84.15,30,2
STU_05584,2.65,95.7,15,1
STU_05622,2.224285714285714,84.47142857142856,102,7
STU_05704,1.26,90.0,18,1
STU_05813,2.95,78.425,117,8
STU_06044,2.106,86.42,78,5
STU_06124,2.5625,89.7,75,4
STU_06130,2.5260000000000002,91.2,78,5
STU_06152,2.525,94.5,39,2
STU_06168,2.681666666666667,84.73333333333333,93,6
STU_07330,2.04,84.1,15,1
STU_07974,2.77,83.0,12,1
STU_08202,2.598,93.25999999999999,90,5
STU_08278,2.26,95.6,27,2
STU_08415,3.125,85.21249999999999,114,8
STU_08450,2.8385714285714285,82.32857142857144,99,7
STU_08659,2.1975,86.30000000000001,60,4
STU_04318,2.80625,86.14999999999999,150,8
STU_05545,2.6774999999999998,80.975,93,8
STU_05924,2.7800000000000002,81.03999999999999,75,5
STU_06831,2.21,98.7,18,1
STU_08445,1.8675,86.87499999999999,60,4
STU_08449,2.6,87.9,18,1
STU_00133,2.9966666666666666,85.06666666666668,45,3
STU_00327,2.2550000000000003,87.375,72,4
STU_00562,2.5524999999999998,93.35,120,8
STU_00650,1.76,94.15,30,2
STU_00775,2.6849999999999996,87.0,30,2
STU_01077,2.9912499999999995,85.62500000000001,123,8
STU_01188,2.64,84.31666666666668,90,6
STU_01193,2.9959999999999996,87.4,78,5
STU_01305,2.766666666666667,82.08333333333333,90,6
STU_01320,0.96,77.3,21,1
STU_01338,2.78,91.0,15,1
STU_01455,2.82,95.9,15,1
STU_01701,3.2566666666666664,90.60000000000001,36,3
STU_01859,2.4175,85.7,54,4
STU_01950,2.741666666666667,86.53333333333335,108,6
STU_02444,2.8440000000000003,92.06000000000002,90,5
STU_02826,2.785,90.2,27,2
STU_02830,2.278333333333333,81.43333333333334,96,6
STU_03133,3.0612500000000002,85.76249999999999,99,8
STU_03237,2.726,87.9,90,5
STU_03294,2.626666666666667,82.46666666666667,96,6
STU_03387,3.42,81.56666666666666,48,3
STU_03584,2.8525,83.825,120,8
STU_03721,2.4425,87.14999999999999,45,4
STU_03727,1.15,91.3,18,1
STU_04116,2.7075000000000005,84.15,60,4
STU_04441,3.1639999999999997,90.44000000000001,72,5
STU_04551,2.9059999999999997,90.02,72,5
STU_04662,3.15,86.8,15,1
STU_04673,2.1975,82.85000000000001,51,4
STU_04696,2.48,83.1,12,1
STU_04826,1.9475,77.5,75,4
STU_04986,2.8466666666666662,86.13333333333333,45,3
STU_05249,2.95875,77.5,120,8
STU_05320,2.7150000000000003,79.825,117,8
STU_05368,2.4324999999999997,81.7,120,8
STU_05951,3.2725,90.2,60,4
STU_06241,2.9325,81.575,48,4
STU_06548,2.858333333333334,85.58333333333333,69,6
STU_06574,2.72,90.77499999999999,60,4
STU_07136,3.3800000000000003,90.36666666666667,45,3
STU_08160,2.8425000000000002,78.94999999999999,123,8
STU_08161,3.065,82.825,48,4
STU_08165,2.468,79.28,87,5
STU_04516,2.354,88.36,72,5
STU_05566,3.3325000000000005,81.69999999999999,120,8
STU_05608,3.1933333333333334,79.5,45,3
STU_06835,2.65,83.725,60,4
STU_07543,2.412,92.52000000000001,78,5
STU_00594,2.9466666666666668,88.26666666666667,45,3
STU_01117,2.5625,79.35,60,4
STU_01149,3.09,80.7,15,1
STU_01280,2.8466666666666662,86.48333333333333,90,6
STU_01650,2.86,81.3,15,1
STU_01885,2.3166666666666664,97.56666666666666,48,3
STU_02083,3.14,84.1,15,1
STU_02086,1.9100000000000001,82.85714285714286,123,7
STU_02230,2.72,94.0,42,3
STU_02291,2.776666666666667,84.60000000000001,42,3
STU_02331,3.563333333333333,86.0,45,3
STU_02427,2.414285714285714,88.12857142857145,108,7
STU_02509,2.3357142857142854,84.34285714285714,99,7
STU_02702,2.93,97.8,15,1
STU_02704,3.0866666666666664,86.93333333333334,42,3
STU_02781,2.79375,90.37499999999999,96,8
STU_02803,2.7525,90.625,60,4
STU_02838,2.475,87.625,66,4
STU_03556,3.18375,84.61250000000001,114,8
STU_03707,2.575,84.6,30,2
STU_03926,2.9,81.9,12,1
STU_03942,2.645,85.35000000000001,90,6
STU_04113,2.396,85.94,93,5
STU_04150,2.585714285714286,82.02857142857142,84,7
STU_04396,2.736666666666667,82.66666666666667,45,3
STU_04675,3.0575,87.02499999999999,42,4
STU_05188,2.7175000000000002,83.5,63,4
STU_05395,2.67,78.5,18,1
STU_05410,2.904,77.16,60,5
STU_05696,2.585,91.7,33,2
STU_05751,3.65,86.8,15,1
STU_05913,2.7100000000000004,85.175,51,4
STU_05944,2.96,96.5,30,2
STU_06030,2.8925,87.3625,93,8
STU_06769,2.3600000000000003,80.05,144,8
STU_07072,3.31,88.23333333333333,45,3
STU_07995,3.4,86.0,15,1
STU_08003,2.47,86.9,78,5
STU_08114,3.04,89.9,18,1
STU_08200,2.61,81.91666666666667,90,6
STU_08251,2.2587499999999996,82.77499999999999,102,8
STU_08288,3.09,94.3,15,1
STU_08488,2.458,82.72,63,5
STU_08511,3.3750000000000004,85.625,60,4
STU_08668,2.835,90.9,36,2
STU_08808,2.87,87.3,33,2
STU_08838,3.0300000000000002,89.0,27,2
STU_08857,2.814,80.19999999999999,63,5
STU_04319,2.73,92.0,18,1
STU_05144,3.175,81.775,54,4
STU_05939,2.675,86.8,27,2
STU_00551,2.7266666666666666,87.09999999999998,36,3
STU_00554,2.7533333333333334,80.53333333333333,45,3
STU_00829,2.87,90.9,15,1
STU_01094,2.90875,90.225,123,8
STU_01195,2.79,89.94999999999999,48,4
STU_01327,2.27,94.9,15,1
STU_01631,2.6966666666666668,93.2,48,3
STU_01677,2.215,80.6,36,2
STU_02242,2.63,95.05,36,2
STU_02309,2.945,84.21249999999999,144,8
STU_02834,3.05,88.0,12,1
STU_03055,3.155,80.88333333333333,90,6
STU_03349,3.393333333333333,95.5,54,3
STU_03350,2.675,83.9125,123,8
STU_03376,2.6749999999999994,81.21666666666665,84,6
STU_04057,2.7116666666666664,84.93333333333334,72,6
STU_04169,3.17,83.6,24,2
STU_04233,1.73,86.55000000000001,33,2
STU_04322,2.026666666666667,88.36666666666667,54,3
STU_04497,2.5,91.95,36,2
STU_04558,2.055,75.95,30,2
STU_04561,3.5,94.1,15,1
STU_04772,2.3666666666666667,89.86666666666667,48,3
STU_04838,3.33,92.65,36,2
STU_04847,2.21,90.7,30,2
STU_04880,2.7842857142857143,86.25714285714287,105,7
STU_05219,2.955,82.5,21,2
STU_05304,2.45375,90.4375,126,8
STU_05681,2.96,87.8,15,1
STU_05712,2.88,86.28,75,5
STU_05947,2.9466666666666668,93.96666666666665,54,3
STU_05969,2.7899999999999996,82.8,45,3
STU_06442,3.3,87.6,30,2
STU_06495,3.09,96.06666666666668,51,3
STU_06592,2.5,79.64,78,5
STU_07256,2.81,90.13333333333333,84,6
STU_07354,3.2375,81.85000000000001,75,4
STU_07955,2.955,85.05000000000001,36,2
STU_08175,2.51,93.5,30,2
STU_06398,2.83,88.03333333333335,42,3
STU_06667,2.03,94.3,15,1
STU_06811,1.85,84.6,24,2
STU_00187,1.6362500000000004,80.72500000000001,144,8
STU_00256,3.08,86.4,15,1
STU_00294,3.155,87.66666666666667,90,6
STU_00529,2.95,92.7,15,1
STU_00662,2.35,93.1,18,1
STU_00693,3.3866666666666667,88.43333333333334,33,3
STU_00883,2.658333333333333,87.93333333333332,108,6
STU_00966,2.8633333333333333,88.8,72,6
STU_01052,1.8125,77.625,72,4
STU_01284,3.133333333333333,83.5,90,6
STU_01301,2.893333333333333,90.03333333333335,54,3
STU_01398,2.286666666666667,82.0,42,3
STU_01430,3.063333333333333,84.5,48,3
STU_01788,2.79125,85.7875,114,8
STU_02218,2.33,83.35,27,2
STU_02474,2.521428571428572,81.04285714285716,111,7
STU_02541,2.49,87.03333333333335,45,3
STU_02865,2.0075000000000003,92.32499999999999,72,4
STU_03043,3.164,84.8,60,5
STU_03063,2.7133333333333334,83.06666666666668,45,3
STU_03522,2.9,92.55000000000001,90,6
STU_03590,2.7133333333333334,78.8,45,3
STU_04161,2.831428571428572,83.34285714285714,108,7
STU_04850,2.796666666666667,81.16666666666667,45,3
STU_04953,3.0033333333333334,88.13333333333333,45,3
STU_04989,2.755,86.49999999999999,120,8
STU_05049,2.7,85.47142857142858,84,7
STU_05051,2.2885714285714287,80.85714285714286,99,7
STU_06282,2.38,93.7,12,1
STU_06559,2.7175000000000002,84.85,54,4
STU_06640,2.4466666666666668,82.93333333333334,42,3
STU_06973,2.6128571428571425,82.4857142857143,105,7
STU_07067,3.308,88.53999999999999,60,5
STU_07082,2.8000000000000003,94.3,42,3
STU_07268,2.211666666666667,84.33333333333333,93,6
STU_07716,2.365,88.94999999999999,48,4
STU_07763,3.105,96.8,33,2
STU_07882,3.17,83.1,18,1
STU_08476,2.5850000000000004,84.01666666666667,87,6
STU_08536,2.9714285714285715,85.17142857142858,105,7
STU_08553,3.0666666666666664,83.16666666666667,54,3
STU_06299,3.0533333333333332,85.69999999999999,45,3
STU_00108,2.6325,88.85,69,4
STU_00258,3.2060000000000004,89.22,75,5
STU_00565,2.53,86.38333333333333,90,6
STU_00750,1.9166666666666667,88.7,54,3
STU_00832,3.24,87.0,15,1
STU_01168,2.36,85.4,15,1
STU_01175,2.8000000000000003,90.36666666666667,45,3
STU_01464,3.01,84.75,30,2
STU_01479,3.55,83.5,15,1
STU_01536,3.0,91.5,9,1
STU_01547,3.09,94.8,15,1
STU_01654,2.33,84.80000000000001,42,3
STU_01657,2.2720000000000002,87.53999999999999,75,5
STU_02160,2.1685714285714286,89.21428571428571,81,7
STU_02260,3.06,85.075,63,4
STU_02347,2.65,84.63333333333334,36,3
STU_02430,2.891666666666667,81.61666666666667,90,6
STU_02609,2.275,78.55000000000001,60,4
STU_03012,2.8049999999999997,90.45,33,2
STU_03547,1.8633333333333333,80.96666666666667,54,3
STU_03728,2.4814285714285718,84.07142857142857,102,7
STU_03776,2.806,84.2,72,5
STU_04511,2.84,96.5,30,2
STU_04885,2.5675000000000003,81.5625,144,8
STU_05999,3.085,84.75,33,2
STU_06145,2.6239999999999997,81.16000000000001,75,5
STU_06689,2.17,84.85,36,2
STU_06875,2.5125,86.82500000000002,57,4
STU_07259,3.42,96.4,18,1
STU_07592,2.0740000000000003,80.2,78,5
STU_07736,2.437142857142857,83.35714285714288,105,7
STU_07917,2.8525,88.80000000000001,51,4
STU_08217,3.22,89.4,15,1
STU_08456,2.89875,84.55,123,8
STU_08556,2.49,93.2,15,1
STU_08703,2.8514285714285714,89.47142857142858,111,7
STU_08797,2.568333333333333,84.78333333333335,96,6
STU_04349,2.9749999999999996,82.88333333333333,90,7
STU_05143,2.2,85.35999999999999,81,5
STU_05525,2.36,76.7,15,1
STU_06638,2.783333333333333,78.68333333333332,87,6
STU_07115,1.986,82.02,75,5
STU_08428,2.8866666666666667,82.76666666666667,69,6
STU_00145,2.3000000000000003,91.83333333333333,45,3
STU_00156,2.5375,84.35,60,4
STU_00518,1.468,83.46000000000001,96,5
STU_00920,2.46,86.4,60,4
STU_01012,3.8,86.1,12,1
STU_01172,2.715,89.89999999999999,90,6
STU_01333,1.585,91.3,24,2
STU_01369,2.506,80.08000000000001,72,5
STU_01439,2.9299999999999997,76.4,30,2
STU_01590,3.52,90.56666666666668,45,3
STU_01640,2.52,84.8,57,4
STU_02077,2.7842857142857143,83.9857142857143,108,7
STU_02117,1.8,88.9,15,1
STU_02181,2.0,88.7,18,1
STU_02293,2.27,81.6,36,2
STU_02434,2.96,74.89999999999999,72,5
STU_02479,3.1062499999999997,79.1125,96,8
STU_02521,2.5366666666666666,87.93333333333332,36,3
STU_03410,2.66,91.10000000000001,54,3
STU_03708,2.508,75.44000000000001,57,5
STU_03855,2.7399999999999998,85.33333333333333,90,6
STU_04128,2.5,74.1,15,1
STU_05075,2.25,84.94999999999999,33,2
STU_05468,1.4433333333333334,90.2,54,3
STU_05764,2.69,88.6,15,1
STU_06021,2.742,85.0,75,5
STU_06565,3.15,84.0,75,5
STU_06581,3.2649999999999997,93.75,30,2
STU_06690,2.74,87.4,15,1
STU_07235,2.71625,77.08749999999999,117,8
STU_07311,3.11,96.0,15,1
STU_07625,2.3333333333333335,86.7,54,3
STU_07751,2.632,83.38000000000001,75,5
STU_07911,2.60125,86.1375,117,8
STU_08323,2.6566666666666667,89.36666666666667,45,3
STU_08440,2.575,83.45,30,2
STU_08495,3.2733333333333334,90.13333333333333,48,3
STU_08644,3.075,81.3,30,2
STU_08750,2.8075,89.76249999999999,120,8
STU_08819,3.42,87.30000000000001,30,2
STU_00114,2.0957142857142856,80.22857142857143,123,7
STU_00130,3.0814285714285714,85.65714285714284,87,7
STU_00165,2.755714285714286,82.25714285714287,102,7
STU_00451,2.8150000000000004,82.55000000000001,30,2
STU_00545,2.3212499999999996,88.26249999999999,117,8
STU_00643,3.065,79.69999999999999,36,2
STU_00700,2.8699999999999997,86.33333333333333,45,3
STU_00877,2.0860000000000003,84.73999999999998,78,5
STU_01302,1.8333333333333333,80.73333333333333,51,3
STU_01357,2.5112500000000004,87.2125,114,8
STU_01428,2.455714285714286,90.61428571428571,108,7
STU_01554,2.1380000000000003,78.74000000000001,90,5
STU_01931,2.59,86.55000000000001,36,2
STU_02207,2.985,83.1,30,2
STU_02295,2.9,84.39999999999999,48,3
STU_02358,3.3,87.3,18,1
STU_02380,2.5633333333333335,76.11666666666667,90,6
STU_02469,2.936666666666667,83.13333333333333,45,3
STU_02954,2.91,88.7,12,1
STU_03368,2.4225,80.3875,120,8
STU_03406,2.2725,86.3,123,8
STU_04047,2.595,90.85,24,2
STU_04063,1.68,85.8,18,2
STU_04126,2.837142857142857,79.35714285714286,105,7
STU_04295,3.215,80.5,30,2
STU_04298,2.535,85.15,24,2
STU_04544,2.2914285714285714,82.25714285714285,111,7
STU_04737,2.255,87.19999999999999,30,2
STU_05034,3.27,83.8,87,7
STU_05055,2.7625,80.5,69,5
STU_05121,2.61125,79.9125,93,8
STU_05125,2.785,85.85,33,2
STU_05190,2.1975,78.15,60,4
STU_05257,2.876666666666667,87.58333333333333,87,6
STU_05261,3.37,88.1,15,1
STU_05535,2.48,87.0,30,2
STU_05631,3.615,85.7,27,2
STU_05872,3.105,88.41666666666667,72,7
STU_05940,1.94,84.77499999999999,69,4
STU_06024,3.313333333333333,88.43333333333334,48,3
STU_06473,2.8516666666666666,90.08333333333333,75,6
STU_06540,2.356666666666667,87.06666666666668,90,6
STU_06757,3.13,89.2,9,1
STU_07420,2.955,88.7,30,2
STU_08286,1.94,88.2,18,1
STU_08306,2.375,83.625,123,8
STU_08374,3.1875,87.35,48,4
STU_08587,2.6633333333333336,86.36666666666667,42,3
STU_08693,2.346,87.4,78,5
STU_05571,3.42,90.1,15,1
STU_07863,2.3449999999999998,85.4,39,2
STU_00146,2.9699999999999998,92.7,30,2
STU_00438,2.2725,80.35,66,4
STU_00870,2.455,85.175,60,4
STU_00915,1.93,83.0875,150,8
STU_00962,2.9612499999999997,92.76249999999999,93,8
STU_00976,3.16,90.2,18,1
STU_01167,3.235,79.5,30,2
STU_01187,2.16,92.7,15,1
STU_01200,2.6799999999999997,90.5,45,3
STU_01829,2.81875,84.26250000000002,141,8
STU_01960,2.57,91.63333333333334,57,3
STU_02193,2.58,96.4,39,2
STU_02394,3.0,89.55,27,2
STU_02425,3.2171428571428575,80.62857142857142,102,7
STU_02700,2.0399999999999996,80.13333333333333,45,3
STU_03460,3.26,90.9,15,1
STU_03536,3.31,89.9,9,1
STU_03545,3.505,83.65,24,2
STU_03548,2.48375,88.275,126,8
STU_03561,2.4699999999999998,83.4,24,2
STU_03608,2.115,81.5,27,2
STU_03679,2.174,80.42,87,5
STU_03782,3.08,88.3,15,1
STU_03947,3.37,96.1,15,1
STU_04019,2.3433333333333333,87.83333333333333,42,3
STU_04373,2.7099999999999995,85.30000000000001,39,3
STU_04600,2.432857142857143,85.8,129,7
STU_04650,2.5775,81.4375,120,8
STU_04860,3.106666666666667,91.51666666666667,87,6
STU_04916,2.5433333333333334,85.86666666666667,45,3
STU_04982,2.47,85.45,36,2
STU_05170,2.4,89.9,15,1
STU_05511,2.4175,86.625,54,4
STU_06048,2.6750000000000003,84.75,111,6
STU_06113,3.1,88.24,75,5
STU_06180,2.49,95.5,15,1
STU_06318,2.9499999999999997,84.10000000000001,33,3
STU_06504,1.6266666666666667,78.60000000000001,54,3
STU_06801,2.6828571428571437,79.25714285714285,84,7
STU_07003,2.23,91.5,15,1
STU_07026,2.1933333333333334,85.76666666666667,45,3
STU_07162,1.9900000000000002,83.73333333333333,42,3
STU_07229,3.59,87.8,15,1
STU_07272,2.812857142857143,84.35714285714286,102,7
STU_07356,2.98,90.2,15,1
STU_07500,1.92,94.6,18,1
STU_07594,2.75,88.73333333333333,48,3
STU_08321,2.735,83.95,30,2
STU_08361,2.4074999999999998,84.525,60,4
STU_08473,2.91,96.6,33,2
STU_08652,2.965,84.2,24,2
STU_08757,2.75,90.75,30,2
STU_08765,2.6700000000000004,87.3142857142857,84,7
STU_08789,2.615,81.85,120,8
STU_05178,2.392857142857143,85.7,108,7
STU_07328,2.92,83.4,30,2
STU_07837,2.276,89.67999999999999,90,5
STU_00974,1.6425,85.1,75,4
STU_01393,2.9840000000000004,85.16,57,5
STU_01778,2.533333333333333,86.60000000000001,48,3
STU_01847,2.74,94.0,15,1
STU_01993,1.89,81.7,18,1
STU_02225,2.9966666666666666,86.59999999999998,48,3
STU_02236,2.5149999999999997,94.30000000000001,30,2
STU_02243,3.17,87.7,12,1
STU_02257,2.6287500000000006,83.2125,99,8
STU_02832,3.2,83.62857142857142,108,7
STU_03321,2.64875,82.5375,120,8
STU_04477,2.83,82.0,15,1
STU_05031,2.07,79.5,18,1
STU_05210,3.5066666666666664,81.60000000000001,36,3
STU_05247,2.867142857142857,90.35714285714286,108,7
STU_05434,2.785714285714286,79.92857142857143,102,7
STU_05815,2.76,89.44999999999999,27,2
STU_05904,2.646,81.32,75,5
STU_06067,2.52,82.2,18,1
STU_06141,2.585,91.8,24,2
STU_06179,2.6014285714285714,85.12857142857142,108,7
STU_06195,2.76,90.2,30,2
STU_06199,2.828333333333333,82.26666666666667,93,6
STU_06448,2.5933333333333333,86.83333333333333,90,6
STU_06514,2.4050000000000002,77.0,33,2
STU_07153,3.07,89.4,12,1
STU_07549,2.93,89.1,15,1
STU_07746,2.66,90.6,30,2
STU_07793,2.878571428571429,82.68571428571428,84,7
STU_07799,1.97,89.7,18,1
STU_08711,2.925,81.0,30,2
STU_04517,3.0399999999999996,85.90000000000002,108,6
STU_04598,2.8474999999999997,81.21249999999999,99,8
STU_06727,2.12,88.44999999999999,36,2
STU_07367,3.295,80.8,27,2
STU_07812,2.42,82.4,18,1
STU_00101,2.976,82.66,78,5
STU_00335,2.9266666666666663,89.0,90,6
STU_00753,3.1075000000000004,85.1375,144,8
STU_01328,2.8112500000000002,86.0625,114,8
STU_01365,2.064,80.56000000000002,84,5
STU_01410,3.1450000000000005,84.95,60,4
STU_01427,2.4614285714285713,83.58571428571427,105,8
STU_01718,2.6166666666666667,87.13333333333333,45,3
STU_01986,2.745,88.7,36,2
STU_02158,3.09,85.4,36,2
STU_02303,2.83,82.375,51,4
STU_02404,2.45,82.3,15,1
STU_02583,2.9525000000000006,84.3,60,4
STU_02938,2.55,88.775,72,4
STU_03091,2.9875,89.45,57,4
STU_03360,2.9157142857142864,79.32857142857144,111,7
STU_03628,3.078,83.5,78,5
STU_03804,2.518333333333333,78.71666666666665,108,6
STU_03951,2.4457142857142853,86.32857142857144,126,7
STU_04188,2.5837499999999998,81.625,114,8
STU_04194,2.91,82.5,15,1
STU_04270,2.9,97.1,12,1
STU_04290,2.47,84.0,15,1
STU_04647,2.5999999999999996,84.85,48,4
STU_04742,2.1279999999999997,93.78,75,5
STU_04939,2.954285714285714,80.15714285714286,84,8
STU_05108,2.5925000000000002,82.625,42,4
STU_05459,2.94,90.15,30,2
STU_05834,2.6957142857142853,76.11428571428573,81,7
STU_06349,2.75,91.66666666666667,36,3
STU_06737,2.5633333333333335,85.3,45,3
STU_06995,2.7249999999999996,91.9,30,2
STU_07050,2.8728571428571428,84.25714285714285,111,7
STU_07086,2.13375,85.45000000000002,123,8
STU_07315,3.14,85.2,18,1
STU_07551,2.06,86.93333333333332,33,3
STU_07977,2.6633333333333336,81.95,93,6
STU_08406,2.58,88.6,15,1
STU_08806,3.2525,90.775,72,4
STU_04539,2.48,82.35000000000001,72,4
STU_07109,2.8724999999999996,84.925,48,4
STU_07405,3.372,78.2,75,5
STU_07604,2.6100000000000003,86.55,36,2
STU_00069,2.49,95.5,18,1
STU_00139,2.785,89.95,72,4
STU_00347,2.74,84.78,90,5
STU_00578,2.724285714285714,91.38571428571429,105,7
STU_00912,2.63625,81.8375,117,8
STU_01053,2.4914285714285715,86.01428571428572,99,7
STU_01537,1.9280000000000002,85.66000000000001,72,5
STU_01998,2.6757142857142857,82.5,87,7
STU_02324,2.3833333333333333,90.36666666666667,45,3
STU_02721,2.41,84.60000000000001,45,3
STU_02839,2.785,82.65,30,2
STU_02905,2.54,76.975,63,4
STU_02920,2.9433333333333334,89.51666666666667,111,6
STU_03052,2.8775000000000004,86.275,123,8
STU_03165,2.5385714285714287,77.95714285714287,87,7
STU_03171,2.5300000000000002,89.32500000000002,60,4
STU_03186,2.16,82.2,45,3
STU_03266,2.95,83.9,15,1
STU_03323,3.16,93.9,18,1
STU_03777,3.1133333333333333,82.76666666666667,42,3
STU_03999,3.0,90.13333333333333,45,3
STU_04009,1.934,81.14,78,5
STU_04808,2.5383333333333336,79.51666666666667,69,7
STU_04917,3.0,95.55,33,2
STU_05082,2.7760000000000002,87.47999999999999,72,5
STU_05129,3.1071428571428577,89.54285714285713,87,7
STU_05642,2.835,90.95,30,2
STU_05837,2.55,90.1,18,1
STU_05901,2.0957142857142856,74.77142857142859,90,7
STU_05912,2.8633333333333333,79.46666666666667,36,3
STU_06005,2.24125,82.64999999999999,126,8
STU_06110,2.6025,86.025,66,4
STU_06313,3.1716666666666664,92.13333333333334,69,6
STU_06937,2.46,88.3,18,1
STU_06998,1.8775,94.15,66,4
STU_07034,3.3033333333333332,89.63333333333333,33,3
STU_07313,2.723333333333333,88.7,54,3
STU_07558,3.16,92.75,30,2
STU_07696,3.002857142857143,77.75714285714285,105,7
STU_07776,2.685,92.2,39,2
STU_07989,2.8760000000000003,90.8,75,5
STU_08032,2.175,93.225,78,4
STU_08242,2.385,88.65,30,2
STU_08255,2.4066666666666667,85.51666666666667,93,6
STU_08382,3.115,91.65,36,2
STU_08602,2.715,93.65,30,2
STU_08671,3.112,86.88,93,5
STU_08715,2.42,87.8,24,2
STU_08732,2.12,89.5,30,2
STU_04514,2.355,87.25,36,2
STU_06837,2.304,75.54,60,5
STU_07112,2.6125,93.025,57,4
STU_00113,2.8579999999999997,91.11999999999999,75,5
STU_00212,2.73,83.45,36,2
STU_00436,2.155,80.2625,102,8
STU_00534,2.8325000000000005,81.1875,120,8
STU_00885,3.0714285714285716,86.68571428571428,105,7
STU_01288,2.6537500000000005,81.025,120,8
STU_01432,3.013333333333333,86.98333333333333,72,6
STU_01678,2.74,90.7,21,1
STU_01682,1.0750000000000002,83.8,144,8
STU_01983,3.013333333333333,88.39999999999999,45,3
STU_01995,2.1260000000000003,92.22,60,5
STU_02596,2.3449999999999998,79.925,75,4
STU_03187,2.585714285714286,85.17142857142858,102,8
STU_03355,2.31,86.26666666666667,54,3
STU_03568,3.24,91.6,18,1
STU_03586,2.22,82.9,18,1
STU_04112,2.8816666666666664,85.46666666666665,87,6
STU_04360,2.983333333333333,89.13333333333333,36,3
STU_05215,2.93,81.8,9,1
STU_05322,2.842,88.63999999999999,87,5
STU_05325,2.75,83.0,15,1
STU_05646,2.93,96.1,15,1
STU_06063,2.08,87.6,18,1
STU_06104,2.33,92.0,15,1
STU_06342,2.7800000000000002,89.22500000000001,57,4
STU_06499,2.73375,86.03750000000001,96,8
STU_06858,3.1966666666666668,82.53333333333333,42,3
STU_07157,2.5587500000000003,82.625,117,8
STU_07843,3.07,97.5,15,1
STU_07896,2.468571428571429,77.65714285714287,111,7
STU_07914,1.9249999999999998,84.05,33,2
STU_08001,2.4966666666666666,83.9,45,3
STU_08131,2.8,86.8,9,1
STU_08230,3.0,83.50000000000001,48,3
STU_08478,3.06,88.1,15,1
STU_08569,2.29875,88.83749999999999,96,8
STU_08697,3.2566666666666664,81.39999999999999,36,3
STU_08699,2.5650000000000004,86.125,72,4
STU_08840,2.605,85.80000000000001,93,6
STU_05737,2.49375,81.3125,120,8
STU_07108,2.5785714285714283,89.60000000000001,105,7
STU_08617,2.3459999999999996,87.67999999999999,57,5
STU_00665,2.4237499999999996,78.575,120,8
STU_00713,3.2616666666666667,90.25,72,6
STU_01353,2.7900000000000005,90.76666666666665,45,3
STU_01555,2.733333333333333,84.46666666666667,42,3
STU_01714,2.8175,91.275,60,4
STU_02040,3.00375,85.6125,93,8
STU_02603,2.58375,81.375,120,8
STU_02807,2.24,82.8,45,3
STU_02836,2.2275,81.7,57,4
STU_03327,2.9219999999999997,87.58,75,5
STU_03694,2.7775000000000003,91.5,60,4
STU_03766,3.41,88.225,72,4
STU_03854,3.5375,85.875,60,4
STU_03857,2.9912500000000004,88.5875,120,8
STU_03907,2.5820000000000003,81.38,60,5
STU_04280,3.19,91.1,15,1
STU_04328,2.602857142857143,79.5,87,7
STU_04520,2.4,82.3,15,1
STU_04707,2.778,86.97999999999999,57,5
STU_04855,2.66125,79.5625,114,8
STU_05464,3.4349999999999996,86.5,27,2
STU_05586,2.2699999999999996,76.16666666666667,42,3
STU_05686,2.1399999999999997,81.33999999999999,78,5
STU_06139,2.1399999999999997,85.5,30,2
STU_06454,1.9566666666666668,78.31666666666666,99,6
STU_06528,2.67,89.65,33,2
STU_06532,2.885,90.25,30,2
STU_06946,2.5949999999999998,95.80000000000001,27,2
STU_07207,2.6550000000000002,91.35,27,2
STU_07386,2.755,81.0,27,2
STU_07455,3.22,87.1,15,1
STU_07476,1.9942857142857142,87.28571428571429,81,7
STU_07529,2.43,77.9,90,5
STU_08268,2.74,86.1,15,1
STU_08360,2.686666666666667,80.73333333333333,36,3
STU_08775,3.0324999999999998,83.25,48,4
STU_05729,2.8100000000000005,88.66666666666669,75,6
STU_00018,2.6337499999999996,87.7,114,8
STU_00745,2.5624999999999996,83.1125,123,8
STU_00780,3.1300000000000003,90.63333333333333,45,3
STU_01202,2.9466666666666668,84.0,33,3
STU_01651,2.795,90.85,39,2
STU_01876,2.9939999999999998,83.67999999999999,72,5
STU_01991,2.8775,87.07499999999999,69,4
STU_02046,2.4833333333333334,79.0,78,6
STU_02194,2.3733333333333335,85.13333333333333,45,3
STU_02253,3.184,79.58,57,5
STU_02357,2.7533333333333334,84.16666666666667,93,6
STU_02790,2.1,86.5,18,1
STU_02967,2.6225,83.95000000000002,63,4
STU_03442,3.0499999999999994,83.05000000000001,72,6
STU_03459,2.5133333333333336,82.66666666666666,45,3
STU_03645,2.37,89.2,21,1
STU_04220,2.47,97.2,15,1
STU_04667,2.6650000000000005,86.08333333333333,90,6
STU_04840,2.6160000000000005,90.28,72,5
STU_05005,2.7119999999999997,79.32000000000001,60,5
STU_05183,2.626666666666667,82.13333333333333,84,6
STU_05205,2.60375,83.47500000000001,126,8
STU_05502,2.5650000000000004,92.05000000000001,27,2
STU_05747,2.7699999999999996,86.56666666666666,42,3
STU_05945,2.37,100.0,18,1
STU_06269,2.7425,88.525,57,4
STU_06377,2.9075,85.65,60,4
STU_06687,2.8274999999999997,82.55,57,4
STU_06746,2.665,83.3,57,4
STU_07016,2.074,81.34,75,5
STU_07213,3.0566666666666666,86.60000000000001,54,3
STU_07595,2.49,84.44999999999999,33,2
STU_07651,2.8728571428571428,82.17142857142858,102,7
STU_07874,2.65625,88.11250000000001,123,8
STU_08178,3.3449999999999998,88.45,33,2
STU_08673,2.8699999999999997,87.26666666666667,42,3
STU_08681,2.63,91.85,30,2
STU_08735,2.8800000000000003,86.53750000000001,129,8
STU_08762,2.8699999999999997,84.325,117,8
STU_08774,2.1733333333333333,86.90000000000002,36,3
STU_05757,2.1914285714285713,85.47142857142856,126,7
STU_00262,2.9842857142857144,80.84285714285716,99,7
STU_00266,2.42,97.0,18,1
STU_00393,2.904,85.48,72,5
STU_00431,2.51,90.8,15,1
STU_00439,2.2825,76.1,63,4
STU_00448,2.67,88.15,30,2
STU_01058,2.0124999999999997,77.5625,129,8
STU_01245,2.3,86.83333333333333,36,3
STU_01362,2.06,89.5,18,1
STU_01475,2.9000000000000004,84.06666666666666,93,6
STU_01483,2.7733333333333334,88.2,45,3
STU_01919,1.915,83.5,123,8
STU_01967,1.85,85.9,15,1
STU_02056,3.16,92.0,12,1
STU_02656,1.5550000000000002,81.0,36,2
STU_02705,2.416,93.2,57,5
STU_02841,3.192,83.96000000000001,78,5
STU_02901,2.23,80.1,18,1
STU_03302,1.21,84.19999999999999,39,2
STU_03598,3.0733333333333337,89.93333333333334,48,3
STU_03953,2.46375,85.97500000000001,117,8
STU_04012,3.3659999999999997,83.02,60,5
STU_04209,3.356666666666667,84.33333333333333,54,3
STU_04572,2.6,84.9,12,1
STU_04613,2.4171428571428573,86.01428571428572,90,7
STU_04849,3.066,85.22,75,5
STU_05150,2.4,80.17999999999999,78,5
STU_05253,2.7833333333333337,77.55,72,6
STU_05272,2.775714285714286,90.67142857142859,129,7
STU_07154,1.9533333333333331,93.63333333333333,45,3
STU_07182,3.176666666666667,87.26666666666667,36,3
STU_07212,2.7566666666666664,85.26666666666667,45,3
STU_07288,2.55,87.0,12,1
STU_07878,2.917142857142857,83.35714285714286,99,7
STU_08566,2.87,91.6,15,1
STU_08823,2.91,90.69999999999999,24,2
STU_08864,2.795,81.525,69,4
STU_05741,2.05,80.2,18,1
STU_00083,2.6239999999999997,84.7,75,5
STU_00168,2.88,88.1,15,1
STU_00200,2.763333333333333,89.56666666666668,45,4
STU_00268,3.052857142857143,85.51428571428572,105,7
STU_00330,2.9525,86.75,48,4
STU_00426,2.8800000000000003,84.16666666666666,45,3
STU_00614,1.8475000000000001,72.325,78,4
STU_00668,2.716666666666667,85.2,42,3
STU_00701,2.6933333333333334,79.89999999999999,48,3
STU_01010,2.33,86.125,60,4
STU_01192,2.53,85.2,15,1
STU_01283,2.665,81.05,30,2
STU_01600,2.97,79.2,15,1
STU_01672,2.4266666666666663,89.83333333333333,54,3
STU_01741,2.986666666666667,90.09999999999998,51,3
STU_01775,2.7600000000000002,81.18571428571428,84,7
STU_02101,2.94,92.2,15,1
STU_02466,1.2,95.3,18,1
STU_03041,2.13,88.3,15,1
STU_03096,2.5475000000000003,84.825,60,4
STU_03338,2.84,83.94999999999999,33,2
STU_03959,2.68,85.15,21,2
STU_04375,2.04,86.6,15,1
STU_04618,2.644285714285714,89.9,123,7
STU_04701,2.46,80.9,15,1
STU_04790,3.45,93.4,15,1
STU_04911,2.4066666666666667,86.56666666666668,90,6
STU_05198,2.7733333333333334,84.19999999999999,42,3
STU_05385,2.59,82.2,18,1
STU_05418,2.09,82.3,21,1
STU_06008,2.0875,77.3,75,4
STU_06014,2.42,86.46666666666665,45,3
STU_06268,2.69625,80.80000000000001,93,8
STU_06394,3.005,93.95,24,2
STU_06476,2.8562499999999997,91.875,120,8
STU_06819,2.6020000000000003,85.03999999999999,75,5
STU_06862,2.7075,84.35,48,4
STU_07057,2.8533333333333335,80.8,69,6
STU_07161,2.48,98.5,15,1
STU_07400,2.97,88.8,12,1
STU_07471,2.74,87.2,15,1
STU_07494,3.06,92.19999999999999,33,2
STU_07740,2.3724999999999996,82.65,54,4
STU_07859,2.944,86.52000000000001,75,5
STU_07976,3.195,88.44999999999999,33,2
STU_08072,2.2600000000000002,89.33333333333333,36,3
STU_08139,3.3899999999999997,91.45,30,2
STU_08442,2.13,78.9,18,1
STU_08826,3.2300000000000004,83.34,75,5
STU_08839,2.9025,91.17500000000001,57,4
STU_07828,2.71,96.0,15,1
STU_00661,2.7375,94.1,60,4
STU_01179,1.5,91.3,54,3
STU_01389,2.9314285714285715,83.44285714285715,84,7
STU_01646,3.2733333333333334,89.23333333333333,45,3
STU_01929,2.43,91.35,36,2
STU_02159,2.817142857142857,85.42857142857143,105,7
STU_02185,3.4066666666666663,86.93333333333334,54,3
STU_02496,3.24,89.83333333333333,33,3
STU_02552,2.0766666666666667,81.8,48,3
STU_02598,2.892,86.94,90,5
STU_02623,2.0714285714285716,82.37142857142858,99,7
STU_02823,2.6300000000000003,87.76666666666667,57,3
STU_02858,2.105,82.275,75,4
STU_03113,2.815,86.05000000000001,93,6
STU_03449,2.085,83.15,36,2
STU_03456,3.125,86.21666666666665,69,6
STU_03474,2.55,91.2,60,5
STU_03722,2.205,79.7875,117,8
STU_03743,2.31,89.8,36,3
STU_03785,2.643333333333333,90.03333333333335,54,3
STU_03882,2.6766666666666663,91.75000000000001,108,6
STU_03892,3.235,81.775,60,4
STU_03965,2.5,88.3,15,1
STU_04971,2.636,80.88,75,5
STU_05105,2.11,91.4,18,1
STU_05503,2.9414285714285713,83.22857142857141,102,7
STU_05557,3.3099999999999996,86.075,60,4
STU_06023,2.78,84.7,15,1
STU_06186,2.5925000000000002,87.7375,117,8
STU_06460,3.24,88.2,12,1
STU_06484,2.956666666666667,86.76666666666665,45,3
STU_06494,2.95,96.8,15,1
STU_06809,2.165,80.7,36,2
STU_06917,3.22,79.0,12,1
STU_07044,2.2257142857142855,80.52857142857144,84,7
STU_07622,2.17,92.8,18,1
STU_07701,3.0549999999999997,93.69999999999999,30,2
STU_08300,3.26,93.9,36,2
STU_08754,2.31,91.2,72,4
STU_08861,2.89,84.93333333333334,45,3
STU_05923,2.6799999999999997,86.9,63,4
STU_00012,2.515,82.725,60,4
STU_00232,3.035,85.0,30,2
STU_00571,2.067142857142857,85.3,84,7
STU_00716,1.8299999999999998,81.45,96,6
STU_00746,3.06,82.96666666666668,90,6
STU_00810,3.085,88.05,27,2
STU_00839,2.965,83.69999999999999,30,2
STU_00861,2.63,81.52,87,5
STU_01066,2.9850000000000003,81.55,36,2
STU_01154,3.0275000000000003,82.32499999999999,78,4
STU_01165,2.79,93.92499999999998,60,4
STU_01282,2.296,83.32000000000001,63,5
STU_01358,2.88,74.8,33,2
STU_01450,3.06,94.7,15,1
STU_01526,2.6575,89.225,51,4
STU_01753,3.456666666666667,83.3,45,3
STU_01761,2.365,91.45,36,2
STU_01838,2.896,88.8,75,5
STU_01964,2.47,99.1,15,1
STU_02280,2.83,91.55000000000001,30,2
STU_02969,2.911428571428572,79.94285714285714,105,7
STU_03004,2.375,81.85,57,4
STU_03937,1.3233333333333333,77.76666666666667,54,3
STU_04105,3.175,88.4,33,2
STU_04123,3.03,85.3,15,1
STU_04234,2.9762500000000003,80.63749999999999,93,8
STU_04348,2.85,88.94999999999999,30,2
STU_04366,2.7466666666666666,85.43333333333332,36,3
STU_04393,2.7266666666666666,87.56666666666666,48,3
STU_04648,3.3619999999999997,85.67999999999999,78,5
STU_04751,2.0725000000000002,83.94999999999999,72,4
STU_04979,2.37,81.05,48,4
STU_05026,2.285,93.8,36,2
STU_05085,3.285,89.65,30,2
STU_05690,3.0925,82.65,54,4
STU_05989,2.82,90.5,15,1
STU_06022,3.0725,88.875,57,4
STU_06051,2.645,84.875,57,4
STU_06380,2.9880000000000004,85.6,72,5
STU_06449,2.5900000000000003,85.96666666666665,48,3
STU_06555,2.56,88.05,36,2
STU_06627,2.6875,85.375,63,4
STU_06802,2.7816666666666667,82.76666666666667,87,6
STU_07310,3.56,90.9,15,1
STU_07336,2.5925,77.89999999999999,117,8
STU_07703,2.49,90.85,30,2
STU_07761,2.5500000000000003,85.55000000000001,63,4
STU_07792,2.49,82.95,27,2
STU_07891,2.75,86.9,15,1
STU_08241,3.626666666666667,92.63333333333333,51,3
STU_08341,2.33,97.5,12,1
STU_08455,2.94875,88.24999999999999,123,8
STU_08658,2.8825000000000003,83.91250000000001,138,8
STU_08106,3.1,88.2,27,2
STU_08636,3.1160000000000005,82.55999999999999,78,5
STU_00022,2.6019999999999994,83.44,81,5
STU_00128,2.675,91.1,24,2
STU_00324,2.9560000000000004,83.3,57,5
STU_00461,3.19,96.8,15,1
STU_00827,2.735,83.225,57,4
STU_01102,2.946,85.94,75,5
STU_01294,2.8449999999999998,86.5,33,2
STU_01452,1.87,78.1,18,1
STU_01511,2.7449999999999997,90.24999999999999,48,4
STU_02097,2.875,88.75,33,2
STU_02645,2.5925000000000002,87.1,54,4
STU_02694,3.5533333333333332,90.83333333333333,30,3
STU_02922,2.33,86.35,36,2
STU_02965,2.525,87.525,60,4
STU_03252,2.55,84.57499999999999,57,4
STU_03398,2.2680000000000002,84.52000000000001,75,5
STU_03573,3.66,95.3,9,1
STU_04158,2.44,93.05,30,2
STU_04166,3.102,90.84,60,5
STU_04344,2.25,86.73333333333333,54,3
STU_04505,2.4475,80.39999999999999,96,8
STU_04670,3.07,82.4,15,1
STU_04735,2.9775,84.675,57,4
STU_04884,2.5949999999999998,86.80000000000001,30,2
STU_05100,2.666,79.7,72,5
STU_05359,2.953333333333333,91.53333333333335,54,3
STU_05509,3.1271428571428572,89.41428571428571,105,7
STU_05688,2.3525,87.55,60,4
STU_05988,3.1075,84.8,63,4
STU_06041,3.63,86.3,15,1
STU_06850,2.875,92.45,30,2
STU_08042,2.11,87.8,18,1
STU_08065,2.855,90.0,30,2
STU_08080,2.662,93.16,75,5
STU_08245,3.11,95.2,18,1
STU_08319,2.8625,82.32499999999999,48,4
STU_08464,2.7474999999999996,85.575,63,4
STU_08549,2.794,87.22,90,5
STU_08574,2.5862499999999997,85.60000000000001,141,8
STU_07825,1.94,80.7,18,1
STU_00094,2.855,88.9,30,2
STU_00248,2.715,77.775,120,8
STU_00320,3.1550000000000002,86.375,72,4
STU_00380,2.3600000000000003,85.6,30,2
STU_00567,2.5316666666666667,86.63333333333333,108,6
STU_01336,2.4625,80.4,60,4
STU_01446,2.075,87.1,30,2
STU_01596,2.466666666666667,85.2,42,3
STU_01611,2.97,93.43333333333334,45,3
STU_02010,2.5933333333333333,89.05,72,6
STU_02366,2.7750000000000004,87.19999999999999,75,4
STU_03290,2.6833333333333336,80.55,87,6
STU_03633,1.66,94.6,15,1
STU_03674,2.9933333333333336,80.23333333333333,36,3
STU_03729,2.382,81.55999999999999,75,5
STU_04022,2.3925,80.25,63,4
STU_04475,3.62,82.7,36,2
STU_04671,2.565,81.375,45,4
STU_04824,2.502857142857143,81.04285714285716,108,7
STU_05054,2.7425,92.425,57,4
STU_05296,2.5,83.0,75,6
STU_05339,2.825,85.75,24,2
STU_05551,2.93,84.30000000000001,75,5
STU_05679,2.23,86.4,33,2
STU_07000,2.92,84.95,27,2
STU_07048,3.1759999999999997,86.2,75,5
STU_07215,2.77,90.3,15,1
STU_07667,2.4833333333333334,80.63333333333333,57,3
STU_07714,2.4149999999999996,82.10000000000001,111,6
STU_07755,2.59,92.1,15,1
STU_08144,2.555,88.44999999999999,69,6
STU_08257,2.755,83.65,33,2
STU_08301,1.76,78.0,33,2
STU_08349,2.6128571428571425,83.47142857142858,102,7
STU_08803,3.71,97.6,12,1
STU_05137,3.18,89.9,15,1
STU_06826,2.93125,87.3125,99,8
STU_00141,2.5966666666666667,86.13333333333333,48,3
STU_00390,2.4966666666666666,84.73333333333333,45,3
STU_00663,2.4074999999999998,79.17500000000001,69,4
STU_01561,3.21,85.8,15,1
STU_01586,2.95,91.1,24,2
STU_01816,2.9425,88.325,60,4
STU_02281,2.8524999999999996,87.82499999999999,147,8
STU_02860,2.563333333333333,81.33333333333333,84,6
STU_03336,2.238,89.66000000000001,63,5
STU_04008,2.761428571428571,81.15714285714287,84,7
STU_04068,3.505,80.85,30,2
STU_04342,2.38,87.25,30,2
STU_04388,3.1,87.0,18,1
STU_04609,1.6900000000000002,75.63333333333333,54,3
STU_04657,2.43,84.8,18,1
STU_04669,2.68,87.5,15,1
STU_05042,2.6566666666666667,80.75,90,6
STU_05387,2.97,77.9,12,1
STU_05495,3.0666666666666664,77.53333333333335,45,3
STU_05693,2.4539999999999997,80.14,72,5
STU_06330,2.6833333333333336,93.2,45,3
STU_06339,2.1300000000000003,86.75,69,4
STU_07093,2.51,85.3375,81,8
STU_07303,2.795,84.26666666666667,90,6
STU_07781,2.17,97.5,18,1
STU_08050,2.29875,84.55,117,8
STU_08213,3.2083333333333335,81.66666666666667,90,6
STU_08282,2.83,81.35,36,2
STU_08640,2.6333333333333333,86.8,48,3
STU_08779,2.301428571428571,71.07142857142858,81,7
STU_07932,2.4575,84.775,69,4
STU_00035,2.6785714285714284,72.47142857142856,96,7
STU_00783,2.6733333333333333,81.60000000000001,108,6
STU_00928,2.87875,91.325,147,8
STU_00995,2.594,83.64000000000001,75,5
STU_01002,2.6,88.33333333333333,36,3
STU_01099,3.3833333333333333,92.43333333333334,42,3
STU_01114,2.646,75.53999999999999,75,5
STU_01380,2.7900000000000005,88.76666666666667,45,3
STU_01599,2.6799999999999997,91.1,27,2
STU_01700,2.9675000000000002,79.35,60,4
STU_01765,2.293333333333333,79.06666666666668,69,6
STU_01776,3.25,88.5,15,1
STU_01897,3.55,94.1,18,1
STU_02164,2.4833333333333334,88.63333333333333,45,3
STU_02484,2.61,88.6,15,1
STU_02693,2.5225,86.9,60,4
STU_03056,2.45,79.2,12,1
STU_03602,1.906,83.58,72,5
STU_03800,2.4233333333333333,81.49999999999999,57,3
STU_03867,2.8449999999999998,79.32499999999999,60,4
STU_03901,3.05,85.7,30,2
STU_03946,3.255,80.6,60,4
STU_03966,1.95,88.3,15,1
STU_04378,2.705,88.97500000000001,123,8
STU_04436,3.68,85.9,15,1
STU_04719,2.85,93.8,12,1
STU_04932,3.1533333333333338,82.63333333333334,36,3
STU_05053,2.765,86.65,27,2
STU_05393,2.46,87.9,66,4
STU_05588,2.25,81.55,57,4
STU_05865,2.4899999999999998,90.0,45,3
STU_06050,2.94,95.3,12,1
STU_06245,2.7325,76.975,120,8
STU_06521,2.15,88.0,18,1
STU_06712,2.564,86.38000000000001,69,5
STU_06741,1.6975,85.4,69,4
STU_07638,3.0799999999999996,88.68571428571428,105,7
STU_07643,2.7300000000000004,93.16666666666667,42,3
STU_07692,2.653333333333333,88.26666666666667,42,3
STU_07710,2.8699999999999997,86.225,60,4
STU_07980,3.246666666666666,93.39999999999999,90,6
STU_08125,2.7385714285714284,89.35714285714286,102,7
STU_08276,2.225,87.95,21,2
STU_08335,1.75,83.5,24,2
STU_08364,2.26,85.92500000000001,147,8
STU_08772,2.7871428571428574,85.34285714285714,87,7
STU_05628,2.5475,81.1875,120,8
STU_06227,2.6066666666666665,89.03333333333335,48,3
STU_07608,2.72,88.85,30,2
STU_00074,2.29,92.4,15,1
STU_00090,2.91,87.30000000000001,30,2
STU_00298,3.02625,82.4875,147,8
STU_00368,2.914,85.74,93,5
STU_00442,2.4000000000000004,80.1125,99,8
STU_00499,2.14125,86.58749999999999,126,8
STU_00851,3.15,92.0,15,1
STU_01003,2.1700000000000004,84.5,45,3
STU_01194,2.4739999999999998,89.9,66,5
STU_01317,3.233333333333333,87.13333333333333,54,3
STU_01341,2.52625,76.875,96,8
STU_01346,3.71,91.8,15,1
STU_01850,2.236,93.1,75,5
STU_02620,2.9199999999999995,83.38571428571427,84,7
STU_02718,2.824,81.76000000000002,90,5
STU_02979,2.49375,83.55,120,8
STU_03018,3.0387500000000003,86.975,96,8
STU_03092,2.432,83.1,72,5
STU_03201,2.8125,86.27499999999999,60,4
STU_03286,2.8699999999999997,79.93333333333332,39,3
STU_03330,2.6385714285714283,85.48571428571428,111,7
STU_03478,3.16,88.1,30,2
STU_03485,2.87,73.7,18,1
STU_03921,2.3,85.0,15,1
STU_04292,1.8166666666666667,94.5,54,3
STU_04458,2.79125,90.6,144,8
STU_04480,3.16,89.8,15,1
STU_04616,2.6225,88.92500000000001,60,4
STU_05003,3.1333333333333333,80.0,108,6
STU_05007,3.1525000000000007,87.05,144,8
STU_05256,2.813333333333333,87.66666666666667,90,6
STU_05281,2.66,90.2,18,1
STU_05426,2.6287499999999997,80.2875,120,8
STU_05866,2.936666666666666,97.10000000000001,45,3
STU_06112,1.8,76.9,18,1
STU_06221,3.0116666666666667,91.98333333333333,93,6
STU_06985,2.8200000000000003,88.05000000000001,90,6
STU_07866,2.43,81.6,75,5
STU_07901,2.61,85.86666666666667,57,3
STU_08033,3.106666666666667,85.7,45,3
STU_08222,2.793333333333333,90.5,90,6
STU_08471,3.2542857142857144,78.82857142857142,108,7
STU_08503,2.4185714285714286,82.72857142857143,105,7
STU_08821,3.59,86.7,39,2
STU_06907,2.1379999999999995,89.18,93,5
STU_00030,2.618333333333333,79.68333333333334,93,6
STU_00459,2.4899999999999998,91.14000000000001,57,5
STU_00809,2.7249999999999996,90.75,57,4
STU_00958,2.282,85.18,99,5
STU_01660,3.145,91.5,30,2
STU_02062,2.822,86.26000000000002,90,5
STU_02195,3.04,96.6,12,1
STU_02228,2.5140000000000002,88.58000000000001,93,5
STU_02440,3.014285714285714,79.34285714285714,105,7
STU_02573,3.1559999999999997,84.7,69,5
STU_02862,3.35,83.75,27,2
STU_02921,2.9499999999999997,87.53333333333335,48,3
STU_02972,2.485,83.08333333333333,90,6
STU_03029,2.26,88.60000000000001,42,3
STU_03340,2.8766666666666665,83.23333333333333,36,3
STU_03732,2.76,89.4,24,2
STU_03861,2.724,81.3,75,5
STU_03917,2.8049999999999997,90.94999999999999,36,2
STU_03940,2.7640000000000002,76.84,60,5
STU_04181,2.8949999999999996,82.6125,123,8
STU_04722,2.86,88.3,18,1
STU_04761,2.575,85.9,30,2
STU_04773,2.716666666666667,85.46666666666665,45,3
STU_04952,3.295714285714286,82.41428571428571,90,7
STU_05533,2.746,93.38,87,5
STU_05760,2.7725,83.19999999999999,57,4
STU_05882,2.6275,81.99999999999999,96,8
STU_06131,2.23,89.41249999999998,114,8
STU_06773,2.5549999999999997,83.19999999999999,57,4
STU_06901,3.2600000000000002,87.43333333333334,39,3
STU_07501,3.315,92.5,21,2
STU_07673,2.6875,83.875,57,4
STU_07800,3.141666666666666,87.13333333333333,93,6
STU_07801,2.7366666666666664,88.8,45,3
STU_08723,3.355,99.75,30,2
STU_08724,2.5912499999999996,79.4625,120,8
STU_08781,2.165,80.25,39,2
STU_08828,3.16,77.82,69,5
STU_06288,2.32,88.03333333333335,69,6
STU_08529,2.4850000000000003,89.25,36,2
STU_00325,3.01,76.75,54,4
STU_00615,3.285,89.65,24,2
STU_01063,3.12,90.0,15,1
STU_01065,2.5771428571428574,88.0142857142857,87,7
STU_01171,3.1,83.3,15,1
STU_01241,3.028333333333333,84.26666666666667,108,6
STU_01476,3.45,90.0,12,1
STU_01899,3.04,91.0,15,1
STU_02332,2.9099999999999997,92.275,60,4
STU_02522,2.78,90.0,15,1
STU_02983,2.435,83.27499999999999,60,4
STU_03062,2.6799999999999997,82.35999999999999,60,5
STU_03239,2.6024999999999996,81.575,42,4
STU_03528,2.652,80.64,78,5
STU_03685,2.175,83.05,39,2
STU_03793,1.8579999999999999,86.17999999999999,87,5
STU_04243,2.71,92.3,15,1
STU_04279,2.92,80.6,18,1
STU_04859,3.2425,90.3625,120,8
STU_05351,2.86125,84.175,120,8
STU_05694,2.7,84.66,75,5
STU_05721,2.71,90.6,15,1
STU_05835,2.3825,85.8,57,4
STU_06013,2.28,92.5,15,1
STU_06042,3.31,90.9,15,1
STU_06550,2.8239999999999994,86.2,75,5
STU_06563,2.83,92.4,30,2
STU_06571,2.42,86.07499999999999,72,4
STU_07203,2.9233333333333333,91.10000000000001,54,3
STU_07253,2.9937500000000004,88.2625,126,8
STU_07382,2.035,85.25,27,2
STU_07385,3.0,79.47999999999999,78,5
STU_07497,3.49,85.9,15,1
STU_07597,2.542857142857143,88.8142857142857,105,8
STU_08017,3.3240000000000003,80.53999999999999,69,5
STU_08025,2.59,86.3,15,1
STU_08037,3.2566666666666664,79.33333333333333,45,3
STU_08262,3.2275,82.125,42,4
STU_08486,2.65125,84.03750000000001,117,8
STU_08500,2.52,78.3,15,1
STU_06823,2.5433333333333334,81.33333333333333,54,3
STU_00038,1.94,83.2,18,1
STU_00541,2.8175,85.275,78,4
STU_00694,2.6075,78.5,57,4
STU_00795,2.415,87.19999999999999,60,4
STU_01001,2.7066666666666666,80.23333333333333,45,3
STU_01015,2.19,75.9,21,1
STU_01757,3.2833333333333337,83.03333333333335,48,3
STU_01813,2.48,86.9,24,2
STU_01965,2.6599999999999997,88.125,57,4
STU_02276,1.704,86.4,90,5
STU_02279,2.73,87.575,120,8
STU_02627,2.31,82.6,18,1
STU_02652,1.9500000000000002,76.25,36,2
STU_02667,2.2399999999999998,84.0,33,2
STU_02987,1.58,87.05,30,2
STU_03213,1.7725,88.75000000000001,69,4
STU_03218,2.6759999999999997,86.56000000000002,60,5
STU_03254,3.016666666666667,85.2,36,3
STU_04036,3.37,89.05000000000001,33,2
STU_04709,2.0166666666666666,84.23333333333333,54,3
STU_05010,2.7133333333333334,82.8,48,3
STU_05012,2.88,91.75,33,2
STU_05350,2.6425,84.19999999999999,72,4
STU_05476,2.8840000000000003,83.82,75,5
STU_05801,2.361666666666667,86.35000000000001,72,6
STU_05828,2.415,92.5,33,2
STU_05895,2.6,86.7,18,1
STU_06105,3.185,94.75,33,2
STU_06201,2.91,90.6,12,1
STU_06567,2.39,83.93333333333334,45,3
STU_06896,2.82125,82.4375,102,8
STU_07059,2.3,84.2,15,1
STU_07672,2.7725000000000004,90.45,60,4
STU_07749,2.224285714285714,70.1,108,7
STU_07779,3.76,94.2,15,1
STU_07865,2.6399999999999997,84.0,75,5
STU_07953,2.735,80.98333333333333,75,6
STU_08026,3.25,91.0,15,1
STU_08092,2.9433333333333334,90.06666666666666,33,3
STU_04599,2.7,80.82000000000001,60,5
STU_00221,2.2399999999999998,80.56666666666668,87,6
STU_00267,2.7728571428571427,86.42857142857142,90,7
STU_00654,2.5060000000000002,84.79999999999998,78,5
STU_00658,2.67625,89.46249999999999,93,8
STU_01088,3.015,86.11666666666666,93,6
STU_01426,3.165,87.35,33,2
STU_01966,2.9087499999999995,85.0375,123,8
STU_02038,3.1550000000000002,82.2,21,2
STU_02068,2.835,79.6875,117,8
STU_02670,2.825,92.44999999999999,33,2
STU_02822,2.51,93.6,36,2
STU_02848,2.755,84.05000000000001,39,2
STU_02990,2.9299999999999997,89.5,63,4
STU_03135,3.59,85.0,30,2
STU_03363,3.0412500000000007,85.65,144,8
STU_04037,2.63,85.4,15,1
STU_05234,1.905,82.1,24,2
STU_05456,1.705,89.27499999999999,63,4
STU_05591,3.1316666666666664,85.46666666666668,90,6
STU_05707,3.0439999999999996,92.73999999999998,87,5
STU_06019,2.7800000000000002,87.77142857142857,102,7
STU_06120,2.2325000000000004,85.7,69,4
STU_06174,2.7350000000000003,84.15,36,2
STU_06266,2.5212499999999993,82.225,117,8
STU_06303,2.79125,81.38750000000002,114,8
STU_06307,2.83,90.6,12,1
STU_06524,1.93,86.25,36,2
STU_06552,2.3266666666666667,90.83333333333333,45,3
STU_06894,2.355,81.9,36,2
STU_07061,2.6100000000000003,82.80000000000001,33,2
STU_07126,3.3633333333333333,79.36666666666666,48,3
STU_07127,3.1220000000000003,83.28,72,5
STU_07222,2.75,91.6,12,1
STU_07870,2.6700000000000004,88.57142857142856,78,7
STU_08554,2.55125,84.02499999999999,114,8
STU_05627,2.3040000000000003,81.0,72,5
STU_00086,2.5675,83.47500000000001,60,4
STU_00285,3.07,87.25,30,2
STU_00468,2.85,90.3,15,1
STU_00939,2.4283333333333332,86.13333333333333,87,6
STU_01087,2.93,81.14999999999999,48,4
STU_01163,2.995,88.4,63,4
STU_01863,3.0849999999999995,80.18333333333335,93,6
STU_02028,2.813333333333333,84.76666666666667,48,3
STU_02320,2.13,89.2,12,1
STU_02375,2.832,82.84,78,5
STU_02538,2.89,90.2,18,1
STU_02543,2.3833333333333333,84.66666666666667,45,3
STU_02942,1.7366666666666666,82.46666666666665,57,3
STU_03083,2.787142857142857,85.78571428571429,126,7
STU_03202,3.1125000000000003,88.87499999999999,57,4
STU_03269,2.5,90.1,15,1
STU_03288,2.9085714285714284,82.84285714285714,108,7
STU_03781,2.41,91.5,15,1
STU_03862,3.4,78.6,15,1
STU_03936,2.8649999999999998,81.975,123,8
STU_04444,2.8300000000000005,80.37142857142858,108,7
STU_05384,2.378,82.36,54,5
STU_05851,3.4466666666666668,84.93333333333334,45,3
STU_06079,2.97,93.7,12,1
STU_06252,2.86,99.4,15,1
STU_06455,3.0225,88.5,72,4
STU_06595,2.9133333333333336,95.2,45,3
STU_06619,2.79,86.22500000000001,123,8
STU_07221,2.891428571428572,92.8,126,7
STU_07462,3.05,87.3,15,1
STU_07671,2.414,83.00000000000001,75,5
STU_07909,2.43,84.36666666666666,90,6
STU_08398,2.48,87.35,30,2
STU_08564,3.295,89.0,24,2
STU_08583,2.9285714285714284,86.20000000000002,84,7
STU_08818,2.9850000000000003,90.1,57,4
STU_05539,3.466666666666667,88.7,45,3
STU_06834,1.96,93.5,12,1
STU_07542,2.4,86.8,48,4
STU_00004,2.72,85.8,12,1
STU_00059,2.28,85.75,27,2
STU_00381,2.714285714285715,87.25714285714285,108,7
STU_00421,1.89,94.1,18,1
STU_00673,3.0025,92.0,69,4
STU_00818,1.75,89.25,36,2
STU_01350,2.1625,82.32499999999999,72,4
STU_01565,3.365,87.75,30,2
STU_01669,2.684285714285714,87.94285714285715,108,7
STU_01673,3.515,92.15,30,2
STU_01708,2.63,88.80000000000001,75,4
STU_01860,2.546666666666667,85.26666666666667,33,3
STU_01912,2.6375,84.525,48,4
STU_01972,2.3566666666666665,80.3,90,6
STU_02079,2.49,81.5,27,2
STU_02197,2.7942857142857145,82.78571428571429,105,7
STU_02209,2.81,98.3,12,1
STU_02356,2.79,93.7,30,2
STU_02424,2.672857142857143,80.57142857142857,102,7
STU_02591,2.945,84.7,27,2
STU_02703,3.3,91.6,12,1
STU_02847,2.832,87.64,60,5
STU_03126,3.23,86.0,60,4
STU_04003,2.99,76.9,15,1
STU_04287,2.5,80.525,117,8
STU_04741,2.2979999999999996,86.35999999999999,75,5
STU_05241,2.9275,83.42500000000001,57,4
STU_05532,1.91,90.9,36,2
STU_05602,2.2971428571428567,82.57142857142857,84,7
STU_05680,1.8050000000000002,87.9,36,2
STU_05869,2.7800000000000002,81.35714285714286,102,7
STU_05907,3.126666666666667,79.39999999999999,87,7
STU_06616,2.7549999999999994,85.9833333333333,93,6
STU_06759,3.76,91.8,18,1
STU_06782,2.7842857142857143,86.02857142857144,108,7
STU_06863,2.415,88.025,75,4
STU_07100,2.735,84.775,48,4
STU_07211,2.73,89.6,15,1
STU_07258,2.486666666666667,85.06666666666666,57,3
STU_07553,3.0116666666666667,81.06666666666666,90,6
STU_07653,2.3449999999999998,82.625,48,4
STU_07919,2.8742857142857146,85.32857142857142,102,8
STU_08051,2.86875,90.85000000000001,120,8
STU_08141,2.7425,87.7625,117,8
STU_08740,3.01,93.0,18,1
STU_05738,2.57,84.34,81,5
STU_05749,2.32125,79.9125,123,8
STU_06708,3.29,86.7,18,1
STU_07544,3.265,88.275,63,4
STU_00138,3.53,82.5,45,3
STU_00430,3.1342857142857143,94.81428571428572,111,7
STU_00501,2.77,90.1,30,2
STU_00630,3.03,81.51249999999999,96,8
STU_01242,2.0575,83.32499999999999,60,4
STU_01307,2.62,91.9,18,1
STU_01506,2.8362500000000006,78.7125,123,8
STU_01571,2.8499999999999996,84.66666666666667,45,3
STU_01773,2.775,78.21666666666665,87,6
STU_01817,2.1833333333333336,85.33333333333333,45,3
STU_01852,3.45,93.9,15,1
STU_02458,2.86,88.1,15,1
STU_02498,3.03125,78.32499999999999,123,8
STU_02533,2.8975,88.66250000000001,111,8
STU_03264,2.7380000000000004,81.28,75,5
STU_03277,2.39,82.02,87,5
STU_03427,2.86,90.3,12,1
STU_04157,2.6199999999999997,82.60000000000001,75,6
STU_04668,2.2449999999999997,85.53333333333335,96,6
STU_05200,2.21625,82.3625,144,8
STU_05279,3.144,85.56,72,5
STU_05356,2.518333333333333,90.63333333333333,93,6
STU_05766,3.1,87.0,15,1
STU_05856,2.1575,88.85,63,4
STU_06261,2.77,86.6,33,2
STU_06671,1.2400000000000002,81.75000000000001,114,6
STU_06770,2.75,88.78333333333332,90,6
STU_06905,1.8533333333333335,81.8,60,3
STU_07040,2.5250000000000004,78.5,30,2
STU_07237,2.96,88.80000000000001,36,2
STU_07449,3.4,97.8,9,1
STU_07511,2.4066666666666667,87.86666666666667,57,3
STU_07620,2.6340000000000003,86.67999999999999,60,5
STU_07808,2.6975000000000002,81.275,57,4
STU_08013,2.3233333333333337,84.8,54,3
STU_08145,2.455,85.2,21,2
STU_08385,3.31,92.5,9,1
STU_08454,2.4,79.9,12,1
STU_08559,2.82,81.5,12,1
STU_05572,3.1875,91.25,51,4
STU_00042,2.6599999999999997,80.21249999999999,120,8
STU_00110,2.4412499999999997,84.475,111,8
STU_00570,2.686666666666667,87.46666666666668,93,6
STU_00798,2.66,89.0,15,1
STU_00815,2.35,85.6,18,1
STU_01111,2.7,87.88000000000002,75,5
STU_01243,2.6,84.92,57,5
STU_01512,2.216666666666667,84.3,45,3
STU_01711,2.91,94.9,15,1
STU_01901,2.11,79.2,15,1
STU_02100,2.56,82.0,30,2
STU_02407,3.0933333333333337,90.56666666666668,39,3
STU_02410,2.5140000000000002,83.96000000000001,72,5
STU_02560,2.95,88.65,30,2
STU_02731,2.51,77.5,36,2
STU_02745,3.3,89.19999999999999,60,4
STU_02874,2.445,93.6,75,4
STU_03122,2.283333333333333,78.63333333333333,45,3
STU_03342,2.6100000000000003,88.6,33,2
STU_03609,2.9266666666666663,83.86666666666667,72,7
STU_03613,2.75,82.9,15,1
STU_03684,2.665,95.4,30,2
STU_03844,2.62,82.48749999999998,141,8
STU_04111,2.75,87.8,48,3
STU_04580,2.3716666666666666,81.86666666666666,69,6
STU_04623,2.27,89.35,36,2
STU_04784,2.3,82.825,123,8
STU_04978,2.7950000000000004,86.98333333333333,66,6
STU_05127,2.9560000000000004,88.17999999999999,87,5
STU_05164,2.89,96.5,15,1
STU_05167,2.96,86.7,15,1
STU_05282,2.59,74.13333333333333,54,3
STU_05289,2.5614285714285714,85.45714285714287,126,7
STU_05779,1.86,86.5,15,1
STU_06178,2.2800000000000002,83.10000000000001,72,4
STU_06184,2.84,78.2,12,1
STU_06557,3.062,92.52000000000001,84,5
STU_06633,2.83,87.65,36,2
STU_06818,3.3899999999999997,91.9,75,5
STU_06994,2.4859999999999998,81.58,75,5
STU_07150,2.53,85.5,15,1
STU_07173,2.74,93.6,15,1
STU_07299,1.68,81.6,18,1
STU_07443,3.56,85.7,15,1
STU_08041,2.8600000000000003,89.05,36,2
STU_08133,1.83,86.55,30,2
STU_08764,2.5575,91.375,60,4
STU_08766,2.287142857142857,78.72857142857143,105,7
STU_04359,3.3075,89.19999999999999,42,4
STU_05743,2.9539999999999997,93.36,57,5
STU_06913,3.0385714285714287,86.08571428571429,99,7
STU_06914,2.08,89.5,18,1
STU_07939,2.6449999999999996,80.875,60,4
STU_00170,2.893333333333333,89.43333333333334,90,6
STU_00203,2.93,89.5,48,4
STU_00253,2.521666666666667,82.63333333333334,90,6
STU_00372,3.55,91.8,33,2
STU_00705,3.0524999999999998,81.625,60,4
STU_00757,2.925,87.0,30,2
STU_01156,2.85,90.8,54,3
STU_01182,3.355,93.85,30,2
STU_01244,3.603333333333333,93.40000000000002,42,3
STU_01274,2.6733333333333333,85.43333333333334,45,3
STU_01356,2.91,83.85,30,2
STU_01971,2.45,85.38333333333333,93,6
STU_02063,2.4400000000000004,86.92,75,5
STU_02169,2.63125,90.47499999999998,93,8
STU_02867,2.698571428571429,81.21428571428571,108,7
STU_03539,2.4899999999999998,81.01428571428572,99,7
STU_03600,2.86,79.9125,120,8
STU_03911,2.425,89.875,60,4
STU_04040,2.4983333333333335,80.3,93,6
STU_04172,2.882,81.05999999999999,87,5
STU_04175,2.548,84.72,75,5
STU_04183,2.61,92.1,30,2
STU_04486,2.665,83.2,27,2
STU_04656,3.3200000000000003,96.4,24,2
STU_04692,2.925,98.7,36,2
STU_04743,3.09,91.6,15,1
STU_05163,3.1,84.2,18,1
STU_05407,2.95,90.19999999999999,36,2
STU_05550,1.49,84.8,15,1
STU_05894,3.2733333333333334,93.2,48,3
STU_06016,2.645,89.15,60,5
STU_07628,2.62,87.4,12,1
STU_07733,3.075714285714285,89.3,105,7
STU_07754,2.78,87.1,18,1
STU_07771,2.50625,81.0125,123,8
STU_08134,3.335,86.4,36,2
STU_08190,2.205,87.68333333333332,93,6
STU_08600,3.0374999999999996,90.52499999999999,96,8
STU_08653,2.635,89.45,30,2
STU_08785,3.36,83.4,12,1
STU_08824,2.12,80.3,18,1
STU_08841,2.5566666666666666,86.43333333333334,51,3
STU_08526,2.5,85.3,45,3
STU_00313,2.9800000000000004,85.23333333333333,42,3
STU_00367,1.92,72.9,72,4
STU_00506,2.546666666666667,88.0,54,3
STU_00552,3.102,88.32000000000001,78,5
STU_01018,3.085714285714286,90.74285714285713,99,7
STU_01135,2.6371428571428575,82.5142857142857,105,7
STU_01213,2.37,81.1875,120,8
STU_01267,2.7,87.17500000000001,48,4
STU_01281,2.41125,80.9125,117,8
STU_01835,2.785,84.58333333333333,87,6
STU_01894,3.2875,91.675,60,4
STU_01984,3.373333333333333,84.16666666666667,42,3
STU_01992,2.64,86.86666666666667,42,3
STU_02343,2.705,89.0,33,2
STU_02465,2.4699999999999998,75.93333333333332,36,3
STU_02517,2.7979999999999996,79.97999999999999,72,5
STU_02540,2.816,89.84,90,5
STU_02696,2.361666666666667,82.64999999999999,69,6
STU_02756,3.08,86.75,30,2
STU_03488,2.994,87.86,69,5
STU_03647,2.19,90.05000000000001,36,2
STU_03662,3.425,82.0,30,2
STU_03665,3.057142857142857,86.44285714285714,129,7
STU_03742,3.205,87.4,27,2
STU_03784,2.7974999999999994,80.6125,117,8
STU_03866,2.9825,81.92500000000001,51,4
STU_04524,2.785,84.21666666666665,90,6
STU_05069,2.46,88.8,12,1
STU_05252,2.0500000000000003,86.30000000000001,60,4
STU_05413,3.44,91.3,39,2
STU_05556,2.7728571428571427,90.47142857142856,111,7
STU_06103,2.9333333333333336,87.0,105,6
STU_06202,2.65,87.15,33,2
STU_06604,2.634,82.96000000000001,57,5
STU_06605,2.2600000000000002,83.3,63,4
STU_06793,2.652857142857143,85.77142857142857,105,8
STU_07069,2.95,88.3,18,1
STU_08090,2.7271428571428573,84.91428571428571,105,7
STU_08186,2.8625,87.225,60,4
STU_08522,3.42,86.7,15,1
STU_05519,2.335,91.44999999999999,66,4
STU_07541,3.42,79.7,63,4
STU_00167,3.09,86.7,15,1
STU_00193,2.9699999999999998,83.78571428571429,90,7
STU_00307,3.258,85.1,75,5
STU_00331,1.92,82.7,15,1
STU_00577,2.5887499999999997,89.4625,123,8
STU_00646,2.7199999999999998,89.21428571428571,108,7
STU_00656,2.96,81.5,18,1
STU_00808,3.1266666666666665,81.58333333333333,93,6
STU_00887,2.6199999999999997,83.63333333333334,48,3
STU_00907,2.19,94.0,12,1
STU_01115,3.11,92.60000000000001,78,6
STU_01698,2.652,88.24,57,5
STU_01943,2.9825,88.975,60,4
STU_02004,3.0100000000000002,84.52857142857144,126,7
STU_02368,2.87,77.78750000000001,114,8
STU_02373,2.6128571428571425,84.22857142857143,105,7
STU_03048,2.5625,82.35,57,4
STU_03353,2.81,77.45,30,2
STU_03481,3.158333333333333,78.71666666666668,87,6
STU_03767,2.518,78.12,63,5
STU_03841,3.14,86.475,93,8
STU_03860,3.0700000000000003,84.64999999999999,51,4
STU_03888,2.85,83.0,12,1
STU_04528,3.1025000000000005,89.8,69,4
STU_04638,2.91375,78.25,120,8
STU_05341,1.96,98.7,18,1
STU_05554,3.08,80.3,15,1
STU_05663,2.52,91.8,15,1
STU_06117,2.76625,82.4375,93,8
STU_06211,2.14,81.8,15,1
STU_06417,2.6249999999999996,84.42500000000001,69,4
STU_07004,1.83,90.0,18,1
STU_08180,2.668,81.66000000000001,72,5
STU_08194,2.915,94.15,27,2
STU_04356,3.2600000000000002,85.67500000000001,60,4
STU_05604,2.89375,88.12499999999999,120,8
STU_05625,3.05,86.3,15,1
STU_05922,2.59125,77.4625,120,8
STU_07307,2.83,85.86666666666667,51,3
STU_07373,1.8566666666666667,82.01666666666667,90,7
STU_00025,2.562857142857143,84.78571428571426,78,7
STU_00304,2.89,86.39999999999999,48,3
STU_00476,2.2039999999999997,84.54,87,5
STU_00548,1.9974999999999998,87.925,60,4
STU_00559,2.44,92.73333333333333,57,3
STU_00684,2.0949999999999998,77.35,27,2
STU_01013,3.73,94.7,12,1
STU_01124,2.7525,79.9875,144,8
STU_01349,2.9,94.425,72,4
STU_01359,2.08,81.02000000000001,75,5
STU_01468,2.9224999999999994,83.0,69,4
STU_01593,2.665,89.4,36,2
STU_02096,3.091428571428571,80.87142857142855,99,7
STU_02351,2.59,89.0,84,6
STU_02816,3.2060000000000004,83.84,69,5
STU_03036,2.6566666666666667,85.56666666666666,45,3
STU_03071,2.7075,80.25,60,4
STU_03231,2.1633333333333336,89.0,36,3
STU_03280,2.7487499999999994,89.03750000000001,96,8
STU_03479,2.71,82.12,78,5
STU_03835,2.726,88.94,78,5
STU_04103,3.1199999999999997,84.10000000000001,57,3
STU_04106,2.715,87.25,117,8
STU_04117,3.1825,82.85,120,8
STU_04136,2.52,80.13333333333334,45,3
STU_04591,2.4400000000000004,84.35,24,2
STU_04731,1.66,88.9,18,1
STU_04875,2.4916666666666667,86.19999999999999,93,6
STU_04914,2.38,82.3,27,2
STU_05095,3.4699999999999998,89.15,30,2
STU_05116,2.37,93.5,15,1
STU_05192,2.55375,89.33749999999999,144,8
STU_05318,3.166,89.05999999999999,75,5
STU_05397,2.84,90.69999999999999,30,2
STU_05537,2.9224999999999994,83.75,48,4
STU_06092,2.358571428571428,86.94285714285715,126,8
STU_06189,2.78,86.9,18,1
STU_06416,2.856666666666667,79.33333333333333,42,3
STU_06451,2.5824999999999996,80.225,114,8
STU_06865,3.122,90.1,75,5
STU_06979,2.4375,87.71249999999999,147,8
STU_07655,3.16,88.63333333333333,57,3
STU_07758,2.8657142857142857,84.67142857142856,111,7
STU_07784,3.4466666666666668,82.23333333333333,45,3
STU_08071,2.99,100.0,21,2
STU_08221,3.14,81.41666666666667,90,6
STU_08263,2.745,90.025,120,8
STU_08274,2.998,85.75999999999999,75,5
STU_08296,2.0,81.3,15,1
STU_08463,2.48,83.32,72,5
STU_08429,2.1500000000000004,93.5,36,2
STU_00040,2.31,89.25,30,2
STU_00189,2.9,78.93333333333332,45,3
STU_00249,2.8379999999999996,83.8,78,5
STU_00376,2.8174999999999994,89.02499999999999,48,4
STU_01040,3.4299999999999997,88.5,30,2
STU_01092,3.08,94.6,30,2
STU_01130,3.4066666666666663,86.60000000000001,45,3
STU_01205,2.45,80.5,30,2
STU_01415,2.8825000000000003,86.25,63,4
STU_01470,2.8475,86.42500000000001,63,4
STU_01576,3.19,92.6,15,1
STU_01581,2.6149999999999998,80.44999999999999,60,4
STU_01616,2.9050000000000002,86.45,27,2
STU_01735,2.965,87.275,120,8
STU_01738,2.5914285714285716,82.34285714285714,126,7
STU_01811,2.596,86.02,78,5
STU_02211,2.845,91.25,33,2
STU_02547,1.795,86.65,39,2
STU_02712,3.06,94.6,12,1
STU_02751,3.1050000000000004,81.6,33,2
STU_02933,2.405,83.4,57,4
STU_03289,2.77,90.03333333333335,33,3
STU_03477,2.8175,87.7625,141,8
STU_03583,3.01,81.1,15,1
STU_03681,2.34,81.7,78,5
STU_03734,2.33,93.1,18,1
STU_03943,2.5175,80.625,66,4
STU_04380,2.953333333333333,93.39999999999999,45,3
STU_04630,2.12,83.8,18,1
STU_04739,3.22,98.3,12,1
STU_04789,2.98,88.25,30,2
STU_04818,2.3020000000000005,79.84,78,5
STU_04993,2.0124999999999997,83.525,60,4
STU_05251,2.73,90.2,33,2
STU_05355,2.54,91.4,21,1
STU_05388,3.48,93.8,15,1
STU_05491,2.5966666666666667,89.06666666666666,42,3
STU_05595,3.0820000000000003,82.19999999999999,63,5
STU_05971,2.76,90.75,33,2
STU_05995,2.25,89.0,15,1
STU_06053,2.2475,87.77499999999999,63,4
STU_06327,2.006,85.72,93,5
STU_06360,3.111666666666667,82.39999999999999,87,6
STU_07083,2.4033333333333338,79.13333333333334,45,3
STU_07777,2.79,90.9,15,1
STU_08627,2.7,88.5,15,1
STU_08662,2.755,90.2,21,2
STU_08663,2.7325000000000004,81.98750000000001,117,8
STU_07422,2.6633333333333336,96.76666666666667,45,3
STU_07862,2.6239999999999997,88.78,78,5
STU_00219,3.305,88.44999999999999,27,2
STU_00641,2.97,93.2,18,1
STU_00900,2.646,82.03999999999999,78,5
STU_01368,2.6075,91.65,54,4
STU_01545,2.9666666666666663,91.46666666666665,36,3
STU_01560,2.6174999999999997,80.92500000000001,45,4
STU_01959,2.151666666666667,77.33333333333333,105,6
STU_02481,2.8780000000000006,91.84,72,5
STU_02672,2.215,84.725,45,4
STU_02857,2.796666666666667,90.59999999999998,33,3
STU_02973,2.68375,76.47500000000001,123,8
STU_02989,2.745,94.6,33,2
STU_03141,2.27,82.16666666666667,54,3
STU_03244,2.76,88.575,60,4
STU_03555,2.705,85.95,117,8
STU_03663,2.682,83.84,78,5
STU_04217,2.9050000000000002,89.35,30,2
STU_04286,3.1999999999999997,92.6,54,4
STU_04466,2.3099999999999996,86.9,30,2
STU_04704,1.96,76.73750000000001,96,8
STU_05285,2.652857142857143,87.10000000000001,102,7
STU_05852,2.8616666666666664,87.93333333333334,96,6
STU_05954,1.99,86.8,12,1
STU_05964,2.48,84.7,15,1
STU_06038,2.685,81.5875,123,8
STU_06134,3.091666666666667,87.46666666666665,90,6
STU_06284,2.865,83.85,24,2
STU_06624,2.742857142857143,83.18571428571428,108,7
STU_06947,2.5666666666666664,81.76666666666667,33,3
STU_07139,2.305,78.41666666666667,69,6
STU_07185,2.55,85.375,63,4
STU_07200,2.6,87.2,18,1
STU_07527,2.145,90.675,63,4
STU_07685,2.4212499999999997,80.8875,117,8
STU_07809,2.04,84.3,27,2
STU_07983,3.3533333333333335,81.73333333333333,42,3
STU_08377,3.0766666666666667,82.5,69,6
STU_06236,2.95,83.5,24,2
STU_00078,2.51,86.9,30,2
STU_00280,3.0433333333333334,81.76666666666667,45,3
STU_00314,2.223333333333333,83.2,54,3
STU_00845,2.43,86.12,93,5
STU_00985,2.3666666666666667,93.2,42,3
STU_01034,2.6666666666666665,88.7,54,3
STU_01342,2.41,88.9,18,1
STU_01684,2.8314285714285714,84.11428571428573,87,7
STU_01705,1.7387500000000002,81.63749999999999,147,8
STU_02594,3.0620000000000003,85.92,75,5
STU_02723,2.621428571428571,82.91428571428573,78,7
STU_02814,1.78,91.7,18,1
STU_03379,2.1125,90.7,78,4
STU_03582,2.9942857142857138,78.35714285714286,108,7
STU_03617,2.6616666666666666,83.45,90,6
STU_03787,2.725,80.95,66,6
STU_03996,3.0325,87.525,48,4
STU_04184,3.0,80.6,15,1
STU_04212,2.7512499999999998,83.81250000000001,141,8
STU_04226,2.9075,88.45,60,4
STU_04459,3.2,89.0,18,1
STU_04828,2.174,77.53999999999999,72,5
STU_05772,2.8375000000000004,85.625,60,4
STU_06243,2.8449999999999998,83.05000000000001,33,2
STU_06392,3.0700000000000003,87.86666666666667,54,3
STU_06588,2.7660000000000005,90.84,75,5
STU_07076,2.5866666666666664,78.10000000000001,48,3
STU_07186,2.895,86.97500000000001,57,4
STU_07250,3.12,90.4,15,1
STU_07294,3.61,95.9,15,1
STU_07715,2.708,80.96000000000001,75,5
STU_07880,2.8950000000000005,81.65,72,4
STU_07958,2.623333333333333,85.8,45,3
STU_08022,2.92875,87.975,93,8
STU_08247,2.5828571428571427,86.38571428571429,84,7
STU_07437,2.55,82.3,18,1
STU_07717,2.11,79.89999999999999,45,3
STU_07724,1.9,89.6,12,1
STU_00292,2.4725,82.575,60,4
STU_00359,2.5149999999999997,83.5,30,2
STU_00360,2.978,88.00000000000001,78,5
STU_00608,2.79625,89.9375,120,8
STU_00657,2.6725,82.4,54,4
STU_00678,2.9450000000000003,86.98333333333333,90,6
STU_00748,2.38,79.01428571428572,108,7
STU_00769,2.3633333333333333,81.73333333333333,45,3
STU_01228,3.1133333333333333,90.63333333333333,45,3
STU_01351,2.937142857142857,84.98571428571428,105,7
STU_01712,3.18,94.5,18,1
STU_01728,1.115,90.35,36,2
STU_01987,2.824,88.16,75,5
STU_02162,3.05,83.5,15,1
STU_02951,1.99,89.4,18,1
STU_03119,2.74625,80.975,114,8
STU_03125,3.435,84.27499999999999,57,4
STU_03448,2.93,90.6,15,1
STU_03678,2.71375,81.2875,120,8
STU_03754,2.6637500000000003,80.5125,123,8
STU_03839,2.1950000000000003,83.05000000000001,30,2
STU_03842,2.47,80.0,15,1
STU_04967,2.90625,82.125,120,8
STU_05419,3.26,87.8,15,1
STU_05710,3.52,94.2,36,2
STU_06375,3.29,89.80000000000001,30,2
STU_06418,2.786666666666667,79.19999999999999,90,6
STU_06701,2.7674999999999996,87.87500000000001,138,8
STU_06751,2.325,82.2,36,2
STU_06915,2.8775,85.425,48,4
STU_06919,2.706666666666667,86.66666666666667,42,3
STU_07334,2.22,85.4,18,1
STU_07484,2.604,90.67999999999999,69,5
STU_07523,3.13,95.35,36,2
STU_07737,2.65,79.9,15,1
STU_08057,2.8233333333333337,89.8,54,3
STU_08240,2.388,88.04,63,5
STU_08696,2.71375,88.2125,120,8
STU_08725,2.9825,89.65,66,4
STU_06598,3.54,94.9,12,1
STU_06644,3.1719999999999997,83.58000000000001,75,5
STU_06841,2.94,93.15,24,2
STU_07609,3.69,89.0,18,1
STU_08466,2.6966666666666668,86.7,42,3
STU_00435,3.1333333333333333,87.76666666666667,45,3
STU_00453,2.4,84.2,18,1
STU_01322,2.6375,78.13749999999999,93,8
STU_02047,2.8,90.15,33,2
STU_02058,3.03,95.2,24,2
STU_02300,3.0566666666666666,87.46666666666665,36,3
STU_02377,2.266666666666667,81.46666666666665,87,6
STU_02884,2.3125,84.425,63,4
STU_02907,2.29,80.81666666666666,87,6
STU_03455,3.19,86.86666666666667,51,3
STU_03532,2.4033333333333333,88.58333333333333,84,6
STU_03625,3.4,84.7,12,1
STU_03816,2.766666666666667,85.89999999999999,39,3
STU_03941,2.6875000000000004,80.36250000000001,93,8
STU_04802,2.76,86.2,15,1
STU_04944,2.9133333333333336,80.43333333333334,36,3
STU_04957,2.9425,82.74999999999999,99,8
STU_05059,2.68,83.12857142857142,105,7
STU_05486,2.9166666666666665,88.53333333333335,36,3
STU_05633,2.4962500000000003,85.7625,96,8
STU_05699,2.87,83.41428571428571,84,7
STU_05782,3.1450000000000005,95.87499999999999,72,4
STU_06533,2.436666666666667,91.7,51,3
STU_06754,1.94,79.6,21,2
STU_06756,2.907142857142857,83.47142857142858,105,7
STU_06989,2.215,84.2,33,2
STU_07141,2.1775,84.475,48,4
STU_07590,1.7875,81.225,72,4
STU_07726,1.7349999999999999,89.5,33,2
STU_07854,2.9,89.2,12,1
STU_08044,2.878,80.84,72,5
STU_08045,3.19,90.05,27,2
STU_08049,2.7583333333333333,86.16666666666664,87,6
STU_08055,3.0162500000000003,89.075,150,8
STU_08307,2.62,85.65,24,2
STU_08396,2.5625,85.69999999999999,57,4
STU_08690,3.22,85.39999999999999,51,3
STU_04597,2.41,87.43333333333334,39,3
STU_07399,3.0760000000000005,84.7,75,5
STU_07934,2.97,91.1,12,1
STU_00109,2.52,88.05,24,2
STU_00175,3.43,82.2,12,1
STU_00437,2.7175,84.75,57,4
STU_00785,2.86,90.3,18,1
STU_00799,2.738571428571429,97.89999999999999,108,7
STU_00805,2.138,82.6,87,5
STU_01264,3.0100000000000002,83.975,51,4
STU_01409,3.5,87.55,27,2
STU_01634,3.78,81.0,12,1
STU_01666,3.15,90.0,51,3
STU_01851,2.62,93.2,15,1
STU_02402,2.375,90.1,36,2
STU_02528,2.9025,73.94999999999999,48,4
STU_02546,3.1966666666666668,90.13333333333333,42,3
STU_02681,2.81,79.5,36,2
STU_03278,3.5,90.5,18,1
STU_03724,2.71375,77.2875,120,8
STU_03897,2.9266666666666663,77.56666666666666,45,3
STU_04092,3.29,93.7,18,1
STU_04791,3.2128571428571426,80.7857142857143,126,7
STU_05432,2.915,82.65,27,2
STU_06223,2.8550000000000004,85.03333333333333,72,6
STU_06316,2.8000000000000003,83.60000000000001,45,3
STU_06319,3.117142857142857,84.5,84,7
STU_06410,2.6,82.58571428571429,102,7
STU_06789,1.8119999999999998,85.7,84,5
STU_06891,2.644285714285714,87.38571428571427,87,7
STU_07130,2.9159999999999995,83.66,60,5
STU_07174,2.03,93.5,15,1
STU_07635,2.745,82.5,60,4
STU_07668,2.026666666666667,87.56666666666666,45,3
STU_07844,2.7275,88.625,57,4
STU_08082,2.8200000000000003,86.1,30,2
STU_08095,3.1033333333333335,93.60000000000001,42,3
STU_08119,3.5200000000000005,88.47999999999999,75,5
STU_08163,2.473333333333333,78.66666666666667,36,3
STU_08420,3.358333333333333,92.96666666666665,87,7
STU_05568,1.7149999999999999,84.6,27,2
STU_06836,2.14,84.5,12,1
STU_07575,2.48625,90.375,126,8
STU_08669,2.26875,85.7625,87,8
STU_00049,3.03,85.2,18,1
STU_01006,3.5766666666666667,89.06666666666666,48,3
STU_01268,3.0728571428571425,83.44285714285715,120,7
STU_01313,2.14,93.0,12,1
STU_01594,2.685,92.8,69,4
STU_01754,2.67,80.2,15,1
STU_01853,2.17,82.33333333333333,45,3
STU_02000,2.14,86.73333333333335,54,3
STU_02244,2.811666666666667,82.05,93,6
STU_02558,2.28,85.26666666666667,45,3
STU_02727,2.9633333333333334,83.5,54,3
STU_02817,2.71,91.6,30,2
STU_02895,2.4285714285714284,83.84285714285714,105,7
STU_03173,3.08,91.2,18,1
STU_03257,3.0,84.01666666666667,90,6
STU_03275,3.5300000000000002,91.55,33,2
STU_03300,2.9059999999999997,82.9,75,5
STU_03945,2.4171428571428573,83.58571428571429,108,7
STU_04213,2.55,83.225,117,8
STU_04240,2.6,86.85,33,2
STU_04527,3.04,90.3,15,1
STU_04725,2.81,80.48333333333333,72,6
STU_05056,3.42,79.7,12,1
STU_05088,2.38,77.5,15,1
STU_05189,2.1933333333333334,88.03333333333335,48,3
STU_05216,3.0750000000000006,84.14999999999999,84,6
STU_05238,2.48,81.2,18,1
STU_05524,2.8600000000000003,92.88571428571429,123,7
STU_05555,3.1599999999999997,83.475,48,4
STU_05638,2.0375,90.625,72,4
STU_05889,3.1271428571428572,73.2,108,7
STU_06522,2.71,90.8,15,1
STU_06798,1.73,78.5,18,2
STU_06839,1.6099999999999999,79.65,33,2
STU_07028,2.6725000000000003,84.725,57,4
STU_07179,2.5525,82.825,96,8
STU_07325,2.546666666666667,84.1,45,3
STU_07478,2.2649999999999997,81.95,27,2
STU_07485,2.6314285714285712,84.84285714285714,102,7
STU_07972,2.4683333333333333,87.93333333333334,93,6
STU_08058,2.915,84.4,24,2
STU_08295,2.0700000000000003,83.25,60,4
STU_08490,2.5087499999999996,82.1875,123,8
STU_08759,2.7775,82.3125,120,8
STU_04536,2.8333333333333335,83.13333333333334,36,3
STU_07370,3.22,89.3,15,1
STU_07827,1.62,90.7,18,1
STU_07831,2.29,82.7,18,2
STU_00003,2.8375,88.29999999999998,60,4
STU_00015,2.9766666666666666,92.0,45,3
STU_00031,2.6166666666666667,93.36666666666667,45,3
STU_00208,2.3783333333333334,81.66666666666667,90,6
STU_00302,3.4050000000000002,88.30000000000001,21,2
STU_00445,2.6133333333333333,86.2,48,3
STU_00917,2.69,85.46666666666665,42,3
STU_01090,2.066666666666667,85.76666666666667,108,6
STU_01255,3.04,84.55000000000001,66,4
STU_02285,2.4966666666666666,79.06666666666668,54,3
STU_02418,2.88,90.8,24,2
STU_02785,1.975,87.44999999999999,33,2
STU_02859,2.8525,92.85,60,4
STU_02999,2.535,83.05,21,2
STU_03022,2.391666666666666,86.39999999999999,75,6
STU_03162,2.12,80.9,21,1
STU_03807,2.8625,90.775,57,4
STU_04262,2.77,87.63333333333333,48,3
STU_04489,2.4850000000000003,91.35,24,2
STU_04726,2.4200000000000004,84.52000000000001,63,5
STU_04862,3.1000000000000005,82.53999999999999,75,5
STU_05424,2.81625,84.925,126,8
STU_06462,2.6466666666666665,84.3,57,3
STU_06566,3.48,78.975,48,4
STU_06874,2.43,82.9,12,1
STU_07089,2.44,89.2,33,2
STU_07133,2.733333333333333,84.96666666666665,90,6
STU_07285,2.582,86.14000000000001,75,5
STU_07600,3.415,94.6,36,2
STU_07795,3.46,91.1,63,4
STU_07858,3.005,92.0,60,4
STU_08086,2.742,77.08,60,5
STU_08121,2.645,86.425,48,4
STU_08212,3.3166666666666664,92.39999999999999,45,3
STU_05138,3.4650000000000003,90.575,60,4
STU_06668,2.976,76.17999999999999,78,5
STU_06816,2.3449999999999998,81.25,30,2
STU_07929,2.4033333333333338,84.46666666666665,45,3
STU_00158,2.3757142857142854,84.84285714285716,105,7
STU_00223,1.7675,82.4,63,4
STU_00264,2.145,74.4,30,2
STU_00283,2.955,84.9375,126,8
STU_00513,2.66,82.55000000000001,24,2
STU_00618,2.5949999999999998,87.5,30,2
STU_01198,2.7775,82.64999999999999,60,4
STU_01263,2.19,86.75,36,2
STU_01271,2.7199999999999998,83.42500000000001,63,4
STU_01460,1.68,79.5,39,2
STU_01796,2.1933333333333334,84.13333333333334,54,3
STU_02065,2.9514285714285715,87.58571428571427,129,7
STU_02067,3.18,83.76000000000002,87,6
STU_02098,2.7060000000000004,88.16,78,5
STU_02163,2.9037500000000005,94.5375,123,8
STU_02269,2.516666666666667,94.06666666666666,45,3
STU_02322,2.791428571428572,72.57142857142857,90,7
STU_02480,3.062,89.85999999999999,72,5
STU_02502,2.716666666666667,88.69999999999999,45,3
STU_02555,2.646666666666667,86.46666666666665,45,3
STU_02593,2.7079999999999997,88.83999999999999,75,5
STU_02649,3.68,95.4,15,1
STU_03159,2.3166666666666664,80.16666666666667,42,3
STU_03194,3.18,90.8,15,1
STU_03214,3.23,92.9,9,1
STU_03232,2.44,86.40000000000002,45,3
STU_03249,3.26,96.5,12,1
STU_03670,2.55,88.8,18,1
STU_03771,2.07,83.0,15,1
STU_04062,2.158571428571429,87.32857142857142,81,7
STU_04067,3.0575,83.775,60,4
STU_04306,2.77,86.4,12,1
STU_04326,3.2566666666666664,88.16666666666667,39,3
STU_04352,3.21,86.75,30,2
STU_04532,3.008,84.78,60,5
STU_04749,3.05,98.1,12,1
STU_04951,2.745,83.925,57,4
STU_05079,2.7019999999999995,84.48,78,5
STU_05428,2.8799999999999994,81.67142857142858,105,7
STU_05485,3.0925,76.80000000000001,51,4
STU_05752,2.6100000000000003,81.35,27,2
STU_05861,2.7099999999999995,79.8,45,3
STU_05929,2.4883333333333333,84.50000000000001,90,6
STU_05930,2.94,95.5,12,1
STU_06087,1.85,83.75,30,2
STU_06384,1.98,90.45,36,2
STU_06784,2.0471428571428576,83.38571428571429,90,7
STU_07366,2.86,82.125,57,4
STU_07392,2.78,87.5,15,1
STU_07457,2.9433333333333334,93.90000000000002,36,3
STU_07556,1.913333333333333,82.96666666666667,51,3
STU_07951,3.4579999999999997,83.02000000000001,60,5
STU_08355,2.546666666666667,84.39999999999999,48,3
STU_08401,2.365,81.85,39,2
STU_08592,2.776666666666667,79.93333333333332,54,3
STU_08726,2.776,83.10000000000001,75,5
STU_08727,2.84,81.575,69,4
STU_08805,2.75,83.25,30,2
STU_08836,2.225,82.85,57,4
STU_04575,3.03,87.7,15,1
STU_06129,2.9050000000000002,86.35,30,2
STU_07408,2.7266666666666666,79.16666666666667,39,3
STU_07424,2.1079999999999997,82.32000000000001,75,5
STU_07426,2.5540000000000003,85.53999999999999,57,5
STU_07721,2.465,80.55,33,2
STU_08619,2.4375,86.35,60,4
STU_00400,3.03,92.4,21,1
STU_00403,2.8366666666666664,80.89999999999999,93,6
STU_00835,3.112,87.63999999999999,75,5
STU_00929,2.8575000000000004,78.65,63,4
STU_00943,2.9749999999999996,79.55000000000001,30,2
STU_01000,3.15625,82.775,126,8
STU_01218,2.5933333333333333,80.0,87,6
STU_01477,2.688333333333333,91.03333333333335,93,6
STU_01515,2.8440000000000003,84.35999999999999,78,5
STU_01585,2.665,86.0,30,2
STU_02168,2.6,93.5,15,1
STU_02301,2.975,77.9,30,2
STU_02442,3.0475000000000003,89.5,57,4
STU_02532,2.4014285714285712,91.10000000000001,105,7
STU_02912,2.79,90.04,72,5
STU_02948,2.53,93.1,15,1
STU_03564,2.3499999999999996,86.225,60,4
STU_03813,2.2749999999999995,79.925,51,4
STU_03833,3.06,89.3,24,2
STU_04084,2.96,80.95,60,4
STU_04160,2.525,94.75,30,2
STU_04454,2.78625,78.2625,120,8
STU_04545,3.016666666666667,82.38333333333333,87,6
STU_04639,2.61,88.03333333333332,63,6
STU_04983,3.56,94.4,15,1
STU_05066,1.9,90.1,18,1
STU_05155,2.9050000000000002,89.0,30,2
STU_05271,3.0220000000000002,88.06000000000002,90,5
STU_05321,1.6,84.80000000000001,33,2
STU_05327,2.2800000000000002,85.875,60,4
STU_05810,2.3566666666666665,86.36666666666667,36,3
STU_05854,2.9675000000000002,92.49999999999999,72,4
STU_05902,2.8716666666666666,85.96666666666665,105,6
STU_06200,2.69,81.36666666666667,87,6
STU_06739,3.105,85.65,30,2
STU_07318,2.964,72.34,75,5
STU_08130,2.934285714285714,83.32857142857144,105,7
STU_08269,2.84,85.275,123,8
STU_08326,2.788,84.16,75,5
STU_08767,3.216666666666667,90.33333333333333,45,3
STU_08856,3.3000000000000003,87.425,57,4
STU_00067,3.0933333333333333,84.48333333333333,96,6
STU_00115,2.98,82.55,24,2
STU_00419,2.621666666666667,81.39999999999999,93,6
STU_00482,2.3600000000000003,90.83749999999998,96,8
STU_00510,2.642857142857143,77.64285714285714,102,7
STU_00585,2.665,73.8,42,4
STU_00729,2.3433333333333337,80.83333333333333,36,3
STU_00778,2.9374999999999996,82.17500000000001,120,8
STU_01142,3.065,86.85,30,2
STU_01504,2.885,93.0,30,2
STU_01916,2.01,78.7,54,3
STU_02175,2.61,85.66666666666667,45,3
STU_02927,2.7379999999999995,80.25999999999999,75,5
STU_03155,2.5180000000000002,88.14000000000001,78,5
STU_03672,2.0300000000000002,82.30000000000001,36,2
STU_03705,2.002857142857143,81.48571428571428,123,7
STU_03934,2.73,87.74285714285715,99,7
STU_04102,2.5933333333333333,88.53333333333335,45,3
STU_04152,1.775,87.8,36,2
STU_04190,2.395,85.60000000000001,75,6
STU_04411,3.15,86.46000000000001,75,6
STU_04420,2.21,82.31428571428572,99,7
STU_04608,3.1339999999999995,87.74,75,5
STU_04762,2.51,82.45,30,2
STU_04852,2.92,79.025,48,4
STU_04896,2.72,92.2,15,1
STU_04942,3.3433333333333333,83.76666666666667,39,3
STU_05025,2.78125,91.97500000000001,123,8
STU_05648,2.52,85.5,15,1
STU_05667,3.226,82.44,63,5
STU_05668,2.8,83.25,72,4
STU_06040,2.435,84.55000000000001,27,2
STU_06518,2.484285714285714,82.7,108,7
STU_06799,3.07625,82.6,120,8
STU_07205,2.893333333333333,91.96666666666665,39,3
STU_07276,3.47,90.4,15,1
STU_07568,2.5033333333333334,90.73333333333335,51,3
STU_07991,2.7649999999999997,82.8,30,2
STU_08126,2.41,79.10000000000001,105,7
STU_07419,3.0840000000000005,89.02,78,5
STU_07928,2.5483333333333333,86.66666666666667,75,6
STU_00166,3.02,83.12857142857145,105,7
STU_00295,2.08,88.3,18,1
STU_00789,2.4666666666666663,87.7,45,3
STU_00891,2.6,82.76666666666667,45,3
STU_00950,2.55,87.95,27,2
STU_00975,3.14,90.425,72,4
STU_01273,2.6166666666666667,83.48333333333333,87,6
STU_01743,2.7183333333333337,83.81666666666666,87,6
STU_01806,2.3600000000000003,84.66250000000001,120,8
STU_01821,2.9675000000000002,83.425,96,8
STU_01920,2.48,85.1,15,1
STU_02306,3.0566666666666666,79.66666666666667,42,3
STU_02500,2.533333333333333,87.26666666666667,54,3
STU_02844,2.6916666666666664,82.13333333333334,105,6
STU_02945,3.4,84.7,27,2
STU_03238,2.4539999999999997,86.84,72,5
STU_03846,3.082,85.64000000000001,69,5
STU_03962,2.657142857142857,82.39999999999999,102,7
STU_04151,3.41,94.8,15,1
STU_04284,2.91,82.85,108,6
STU_04611,3.15,88.7,15,1
STU_04876,2.7350000000000003,94.45,24,2
STU_04947,2.196,85.38,60,5
STU_05106,3.07,91.6,12,1
STU_05441,2.5100000000000002,90.47500000000001,60,4
STU_05577,3.196,82.9,75,5
STU_05863,2.44,82.16666666666667,75,6
STU_06150,2.63,93.5,15,1
STU_06383,2.3533333333333335,87.66666666666667,45,3
STU_07010,2.26,92.9,12,1
STU_07148,3.48,85.8,12,1
STU_07363,2.4839999999999995,82.96,93,5
STU_07496,3.625,90.65,24,2
STU_07807,3.0125,80.325,48,4
STU_07879,2.4949999999999997,91.7875,93,8
STU_08548,2.4657142857142853,91.34285714285714,126,8
STU_08854,2.8614285714285717,83.01428571428572,111,7
STU_05716,2.7800000000000002,79.94999999999999,69,4
STU_06824,2.9066666666666667,85.53333333333335,36,3
STU_00162,2.6500000000000004,81.73333333333333,54,3
STU_00234,1.8699999999999999,84.99999999999999,54,3
STU_00454,2.6199999999999997,86.56666666666666,51,3
STU_00645,2.4975,92.475,48,4
STU_00869,3.2840000000000003,86.14,75,5
STU_01276,2.12,89.6,12,1
STU_01527,2.50375,81.175,117,8
STU_01896,2.8040000000000003,80.46,69,5
STU_02416,3.2350000000000003,82.7,48,4
STU_02888,3.074,81.78,60,5
STU_03032,2.57,91.6,15,1
STU_03077,2.6762500000000005,84.475,123,8
STU_03212,2.95,92.1,15,1
STU_03228,2.39,86.9,18,1
STU_03271,2.283333333333333,83.53333333333333,45,3
STU_03490,2.066,86.22,81,5
STU_03671,2.2640000000000002,80.97999999999999,78,5
STU_04191,2.65,80.05,27,2
STU_04312,2.41,85.2,12,1
STU_04346,2.6399999999999997,85.5,66,6
STU_04483,3.09,86.8,15,1
STU_04593,3.01,83.3,12,1
STU_04794,2.62,90.05000000000001,33,2
STU_05814,2.9124999999999996,79.475,57,4
STU_06028,2.8266666666666667,87.43333333333332,45,3
STU_06374,2.7425000000000006,87.53750000000001,117,8
STU_06617,1.77,77.55,30,2
STU_06886,2.896666666666667,81.85000000000001,90,6
STU_07006,3.28,88.6,15,1
STU_07120,2.085,83.7,36,2
STU_07198,3.3600000000000003,83.9,30,2
STU_07413,3.63,93.1,12,1
STU_07492,3.08,84.46666666666667,45,3
STU_08292,2.4,82.65,84,6
STU_08331,2.8366666666666664,88.7,39,3
STU_08502,2.41,98.9,18,1
STU_08738,2.7557142857142862,77.94285714285715,105,7
STU_06820,3.3175,85.95,72,4
STU_07577,2.835,79.0,30,2
STU_08706,2.39,82.7,36,2
STU_00043,2.6825,84.875,72,4
STU_00407,3.175,85.1,30,3
STU_00914,2.4114285714285715,87.6,105,7
STU_01710,2.646666666666667,89.26666666666667,42,3
STU_01783,3.01,79.46666666666665,33,3
STU_01786,2.275,81.7,30,2
STU_02037,3.3,79.1,12,1
STU_02534,2.4475,85.94999999999999,60,4
STU_02549,3.72,84.6,9,1
STU_03059,2.58,81.46,63,5
STU_04043,2.625,87.35,27,2
STU_04046,1.8314285714285712,79.10000000000001,126,7
STU_04093,2.75,81.14999999999999,51,4
STU_04266,2.89,98.4,15,1
STU_04431,2.32125,81.1625,120,8
STU_04446,3.23,78.95,90,6
STU_04503,2.825,87.0,30,2
STU_04573,2.8,89.7,36,2
STU_04604,3.295,93.69999999999999,36,2
STU_04766,1.7600000000000002,83.2,90,5
STU_04820,2.8449999999999998,88.5,30,2
STU_05081,2.5700000000000003,92.9,36,2
STU_05260,2.395,87.61666666666667,90,6
STU_05596,2.9866666666666664,89.01666666666667,105,6
STU_05711,2.615,93.85,39,2
STU_05976,2.23,78.925,144,8
STU_06147,2.7362499999999996,84.7625,147,8
STU_06222,2.7642857142857147,90.91428571428571,105,7
STU_06625,3.2199999999999998,90.6,24,2
STU_07018,2.313333333333333,82.56666666666666,42,3
STU_07225,2.76,87.3,18,1
STU_08089,2.4757142857142855,78.87142857142858,105,7
STU_08586,2.09,79.4,24,2
STU_08684,2.453333333333333,86.36666666666667,48,3
STU_08721,3.0725,81.8625,120,8
STU_05714,3.31,78.7,15,1
STU_07841,2.218,87.03999999999999,60,5
STU_00197,2.91,83.2,15,1
STU_00385,2.73,86.2857142857143,105,7
STU_00475,3.106666666666667,82.13333333333334,45,3
STU_00587,3.4066666666666663,86.89999999999999,42,3
STU_01290,3.0374999999999996,86.64999999999999,63,4
STU_01513,2.1574999999999998,86.825,72,4
STU_02105,2.8499999999999996,86.45,108,8
STU_02510,3.18,91.9,15,1
STU_02658,2.12,91.5,15,1
STU_03073,3.1385714285714283,90.15714285714284,105,7
STU_03127,2.9274999999999993,85.8875,132,8
STU_03332,2.815,88.25,30,2
STU_03544,2.52,83.05,30,2
STU_03898,2.52,91.93999999999998,90,5
STU_03980,2.5662499999999997,86.14999999999999,120,8
STU_04603,3.42,100.0,15,1
STU_04686,2.8314285714285714,81.81428571428572,105,7
STU_04815,2.5,97.4,12,1
STU_05378,2.3725,86.625,72,4
STU_06990,2.95,89.19999999999999,30,2
STU_07167,3.03,87.78333333333335,93,6
STU_07241,2.91,91.53333333333335,45,3
STU_07277,2.7,88.4,18,1
STU_08046,3.0966666666666662,92.48333333333333,87,6
STU_08053,3.03,97.2,15,1
STU_08185,2.266,82.72,78,5
STU_06817,2.575,79.8625,93,8
STU_07538,3.37,93.05,30,2
STU_07923,2.4516666666666667,82.25,93,6
STU_08426,2.6433333333333335,85.2,42,3
STU_00727,2.89,77.56666666666666,45,3
STU_01017,2.473333333333333,88.63333333333333,33,3
STU_01091,2.7249999999999996,87.45,27,2
STU_01324,2.5066666666666664,93.66666666666667,36,3
STU_01457,3.0,85.8,12,1
STU_01873,2.9325,88.35000000000001,60,4
STU_02138,2.69875,85.68750000000001,120,8
STU_02692,2.5460000000000003,85.4,72,5
STU_02748,2.7485714285714287,85.55714285714284,126,7
STU_02915,3.06,88.75,24,2
STU_03030,2.5666666666666664,85.63333333333333,48,3
STU_03051,3.17,88.3,18,1
STU_03347,2.5675,88.725,45,4
STU_03505,3.086,79.52000000000001,75,5
STU_03510,3.15,90.175,48,4
STU_03606,2.0233333333333334,85.96666666666665,54,3
STU_03762,2.762,87.54,75,5
STU_03929,2.4025,88.57499999999999,48,4
STU_04098,2.9575,90.17500000000001,66,4
STU_04141,2.145,84.64999999999999,66,4
STU_04178,2.4966666666666666,88.09999999999998,45,3
STU_04199,2.7771428571428567,78.58571428571429,126,7
STU_04320,2.9675,85.65,120,8
STU_04777,3.15,90.2,36,2
STU_04872,2.6700000000000004,79.46666666666668,45,3
STU_05123,2.84,88.44999999999999,36,2
STU_05336,2.62,87.95,24,2
STU_05429,2.9579999999999997,84.8,72,5
STU_05433,2.893333333333333,83.7,90,6
STU_05475,2.3449999999999998,89.35,36,2
STU_05492,2.467142857142857,84.39999999999999,102,7
STU_05510,2.8875,88.625,57,4
STU_05868,3.391428571428571,83.47142857142856,105,7
STU_05949,2.7328571428571427,87.4857142857143,126,7
STU_06209,2.16,81.1,12,1
STU_06267,2.3366666666666664,89.89999999999999,57,3
STU_06371,3.325,92.5,36,2
STU_06546,2.615,89.94999999999999,24,2
STU_06590,2.85,84.8,15,1
STU_06603,2.998,80.78,75,5
STU_07280,2.2,79.4,12,1
STU_07292,2.77,83.9,24,2
STU_07360,2.92,83.49999999999999,51,4
STU_07741,2.6366666666666667,88.06666666666668,33,3
STU_07907,2.6033333333333335,78.23333333333333,90,6
STU_07967,2.395,91.4,36,2
STU_07973,3.12,94.20000000000002,126,7
STU_08198,3.21,86.3,39,2
STU_08285,3.026,86.02000000000001,63,5
STU_08835,2.7875,80.26250000000002,117,8
STU_04317,2.9166666666666665,92.40000000000002,36,3
STU_05607,2.8842857142857143,79.02857142857144,87,7
STU_06128,2.83375,84.2625,120,8
STU_06911,2.59,95.6,18,1
STU_07309,1.9249999999999998,87.45,51,4
STU_07840,1.9674999999999998,83.35000000000001,72,4
STU_00346,2.7133333333333334,79.3,75,6
STU_00415,2.54,98.8,18,1
STU_00719,2.1100000000000003,80.66666666666667,54,3
STU_00762,2.55,89.8,15,1
STU_00868,3.29,97.4,18,1
STU_01123,3.0999999999999996,81.05,27,2
STU_02550,2.902857142857143,88.22857142857143,123,7
STU_02611,3.0319999999999996,86.28,78,5
STU_02641,2.94,98.6,15,1
STU_02646,1.925,80.05,30,2
STU_02939,2.7775000000000003,76.1375,96,8
STU_03715,2.3728571428571428,79.87142857142855,102,7
STU_03723,3.3950000000000005,89.17500000000001,48,4
STU_04308,1.7716666666666665,83.6,108,6
STU_04612,2.61,87.0,120,8
STU_04635,1.13,82.0,18,1
STU_04728,2.0366666666666666,86.5,45,3
STU_04908,3.0833333333333335,82.66666666666667,45,3
STU_05027,2.15,87.9,15,1
STU_05400,1.92,82.0,21,1
STU_05685,2.362,86.66,72,5
STU_06214,2.214,83.47999999999999,75,5
STU_06661,3.24,95.3,12,1
STU_06945,2.41,86.9,60,4
STU_07601,2.2733333333333334,84.3,84,6
STU_07904,2.9012500000000006,75.125,120,8
STU_08081,3.82,93.0,12,1
STU_08320,2.856666666666667,88.56666666666666,51,3
STU_08423,2.136,87.58000000000001,75,5
STU_08542,2.493333333333333,90.96666666666665,57,3
STU_08604,1.94,80.80000000000001,36,2
STU_08801,2.925,90.15,30,2
STU_08855,3.024285714285714,85.82857142857144,111,7
STU_08866,2.535,78.4,120,8
STU_05570,2.597142857142857,84.99999999999999,108,7
STU_06842,3.2925,93.7,60,4
STU_07823,1.94,77.7,18,1
STU_00095,3.165,91.77499999999999,60,4
STU_00408,2.34,89.39999999999999,54,3
STU_00604,1.8820000000000001,82.2,96,5
STU_00621,3.21,98.7,15,1
STU_00679,2.717142857142857,88.17142857142858,102,7
STU_00688,3.75,97.9,15,1
STU_00732,2.58,80.39999999999999,45,3
STU_00964,2.95,95.9,15,1
STU_01041,2.636,82.99999999999999,78,5
STU_01312,3.206666666666667,81.33333333333333,45,3
STU_01706,2.71,83.35,21,2
STU_02002,2.8642857142857143,89.04285714285716,102,7
STU_02563,2.6133333333333333,85.63333333333333,36,3
STU_02568,2.93,94.9,15,1
STU_02642,2.97,84.45,39,2
STU_02744,1.9699999999999998,88.19999999999999,72,4
STU_03095,2.3175,83.73750000000001,144,8
STU_03130,2.4,89.2,18,1
STU_03143,2.81,90.45,30,2
STU_03192,3.0580000000000003,79.6,75,5
STU_03273,2.25,82.675,78,4
STU_03520,2.6016666666666666,80.55,90,6
STU_03711,2.5799999999999996,85.61666666666667,108,6
STU_03716,1.3457142857142856,82.21428571428574,123,7
STU_04101,2.39,89.3,12,1
STU_04153,3.1625,81.4875,117,8
STU_04367,3.27,83.0,60,4
STU_04590,3.24,92.3,9,1
STU_04697,2.91,86.8,33,2
STU_04822,2.8160000000000003,80.34,75,5
STU_04915,3.1,90.0,12,1
STU_05186,2.5549999999999997,84.44999999999999,54,4
STU_05450,2.6733333333333333,94.76666666666665,111,6
STU_05811,3.068,79.17999999999999,63,5
STU_06162,2.0625,81.3625,147,8
STU_06305,2.31,87.05,36,2
STU_06536,2.8699999999999997,91.80000000000001,51,3
STU_06742,2.72,81.1,15,1
STU_06752,2.573333333333333,79.81666666666666,93,6
STU_06803,2.66,86.43333333333334,72,6
STU_07041,2.672857142857143,86.37142857142858,102,7
STU_07676,2.53,78.60000000000001,45,3
STU_08192,2.92,98.35,30,2
STU_08196,2.468,82.64,72,5
STU_08517,2.643333333333333,84.36666666666666,45,3
STU_07103,2.177142857142857,80.01428571428572,90,7
STU_07838,3.32,97.2,15,1
STU_07839,2.8200000000000003,92.44999999999999,24,2
STU_08152,2.1479999999999997,85.8,60,6
STU_08705,3.1424999999999996,81.025,57,4
STU_00179,2.6766666666666663,88.51666666666667,75,6
STU_00198,2.675,82.85,33,2
STU_00721,2.9575,85.25,60,4
STU_00744,2.4066666666666667,88.43333333333332,45,3
STU_00938,2.93,82.9,18,1
STU_01097,2.705,87.5,27,2
STU_01133,2.5575,78.23750000000001,126,8
STU_01266,2.4524999999999997,75.45,60,4
STU_01620,3.2520000000000002,87.5,78,5
STU_01780,2.8579999999999997,85.22,57,5
STU_01793,2.7883333333333336,79.51666666666667,72,6
STU_01918,2.525,85.0,93,6
STU_02170,2.1100000000000003,86.7,36,2
STU_02184,2.64,82.01666666666667,90,6
STU_02249,2.9171428571428573,84.01428571428572,111,7
STU_02261,2.8920000000000003,90.96000000000001,72,5
STU_02579,2.0025,91.625,69,4
STU_02588,1.59,81.06,96,5
STU_03005,2.36625,86.625,96,8
STU_03064,2.6314285714285712,75.61428571428573,78,7
STU_03193,2.716,83.42,75,5
STU_03391,3.18,88.2,15,1
STU_03605,2.61,94.3,12,1
STU_04376,2.755714285714286,85.6857142857143,87,7
STU_04501,3.0,83.83333333333333,87,6
STU_04858,3.0,81.6,15,1
STU_04869,2.106666666666667,89.73333333333333,57,3
STU_04966,2.828333333333333,84.38333333333333,66,6
STU_05136,2.5742857142857143,82.35714285714286,81,7
STU_05184,3.1733333333333333,92.46666666666665,45,3
STU_05451,3.28,85.38000000000001,84,5
STU_05765,2.784,82.84,75,5
STU_05771,2.348,94.6,75,5
STU_06057,2.7537499999999997,83.28750000000001,120,8
STU_06314,3.2337499999999997,82.6875,123,8
STU_06651,2.345,89.6,63,4
STU_07341,2.2825,80.0875,123,8
STU_07508,3.1,84.1,18,1
STU_07868,2.37,86.175,45,4
STU_08279,3.51,89.4,15,1
STU_08578,2.4375,85.36250000000001,114,8
STU_08776,2.668,82.62,72,5
STU_04309,3.63,85.8,12,1
STU_07833,1.8099999999999998,90.3,48,3
STU_00071,2.9699999999999998,82.55000000000001,30,2
STU_00183,2.6366666666666667,79.3,51,3
STU_00281,2.5066666666666664,87.8,54,3
STU_00649,2.8074999999999997,87.83749999999999,111,8
STU_00980,3.087142857142857,87.61428571428571,114,7
STU_01141,2.8449999999999998,85.5,30,2
STU_01160,2.025,78.5,33,2
STU_01170,2.71,86.85,30,2
STU_01206,2.48,90.35,36,2
STU_01440,2.8775,85.925,60,4
STU_01557,2.4633333333333334,90.73333333333335,48,3
STU_01836,2.195,84.0,36,2
STU_01882,3.1733333333333333,83.36666666666667,45,3
STU_01957,2.87,84.30000000000001,36,2
STU_02231,3.0733333333333337,78.86666666666666,45,3
STU_02240,2.3325,83.4,48,4
STU_02889,3.305,87.3,33,2
STU_02935,3.22,88.17999999999999,75,5
STU_02971,2.506666666666667,80.46666666666665,42,3
STU_03177,2.465,77.75,27,2
STU_03386,2.6885714285714286,82.48571428571428,84,7
STU_03756,2.6660000000000004,83.02,78,5
STU_03977,2.215,86.8,33,2
STU_04001,2.42,90.5,15,1
STU_04792,3.182,82.64,78,5
STU_04857,2.3249999999999997,83.7,90,6
STU_04927,2.8325,86.80000000000001,60,4
STU_05797,3.05,80.0,15,1
STU_05817,1.75,80.32499999999999,72,4
STU_07134,2.865,87.25,147,8
STU_07263,2.35,83.89999999999999,69,4
STU_08236,2.7133333333333334,92.8,45,3
STU_08303,2.4162500000000002,83.5,126,8
STU_08388,2.855,87.375,114,8
STU_06297,2.5185714285714282,78.9,102,7
STU_07819,3.17,89.5,30,2
STU_00653,2.54,86.55714285714285,108,7
STU_00655,2.8485714285714283,82.14285714285714,99,7
STU_00698,2.776666666666667,83.73333333333333,39,3
STU_00906,3.07,88.4,12,1
STU_01039,1.97,86.425,60,4
STU_01059,1.8537500000000002,75.24999999999999,144,8
STU_01518,2.54,87.4,27,2
STU_01535,2.893333333333333,84.13333333333333,51,3
STU_01769,3.225,88.10000000000001,105,6
STU_01913,2.75,89.8,18,1
STU_02090,3.3,88.75,27,2
STU_02493,2.7083333333333335,86.28333333333332,90,6
STU_02773,3.013333333333333,92.56666666666666,45,3
STU_03903,2.596666666666667,81.83333333333333,39,3
STU_04210,3.415,83.35,24,2
STU_04798,2.7916666666666665,83.13333333333334,90,6
STU_04968,3.0625,89.8375,120,8
STU_05004,2.4850000000000003,87.05000000000001,27,2
STU_05089,2.5157142857142856,83.8,105,7
STU_05172,2.1550000000000002,88.45,39,2
STU_05307,2.4983333333333335,89.68333333333334,108,6
STU_05315,2.5966666666666667,91.13333333333333,45,3
STU_05534,2.41,85.6,15,1
STU_05536,3.41,92.1,15,1
STU_05652,2.29,82.2,18,1
STU_06277,2.8416666666666663,87.85000000000001,75,6
STU_06402,2.435,85.3375,117,8
STU_06888,2.52,89.9,18,1
STU_06943,2.29,89.1,15,1
STU_07332,2.358571428571428,86.12857142857142,84,7
STU_07899,2.6462499999999998,81.60000000000001,117,8
STU_07982,2.5100000000000002,78.46666666666667,33,3
STU_08021,3.1475,85.975,72,4
STU_08054,2.9050000000000002,82.4,24,2
STU_08259,2.705,85.64999999999999,123,8
STU_08613,3.07,94.0,15,1
STU_05179,2.488,83.47999999999999,60,5
STU_06287,2.3612500000000005,82.65,120,8
STU_06677,2.8366666666666673,82.26666666666667,87,6
STU_00161,2.7775,92.725,60,4
STU_00207,2.69,93.1,15,1
STU_00568,2.245,86.375,72,4
STU_00622,3.8,91.1,12,1
STU_00865,2.701428571428571,81.15714285714286,129,7
STU_01055,2.7180000000000004,81.36,57,5
STU_01447,2.77,91.1,30,2
STU_01690,2.514285714285714,90.58571428571427,99,7
STU_01691,2.0,79.94999999999999,24,2
STU_02179,2.17,80.1,15,1
STU_02268,2.523333333333333,79.98333333333333,111,6
STU_02326,2.28,82.74,93,5
STU_02342,2.7325,78.275,72,4
STU_02453,2.9080000000000004,88.29999999999998,60,5
STU_02485,3.086,73.84,72,5
STU_02819,3.174,88.42,93,5
STU_02825,3.145,86.5,30,2
STU_03150,2.58625,79.05,120,8
STU_03274,2.3499999999999996,82.8,30,2
STU_03666,2.456666666666667,81.46666666666665,48,3
STU_03718,2.9250000000000003,84.5625,87,8
STU_04182,2.581666666666667,84.85,87,6
STU_04321,2.835,82.175,57,4
STU_04615,2.5175,80.47500000000001,48,4
STU_04702,2.2714285714285714,74.95714285714287,87,7
STU_04867,2.585714285714286,85.52857142857144,126,7
STU_04892,2.8525,91.2,72,4
STU_05013,2.4299999999999997,76.05,30,2
STU_05096,2.653333333333333,90.18333333333332,90,6
STU_05437,3.0285714285714285,88.07142857142857,108,7
STU_05676,3.276666666666667,88.7,39,3
STU_05927,1.9580000000000002,81.94000000000001,93,5
STU_06093,3.0450000000000004,87.3,144,8
STU_06094,3.105,84.85,24,2
STU_06244,2.6174999999999997,83.36250000000001,117,8
STU_06959,2.665,86.025,57,4
STU_07398,2.4450000000000003,80.05000000000001,24,2
STU_07506,2.2433333333333336,81.56666666666666,42,3
STU_07708,2.84,89.33333333333333,54,3
STU_07873,2.5100000000000002,87.8,39,3
STU_08498,2.86,91.7,18,1
STU_08107,2.328333333333333,83.85,90,6
STU_00017,2.673333333333334,87.31666666666666,105,6
STU_00029,2.9,87.9,15,1
STU_00079,2.9612499999999997,83.8875,123,8
STU_00754,2.885,89.425,69,4
STU_00813,2.99,83.6875,114,8
STU_00843,2.87,82.825,63,4
STU_01140,2.035,88.35,33,2
STU_01251,2.7,91.25,60,4
STU_01418,3.1799999999999997,91.30000000000001,30,2
STU_01499,2.3200000000000003,87.45,27,2
STU_01532,3.0850000000000004,86.60000000000001,87,6
STU_01655,2.4299999999999997,90.05,27,2
STU_01939,2.4475,87.57499999999999,60,4
STU_02155,3.03,95.8,15,1
STU_02248,2.392857142857143,81.71428571428571,102,7
STU_02345,2.925,87.75,21,2
STU_02369,2.2314285714285718,82.85714285714286,111,7
STU_02396,2.5140000000000002,89.04,78,5
STU_02443,2.42,85.66,57,5
STU_02618,3.015,89.0,27,2
STU_03088,2.3025,85.45000000000002,60,4
STU_03111,2.3240000000000003,84.55999999999999,60,5
STU_03188,2.686666666666666,80.10000000000001,48,3
STU_03377,3.0149999999999997,84.55,48,4
STU_03469,3.0999999999999996,87.4,33,2
STU_03688,2.42,90.6,12,1
STU_03950,2.5525,82.125,51,4
STU_03975,3.3166666666666664,90.26666666666667,45,3
STU_04083,2.7699999999999996,81.1875,99,8
STU_04556,2.4,83.8,15,1
STU_04586,2.0250000000000004,79.8125,126,8
STU_04708,2.1733333333333333,91.26666666666667,45,3
STU_05160,3.00375,84.45,123,8
STU_05375,2.615,81.05000000000001,69,4
STU_05421,2.95,87.04285714285716,102,7
STU_05804,2.35,87.6,12,1
STU_05826,2.6399999999999997,93.8,36,2
STU_05853,3.35,93.58,57,5
STU_06272,3.1366666666666667,86.7,45,3
STU_06672,2.6,73.0,36,3
STU_06788,2.3839999999999995,84.16,72,5
STU_06882,2.15,84.5,15,1
STU_08264,2.61,85.88,81,5
STU_08353,2.306666666666667,83.56666666666668,54,3
STU_08701,2.9766666666666666,84.76666666666667,45,3
STU_08843,3.74,94.3,15,1
STU_05118,2.43125,82.1625,144,8
STU_05921,3.13,92.7,15,1
STU_06815,2.5725000000000002,88.175,48,4
STU_07425,2.48,90.0,15,1
STU_07926,2.98,93.6,18,1
STU_08629,3.25,88.39999999999999,36,3
STU_00082,2.705,90.3,36,2
STU_00152,2.7933333333333334,90.3,42,3
STU_00202,2.5625,80.8125,141,8
STU_00558,2.2066666666666666,86.16666666666667,57,3
STU_00720,3.0116666666666667,76.89999999999999,72,6
STU_01278,1.9649999999999999,85.525,60,4
STU_01624,3.135,82.7,27,2
STU_01924,2.87,82.27499999999999,99,8
STU_02087,2.86,90.2,15,1
STU_02329,2.24,83.0,36,2
STU_02736,2.755,86.05000000000001,30,2
STU_02796,2.5716666666666668,80.36666666666666,90,6
STU_02944,2.4825,79.60000000000001,144,8
STU_03137,2.0020000000000002,84.36,72,5
STU_03276,2.9914285714285715,90.75714285714287,108,7
STU_03415,1.96,85.1,18,1
STU_03587,3.16,86.32499999999999,69,4
STU_03616,3.075,83.27499999999999,60,4
STU_03639,3.0175,78.075,60,4
STU_03805,2.86,84.7,15,1
STU_03808,2.7785714285714285,84.08571428571427,81,7
STU_03920,2.62,87.65,33,2
STU_04044,3.73,90.8,18,1
STU_04125,2.546666666666667,92.63333333333333,48,3
STU_04258,2.3233333333333333,83.7,33,3
STU_04476,3.3020000000000005,88.62,75,5
STU_04768,2.38875,85.075,117,8
STU_05415,2.6550000000000002,83.45,30,2
STU_05493,2.035,96.35,30,2
STU_05522,2.93,77.43333333333334,36,3
STU_05890,2.44,92.4,18,1
STU_06032,2.4699999999999998,87.1,63,4
STU_06634,2.62,88.45,30,2
STU_06771,2.7775000000000003,91.44999999999999,45,4
STU_07030,2.7628571428571425,87.0,105,7
STU_07140,2.4971428571428573,84.74285714285715,84,7
STU_07584,2.516666666666666,85.55,93,6
STU_07698,3.555,85.15,39,2
STU_07797,3.0083333333333333,85.45,69,6
STU_07948,3.296666666666667,96.60000000000001,45,3
STU_08308,2.585,83.675,63,4
STU_08758,2.7733333333333334,82.23333333333333,57,3
STU_08782,2.225,80.45,21,2
STU_08813,2.8025,85.375,144,8
STU_00287,2.6014285714285714,80.12857142857142,105,7
STU_00425,3.22,85.33333333333333,36,4
STU_00575,3.09,83.95,63,4
STU_00772,2.36,87.9,12,1
STU_00859,2.605,84.7,27,2
STU_01299,2.256,92.17999999999999,63,5
STU_01384,2.51,85.1,18,1
STU_01503,2.154,83.44,81,5
STU_01592,3.38,95.95,30,2
STU_01886,2.23,83.625,57,4
STU_01956,3.0216666666666665,78.46666666666667,90,6
STU_02080,2.9899999999999998,86.4125,126,8
STU_02173,2.43,88.73333333333333,54,3
STU_02535,3.5133333333333336,93.36666666666667,48,3
STU_02891,2.0142857142857142,88.55714285714286,108,7
STU_02926,2.19,85.9,18,1
STU_02975,2.8166666666666664,87.90000000000002,45,3
STU_02988,2.44,88.05,30,2
STU_03178,2.8666666666666667,86.76666666666667,45,3
STU_03559,2.6,88.4,36,2
STU_03811,2.98875,80.9375,93,8
STU_03886,2.5485714285714285,91.04285714285713,108,7
STU_03961,2.835,87.55,27,2
STU_03988,3.1166666666666667,90.5,66,6
STU_04368,2.69,82.45,90,6
STU_04463,3.2800000000000002,79.75,27,2
STU_04583,3.0033333333333334,87.03333333333335,45,3
STU_04700,2.9199999999999995,89.46000000000001,78,5
STU_04814,3.1999999999999997,92.75,60,4
STU_05222,2.87,81.45,30,2
STU_05448,2.7216666666666662,81.51666666666667,93,6
STU_05620,2.346,82.72,75,5
STU_05942,2.814285714285714,92.25714285714285,126,7
STU_06010,3.23,89.7,15,1
STU_06012,2.31625,81.39999999999999,144,8
STU_06230,2.4585714285714286,85.52857142857142,102,7
STU_06356,2.23,86.7,18,1
STU_06437,2.893333333333333,88.06666666666666,54,3
STU_06506,2.67375,91.08749999999999,141,8
STU_06572,1.7883333333333333,81.01666666666667,108,6
STU_06794,2.9225,86.10000000000001,117,8
STU_06984,2.2649999999999997,95.75,27,2
STU_07035,2.4733333333333336,90.2,48,3
STU_07267,2.19,86.10000000000001,63,4
STU_07284,2.74,86.0,15,1
STU_07598,2.232,80.06000000000002,90,5
STU_07699,2.09,81.2,27,2
STU_08521,2.5,87.7,21,1
STU_05119,3.24,88.8,15,1
STU_05157,2.68125,85.2125,87,8
STU_05573,3.005,90.85,30,2
STU_06597,2.2416666666666667,84.05,90,6
STU_06662,2.86,87.7,18,1
STU_00636,3.52,90.4,15,1
STU_00675,3.132,80.64000000000001,72,5
STU_00771,2.4050000000000002,87.6,30,2
STU_00932,2.4466666666666668,92.13333333333333,54,3
STU_01189,2.7283333333333335,85.48333333333335,105,6
STU_01485,2.5116666666666667,91.41666666666667,96,6
STU_02420,2.6075,92.60000000000001,72,4
STU_02615,2.51,86.9375,123,8
STU_02689,2.198333333333333,80.65,93,6
STU_02863,2.505,91.15,30,2
STU_02928,2.7199999999999998,90.05,33,2
STU_03040,2.91,86.3,15,1
STU_03284,2.3550000000000004,89.475,72,4
STU_03973,2.6125,84.65,57,4
STU_04467,2.9150000000000005,82.19999999999999,87,6
STU_04715,3.09,91.3,30,2
STU_04716,1.9233333333333331,80.96666666666665,48,3
STU_04736,3.13,79.18,60,5
STU_04938,3.415,77.85,24,2
STU_05581,2.817142857142857,83.38571428571427,105,7
STU_05775,3.1750000000000003,91.25,72,6
STU_05950,2.832,82.5,75,5
STU_06072,2.646666666666667,86.41666666666667,108,6
STU_06246,2.74875,88.3375,93,8
STU_07056,3.13375,79.0375,90,8
STU_07735,3.1,90.6,12,1
STU_07943,2.0,87.7,45,3
STU_07988,2.5985714285714288,86.1,102,7
STU_07993,3.165,82.05,30,2
STU_08077,3.0442857142857145,84.21428571428571,102,7
STU_08179,3.0085714285714285,86.17142857142858,108,7
STU_08313,2.8899999999999997,86.95,33,2
STU_08325,2.92,91.125,48,4
STU_08327,3.06,90.00000000000001,108,6
STU_08386,2.702,91.79999999999998,63,5
STU_08512,2.7183333333333337,83.21666666666668,87,6
STU_08580,2.57,89.4,18,1
STU_08641,2.6314285714285717,85.15714285714286,123,7
STU_08687,2.4,87.80000000000001,60,4
STU_08733,2.285,92.6,30,2
STU_04336,2.9675000000000002,89.89999999999999,51,4
STU_00093,2.465,88.05,24,2
STU_00199,2.5866666666666673,82.76666666666667,87,6
STU_00252,2.43,88.0,18,1
STU_00766,2.4875,87.1,69,4
STU_00770,2.7100000000000004,84.60000000000001,48,3
STU_00791,2.345,89.2125,141,8
STU_01119,2.83,93.8,12,1
STU_01162,2.3600000000000003,91.6,27,2
STU_01864,2.665,83.65,123,8
STU_02460,2.62375,82.08749999999999,123,8
STU_02523,2.3185714285714285,83.55714285714286,99,7
STU_02524,2.58,87.76666666666665,48,3
STU_02735,3.0042857142857144,86.04285714285716,105,8
STU_02906,2.3075,80.725,72,4
STU_03035,1.92,80.41999999999999,90,5
STU_03435,3.505,86.69999999999999,21,2
STU_03451,2.9899999999999998,81.30000000000001,93,8
STU_03454,3.02,85.1,12,1
STU_03653,2.86,88.9875,123,8
STU_03838,3.205,90.5,33,2
STU_04069,2.802,83.38,63,5
STU_04159,2.433333333333333,88.76666666666667,48,3
STU_04214,3.077142857142857,90.52857142857144,102,7
STU_04281,2.56,81.5,15,1
STU_04456,2.1133333333333333,78.95,87,6
STU_04783,3.141666666666667,86.56666666666668,87,6
STU_04940,3.1133333333333333,86.31666666666666,87,6
STU_05097,2.08,85.18333333333332,72,6
STU_05098,2.4433333333333334,87.06666666666666,36,3
STU_05148,2.55,89.275,60,4
STU_05193,3.1333333333333333,81.63333333333333,36,3
STU_05208,3.1575,80.175,60,4
STU_05480,2.602,85.67999999999999,78,5
STU_05653,2.334285714285714,87.89999999999999,126,7
STU_05873,2.983333333333333,90.46666666666665,51,3
STU_05919,1.69,83.5,18,1
STU_06187,3.48,83.7,15,1
STU_06364,2.995,90.7125,123,8
STU_06583,2.375,81.85,30,2
STU_06785,2.46,92.34,60,5
STU_06790,2.875,89.75,30,2
STU_06897,2.65,90.4,60,4
STU_07249,2.5562500000000004,85.25,117,8
STU_07301,2.5266666666666664,82.36666666666667,54,3
STU_07381,3.11,83.0,9,1
STU_07434,2.3175,84.50000000000001,72,4
STU_07892,2.7862500000000003,90.46249999999999,93,8
STU_08143,2.376,83.22,87,6
STU_08205,2.7800000000000002,83.55000000000001,60,4
STU_08215,2.888,89.96000000000001,57,5
STU_08537,3.4250000000000003,85.59999999999998,78,6
STU_08783,2.9539999999999997,88.12,90,5
STU_08794,2.59,78.8,138,8
STU_06659,2.3,83.3,36,2
STU_07605,2.795,81.7,36,2
STU_08446,3.1566666666666667,91.26666666666667,42,3
STU_08609,2.0725,80.325,66,4
STU_00051,2.67,80.35,30,2
STU_00178,3.456666666666667,80.10000000000001,45,3
STU_00596,2.3385714285714285,81.84285714285714,126,7
STU_00634,2.7916666666666665,86.51666666666667,96,6
STU_00924,1.95,80.35,24,2
STU_01529,2.8333333333333335,85.89999999999999,66,6
STU_01603,3.165,89.5,48,4
STU_02006,2.338571428571428,83.8142857142857,105,7
STU_02321,3.0,84.4,15,1
STU_02778,3.0325,87.25,72,4
STU_03117,2.3,92.3,21,1
STU_03614,2.94,92.3,18,1
STU_03632,2.28,84.8,18,1
STU_03832,3.1599999999999997,88.28,75,5
STU_03875,2.66,86.95,33,2
STU_04048,1.74,77.7,30,2
STU_04678,3.78,100.0,18,1
STU_04706,2.3375000000000004,81.425,63,4
STU_04714,3.12,91.4,18,1
STU_04991,2.71,83.5,15,1
STU_05176,2.57,89.03999999999999,75,5
STU_05635,2.5616666666666665,80.16666666666667,90,6
STU_05992,2.2300000000000004,89.03999999999999,87,5
STU_06167,3.19875,85.05000000000001,120,8
STU_06618,3.0075000000000003,84.77499999999999,57,4
STU_06655,2.944,83.46000000000001,60,5
STU_06715,2.7350000000000003,88.82499999999999,48,4
STU_07023,3.17,94.3,18,1
STU_07097,2.6849999999999996,78.06249999999999,117,8
STU_07188,1.505,83.52499999999999,147,8
STU_07353,2.98875,86.2625,126,8
STU_07514,3.71,90.7,18,1
STU_07563,2.125,83.4,24,2
STU_07580,2.73,88.5,18,1
STU_07644,2.74,79.9,120,8
STU_07952,3.0025,85.43750000000001,111,8
STU_08036,2.26,94.7,15,1
STU_08596,3.3466666666666662,90.13333333333333,48,3
STU_06843,2.85,92.6,18,1
STU_08508,1.92,86.05,33,2
STU_00034,3.0875,90.39999999999999,63,5
STU_00066,2.39,85.0,18,1
STU_00102,3.17,85.06666666666668,45,3
STU_00172,1.83,89.8,18,1
STU_00194,2.7899999999999996,88.65000000000002,72,6
STU_00270,3.3766666666666665,90.56666666666666,48,3
STU_00418,3.052,86.76,75,5
STU_00424,2.87,84.7,27,2
STU_00983,2.5700000000000003,97.69999999999999,24,2
STU_01252,2.5366666666666666,95.60000000000001,36,3
STU_01810,3.53,84.0,15,1
STU_02048,2.3949999999999996,84.9,27,2
STU_02312,3.106666666666667,87.93333333333332,57,3
STU_02893,2.728,84.6,75,5
STU_03306,3.12,89.61999999999999,63,5
STU_03417,2.6,80.75,36,2
STU_03470,2.8166666666666664,83.83333333333333,45,3
STU_03514,2.4299999999999997,85.66666666666667,42,3
STU_03802,3.02,74.9,18,1
STU_04051,3.0200000000000005,86.88,78,5
STU_04721,2.64375,85.38750000000002,117,8
STU_05169,2.6166666666666667,82.93333333333332,45,3
STU_05877,2.58875,87.1375,123,8
STU_06009,2.96,86.35,30,2
STU_06204,1.6749999999999998,82.9,27,2
STU_06367,2.17,89.6,30,2
STU_06719,2.9975,85.625,54,4
STU_07216,2.7225,89.8625,120,8
STU_07314,2.7025,83.55000000000001,60,4
STU_07791,3.2849999999999997,88.65,72,4
STU_07979,2.96,87.9,27,2
STU_08310,2.9679999999999995,88.92,75,5
STU_08491,1.79,87.2,51,3
STU_08530,3.206666666666667,86.16666666666667,45,3
STU_08582,2.853333333333333,79.03333333333333,87,6
STU_08605,2.9000000000000004,87.23333333333335,39,3
STU_08667,3.3333333333333335,87.26666666666665,42,3
STU_08787,2.8412499999999996,81.2125,117,8
STU_04339,2.713333333333333,82.93333333333332,42,3
STU_00309,2.52,91.7,18,1
STU_00776,1.2033333333333334,85.86666666666667,54,3
STU_01458,2.89,97.1,15,1
STU_01713,3.0125,84.9,39,4
STU_02084,3.27,86.0,15,1
STU_02360,2.24,88.1,24,2
STU_02497,3.18,96.1,15,1
STU_02567,2.9749999999999996,85.6,33,2
STU_02766,2.546666666666667,84.16666666666667,54,3
STU_02810,3.39,96.4,9,1
STU_02974,2.5214285714285714,85.52857142857144,105,7
STU_03007,2.4400000000000004,87.28571428571429,120,7
STU_03024,2.62,91.45000000000002,60,4
STU_03057,2.5483333333333333,86.81666666666666,93,6
STU_03243,2.765,82.5125,120,8
STU_03475,2.273333333333333,84.66666666666667,54,3
STU_03560,2.8985714285714286,91.37142857142858,84,7
STU_03643,3.2,90.0,18,1
STU_04146,3.47,86.7,42,3
STU_04246,2.54,93.7,33,2
STU_04445,2.735,82.9,69,4
STU_04900,2.7883333333333336,82.78333333333335,93,6
STU_05338,2.705,84.275,114,8
STU_05893,3.1100000000000003,86.5,30,2
STU_05955,2.4933333333333336,83.96666666666667,39,3
STU_07260,2.51,89.4,15,1
STU_07515,2.4166666666666665,84.23333333333333,57,3
STU_07677,2.58,92.73333333333335,45,3
STU_08272,2.11,88.55,30,2
STU_08418,2.6566666666666667,89.63333333333333,39,3
STU_07824,2.7800000000000002,84.80000000000001,54,4
STU_07860,2.5275,83.14999999999999,60,4
STU_07938,2.86,97.15,27,2
STU_08635,2.13,86.7,18,1
STU_08678,2.18,77.6,36,2
STU_00091,3.44,90.8,15,1
STU_00233,2.4766666666666666,93.10000000000001,48,3
STU_00326,2.912857142857143,83.32857142857144,105,7
STU_00660,3.0533333333333332,81.7,69,6
STU_00767,2.6075,86.75,120,8
STU_00973,2.99,96.0,12,1
STU_01176,2.664285714285714,80.75714285714285,102,7
STU_01224,3.555,90.1,30,2
STU_01388,2.544285714285714,86.08571428571429,105,7
STU_01487,2.375,91.65,33,2
STU_01514,2.646666666666667,80.89999999999999,36,3
STU_01559,2.5549999999999997,93.85,30,2
STU_01662,2.1366666666666667,84.7,54,3
STU_02095,2.21875,82.1375,123,8
STU_02137,3.025,86.33333333333333,72,6
STU_02214,2.975,86.3,48,4
STU_02245,3.37,95.0,15,1
STU_02399,3.158333333333333,86.11666666666666,66,6
STU_02437,2.7866666666666666,88.93333333333334,42,3
STU_02483,2.6312499999999996,91.8,141,8
STU_02605,2.6175,88.725,144,8
STU_03116,2.29,86.05,69,4
STU_03138,2.4066666666666667,88.86666666666667,54,3
STU_03180,3.27,86.6,12,1
STU_03423,3.1849999999999996,91.9,30,2
STU_03566,2.74,89.0,12,1
STU_04058,2.96,92.15,30,2
STU_04134,2.6574999999999998,78.7,60,4
STU_04195,3.0700000000000003,80.8,54,3
STU_04267,2.8716666666666666,83.25,93,6
STU_04303,2.592,80.24,72,5
STU_05430,2.5675,85.53750000000001,96,8
STU_05499,3.183333333333333,91.06666666666666,45,3
STU_05563,3.125,87.80000000000001,36,2
STU_05724,2.9166666666666665,92.69999999999999,48,3
STU_05832,2.8266666666666667,90.33333333333333,33,3
STU_06188,3.57,88.9,15,1
STU_06388,2.5799999999999996,91.0,45,3
STU_06848,2.263333333333333,84.38333333333333,105,6
STU_07339,2.1239999999999997,83.62,78,5
STU_07887,2.685,82.14999999999999,90,6
STU_07890,3.4699999999999998,87.55000000000001,63,4
STU_07966,3.0020000000000002,83.76,72,5
STU_08069,2.532857142857143,95.38571428571429,108,7
STU_08565,3.0100000000000002,81.56666666666666,45,3
STU_08597,2.706666666666667,91.63333333333333,30,3
STU_00080,2.8683333333333327,85.28333333333333,72,6
STU_00140,3.05,86.28,72,5
STU_01044,2.9066666666666663,84.0,45,3
STU_01109,2.81,82.4,60,4
STU_01226,2.49,86.53333333333335,48,3
STU_01298,2.4,90.9,12,1
STU_01367,2.723333333333333,90.26666666666667,42,3
STU_01385,3.51,94.9,15,1
STU_01652,2.6199999999999997,92.86666666666667,45,3
STU_01656,3.0733333333333337,78.45,72,6
STU_02034,2.9739999999999998,84.36000000000001,90,5
STU_02401,2.6199999999999997,85.55000000000001,60,4
STU_02507,2.885,86.5,30,2
STU_02699,2.35,85.95,21,2
STU_02842,2.46,87.8,18,1
STU_02892,3.125,91.15,27,2
STU_03390,2.3516666666666666,83.33333333333333,75,6
STU_03518,2.3449999999999998,95.75,36,2
STU_03652,2.865,89.25,27,2
STU_03769,2.7199999999999998,91.35,30,2
STU_03890,3.295,86.75,24,2
STU_03992,2.7475,78.05,75,4
STU_04006,2.932,82.64000000000001,75,5
STU_04216,3.0612499999999994,88.88750000000002,120,8
STU_04628,2.5833333333333335,82.2,45,3
STU_04691,2.652,83.08,75,5
STU_04812,1.875,75.05000000000001,39,2
STU_04950,2.686666666666667,88.68333333333332,72,6
STU_05371,2.4620000000000006,83.85999999999999,90,5
STU_05660,3.04,95.5,15,1
STU_05836,2.47,79.86666666666666,42,3
STU_06037,2.37,86.3,15,1
STU_06170,2.48,94.8,12,1
STU_06216,2.68,89.6,15,1
STU_06468,2.81,86.4,12,1
STU_06786,2.77,92.4,12,1
STU_06960,3.125,86.9,60,4
STU_07031,3.158,85.74000000000001,57,5
STU_07209,3.125,89.03333333333332,93,6
STU_07266,2.436,83.67999999999999,69,5
STU_07456,2.9050000000000002,84.6,30,2
STU_08099,2.7466666666666666,85.80000000000001,33,3
STU_08188,2.5700000000000003,87.6,21,2
STU_08458,2.8866666666666667,82.8,42,3
STU_04355,2.98,82.9,18,1
STU_06929,3.2899999999999996,80.2,33,3
STU_07589,3.39,86.6,15,1
STU_08677,1.4728571428571426,80.84285714285714,114,7
STU_00077,2.31,82.575,123,8
STU_00195,3.46,82.825,57,4
STU_00458,2.9766666666666666,83.26666666666667,72,6
STU_00706,2.46,89.25,24,2
STU_01021,2.9583333333333335,86.31666666666665,72,6
STU_01071,2.8625000000000003,86.6875,120,8
STU_01414,2.5,97.8,12,1
STU_01443,2.6957142857142853,84.6857142857143,84,7
STU_01953,2.9450000000000003,88.60000000000001,87,7
STU_02016,2.8,84.05,30,2
STU_02115,2.733333333333333,88.93333333333334,54,3
STU_02157,2.21,84.5,18,1
STU_02328,3.3,97.1,15,1
STU_02352,2.185,87.85000000000001,105,6
STU_02486,3.065,88.1,36,2
STU_03026,2.2375,81.125,60,4
STU_03433,2.62,86.075,63,4
STU_03635,3.04,82.0,15,1
STU_03738,2.58,86.76666666666665,57,3
STU_03790,2.18375,79.47500000000001,120,8
STU_04011,2.69,85.73333333333335,57,3
STU_04223,3.245,87.3,60,4
STU_04325,2.153333333333333,88.2,45,3
STU_04506,2.8474999999999997,85.425,114,8
STU_04746,3.315,83.65,60,4
STU_04863,2.395,77.5,45,4
STU_04893,2.634,91.88000000000001,75,5
STU_05220,3.3899999999999997,90.61999999999999,60,6
STU_06036,2.7924999999999995,88.775,72,4
STU_06055,2.575,97.775,48,4
STU_06095,2.525,85.975,75,4
STU_06149,2.74,89.625,57,4
STU_06310,2.04,89.8,18,1
STU_06352,2.93,91.2,15,1
STU_06403,2.9433333333333334,84.56666666666666,45,3
STU_06480,2.26,83.5,12,1
STU_06654,2.1919999999999997,88.67999999999999,72,5
STU_06720,3.12,82.6,15,1
STU_07156,2.97,85.03333333333333,75,6
STU_07394,3.42,97.5,12,1
STU_08250,2.6533333333333333,82.93333333333332,87,6
STU_08413,2.2800000000000002,87.26666666666667,57,3
STU_08547,1.7325,79.9,72,4
STU_08606,2.71,81.4,75,4
STU_08665,2.4650000000000003,83.625,60,4
STU_08799,2.41,94.6,12,1
STU_05979,3.224,80.26,75,5
STU_07720,2.8428571428571425,79.78571428571429,96,7
STU_08151,2.7971428571428567,83.02857142857144,126,7
STU_00021,2.76,96.5,15,1
STU_00062,3.0549999999999997,83.80000000000001,27,2
STU_00216,3.4266666666666663,85.96666666666665,45,3
STU_00241,3.293333333333333,92.2,45,3
STU_00354,2.71,80.94999999999999,30,2
STU_00546,2.63,83.8,63,5
STU_00600,2.7750000000000004,85.8,117,8
STU_00814,2.77,83.7,12,1
STU_00852,2.97625,85.8625,117,8
STU_00948,2.19,91.0,45,3
STU_00965,2.788,83.85999999999999,78,5
STU_01332,2.33,83.7,12,1
STU_01406,2.7142857142857144,84.95714285714287,99,7
STU_01636,3.52,94.55,36,2
STU_02174,3.0149999999999997,97.0,24,2
STU_02217,2.836,82.93999999999998,78,5
STU_02333,2.448,78.47999999999999,69,5
STU_02395,2.6550000000000002,85.75,33,2
STU_02398,2.4299999999999997,86.1375,87,8
STU_02624,2.3342857142857136,83.04285714285713,108,7
STU_02663,2.8100000000000005,84.35,93,6
STU_02804,3.6,89.94999999999999,36,2
STU_02875,2.952,85.55999999999999,57,5
STU_02984,2.9699999999999998,87.47999999999999,72,5
STU_03197,2.728571428571428,82.44285714285715,102,7
STU_03314,2.6766666666666663,84.88333333333333,87,6
STU_03384,1.9799999999999998,90.53333333333335,54,3
STU_03523,3.4200000000000004,93.88,72,5
STU_03772,2.81,92.9,18,1
STU_03856,2.1825,90.6,75,4
STU_03874,3.08,83.56666666666666,51,3
STU_04027,2.813333333333333,82.03333333333335,45,3
STU_04054,2.143333333333333,89.8,42,3
STU_04162,2.0,92.2,18,1
STU_04379,1.88,80.075,78,4
STU_04416,2.28,95.2,15,1
STU_04508,3.415,84.45,27,2
STU_04566,3.104,87.76,78,5
STU_04744,2.8200000000000003,79.96666666666667,45,3
STU_04877,2.1399999999999997,89.52000000000001,90,5
STU_04961,2.601666666666667,85.06666666666668,90,6
STU_04973,3.47,98.0,15,1
STU_05077,2.95375,90.225,126,8
STU_05267,2.2828571428571434,85.0142857142857,123,7
STU_05506,3.07,89.3,15,1
STU_05753,3.2175000000000002,92.55,72,4
STU_05963,3.284,85.17999999999999,93,5
STU_06254,2.4171428571428573,85.58571428571427,99,7
STU_06344,3.235,90.4,36,2
STU_07013,3.21,94.19999999999999,27,2
STU_07110,2.76,93.4,18,1
STU_07163,2.986666666666667,82.8,90,6
STU_07565,2.075,91.4,30,2
STU_08113,3.1799999999999997,85.52499999999999,45,4
STU_00169,3.192,84.17999999999999,87,5
STU_00422,3.1333333333333333,81.13333333333334,33,3
STU_00517,2.925,88.5,33,2
STU_00533,3.483333333333333,91.83333333333333,33,3
STU_00844,2.5675,82.57499999999999,51,4
STU_01032,3.04,81.6,12,1
STU_01155,3.02,100.0,15,1
STU_01237,2.57,83.82,75,5
STU_01413,2.7687500000000003,83.98749999999998,120,8
STU_01625,2.74,95.2,18,1
STU_01730,3.31,90.1,18,1
STU_02668,2.27875,83.85,93,8
STU_02937,2.3866666666666667,83.56666666666668,39,3
STU_02996,2.325,85.675,60,4
STU_03142,2.9149999999999996,84.66666666666667,87,6
STU_03443,2.842857142857143,80.55714285714285,102,7
STU_03699,2.5539999999999994,85.26,90,5
STU_03725,2.65,85.28,57,5
STU_03896,2.66,84.08333333333333,72,6
STU_03969,2.92,90.5,27,2
STU_04198,2.37,87.91666666666667,87,6
STU_04666,2.9450000000000003,82.5,30,2
STU_05209,2.436666666666667,90.3,42,3
STU_05360,3.0328571428571425,80.78571428571429,108,7
STU_05847,2.8525,80.925,57,4
STU_05943,2.13,88.65,33,2
STU_06077,2.902,89.32,72,5
STU_06081,3.21375,83.12500000000001,144,8
STU_06306,3.1733333333333333,92.33333333333333,39,3
STU_06419,2.6475,79.9,63,4
STU_07675,2.18,96.1,12,1
STU_07920,2.935,88.3,30,2
STU_07347,2.08,90.7,12,1
STU_08105,2.3000000000000003,83.13333333333334,81,6
STU_08505,1.6633333333333333,78.9,57,3
STU_00176,3.31,89.4,36,2
STU_00405,2.9600000000000004,85.83333333333333,36,3
STU_00647,3.0666666666666664,81.68333333333334,72,6
STU_00784,2.295,87.32499999999999,60,4
STU_01311,2.8066666666666666,86.13333333333333,39,3
STU_01448,2.84,82.43333333333332,45,3
STU_01524,2.9975,74.375,60,4
STU_01583,2.65625,85.1125,117,8
STU_02266,2.7,85.15,30,2
STU_03050,2.1866666666666665,86.41666666666669,105,6
STU_03203,2.69625,84.16250000000001,117,8
STU_03310,3.03,89.9,12,1
STU_04118,2.805,84.25,36,2
STU_04552,2.5575,89.175,60,4
STU_04637,2.72,91.4,12,1
STU_04654,3.1957142857142857,80.05714285714285,132,7
STU_04834,2.6100000000000003,81.55000000000001,24,2
STU_05473,2.4525,84.1,57,4
STU_05703,3.4433333333333334,86.56666666666666,45,3
STU_05706,2.83,93.7,18,1
STU_05859,2.566666666666667,84.88333333333334,75,6
STU_06479,3.56,99.2,12,1
STU_06489,3.0500000000000003,87.30000000000001,57,4
STU_06525,2.205,88.05000000000001,36,2
STU_06560,2.74,92.9,12,1
STU_06859,3.123333333333333,83.2,60,3
STU_06957,1.5166666666666666,81.56666666666666,54,3
STU_07088,2.8816666666666664,80.36666666666667,69,6
STU_07151,3.5,90.5,18,1
STU_07397,3.41,82.6,15,1
STU_07615,2.2550000000000003,88.075,60,4
STU_07657,2.38,87.1,27,2
STU_07693,2.81,90.88,60,5
STU_07905,3.3057142857142856,83.28571428571429,108,7
STU_08109,2.59,88.30000000000001,30,2
STU_08159,2.505,84.9,30,2
STU_08228,2.716666666666667,93.23333333333333,45,3
STU_08258,2.825,90.22500000000001,96,8
STU_08451,3.11,90.7,15,1
STU_08453,2.835,82.3,24,2
STU_08514,2.852,84.96,75,5
STU_08555,2.8020000000000005,84.67999999999999,72,5
STU_08656,2.7528571428571427,75.42857142857142,102,7
STU_08692,2.805,77.575,48,4
STU_04335,2.75,78.6,15,1
STU_06249,2.3866666666666667,77.06666666666666,96,6
STU_00016,2.697142857142857,83.61428571428571,126,7
STU_00535,2.895,86.2,33,2
STU_00563,2.8874999999999997,86.69999999999999,45,4
STU_00715,2.24,89.43333333333334,45,3
STU_00743,3.01,85.7,15,1
STU_00867,2.4375,85.30000000000001,57,4
STU_01239,2.0700000000000003,85.14999999999999,69,4
STU_01293,2.4600000000000004,79.65,90,6
STU_01314,2.65625,84.12499999999999,96,8
STU_01391,3.0999999999999996,87.5,36,2
STU_01493,2.83,91.9,15,1
STU_01551,2.4025000000000003,82.7875,120,8
STU_01613,2.9000000000000004,85.16666666666667,45,3
STU_01692,2.2649999999999997,81.85000000000001,75,4
STU_01699,2.44,86.85000000000001,72,6
STU_01740,2.33,87.75,36,2
STU_01878,3.4225,90.625,72,4
STU_02094,2.48,87.64000000000001,72,6
STU_02318,2.6500000000000004,87.0,27,2
STU_02391,2.0566666666666666,87.56666666666666,54,3
STU_02551,2.6775,84.85,117,8
STU_02904,2.79,85.4,15,1
STU_03667,2.4933333333333336,92.0,45,3
STU_03706,2.57,84.06666666666666,90,6
STU_03847,2.2640000000000002,84.72,78,5
STU_03981,2.2375,83.975,72,4
STU_04004,2.6633333333333336,77.63333333333334,36,3
STU_04042,2.67,94.0,12,1
STU_04237,2.43,84.58,75,5
STU_04311,2.591666666666667,90.66666666666669,111,6
STU_04854,3.0800000000000005,83.24000000000001,60,5
STU_05048,2.206666666666667,82.6,90,6
STU_05206,3.0725000000000007,84.7125,138,8
STU_05647,3.0650000000000004,82.5,63,4
STU_06061,2.81375,81.475,93,8
STU_06274,2.796666666666667,86.26666666666667,45,3
STU_06440,2.74,90.0,12,1
STU_06696,2.61,88.6,15,1
STU_07155,2.8412499999999996,87.7875,117,8
STU_07169,2.8142857142857145,79.42857142857143,108,7
STU_07238,2.9,96.6,15,1
STU_07247,2.5474999999999994,73.525,93,8
STU_07323,2.1575,81.35000000000001,57,4
STU_07491,2.933333333333333,86.98333333333333,111,6
STU_07757,2.8324999999999996,81.525,51,4
STU_07788,3.7,98.1,15,1
STU_08533,2.155,86.6,30,2
STU_07815,3.5949999999999998,86.55,30,2
STU_00386,2.74,83.75,30,2
STU_00429,3.13,85.3,15,1
STU_00889,2.5700000000000003,87.19999999999999,36,2
STU_01016,3.05,94.0,15,1
STU_01110,2.91,96.9,15,1
STU_01364,2.9025,86.52499999999999,51,4
STU_01394,2.5928571428571425,79.10000000000001,129,7
STU_01610,2.48,90.5,36,2
STU_01862,3.3,89.2,12,1
STU_01892,2.6,82.76666666666667,57,3
STU_01975,2.43,94.76666666666667,45,3
STU_02072,2.464,86.52000000000001,75,5
STU_02075,2.9499999999999997,80.73333333333333,42,3
STU_02361,2.2466666666666666,89.73333333333333,48,3
STU_02495,2.35,80.3,15,1
STU_02802,2.8699999999999997,83.60000000000001,42,3
STU_02925,2.841666666666667,86.25,102,6
STU_03153,2.12,77.24,87,5
STU_03320,2.7125000000000004,86.4,69,4
STU_03399,2.66,89.2,18,1
STU_03507,2.465,88.28333333333332,90,6
STU_03642,2.926666666666667,84.66666666666667,45,3
STU_03655,2.7416666666666667,79.5,102,6
STU_03697,2.4749999999999996,90.0,33,2
STU_03752,2.7962500000000006,86.37499999999999,126,8
STU_03798,2.7916666666666674,89.05000000000001,105,6
STU_03851,2.34,86.7,36,2
STU_03889,2.9633333333333334,89.23333333333333,45,3
STU_04440,3.2525,86.45,66,4
STU_04553,2.332,94.1,75,5
STU_04574,2.60375,90.0875,120,8
STU_04683,1.8239999999999998,80.2,93,5
STU_04831,2.63,95.6,12,1
STU_05151,2.8666666666666667,78.95,69,6
STU_05171,1.5749999999999997,85.3,75,4
STU_05314,2.5583333333333336,84.23333333333333,93,6
STU_05490,1.6875,75.1,69,4
STU_06118,1.9533333333333331,87.43333333333334,48,3
STU_06334,2.71,94.1,15,1
STU_06562,2.44,90.33333333333333,48,3
STU_06868,2.83875,81.925,120,8
STU_07218,2.31125,81.025,120,8
STU_07296,2.45,87.6,15,1
STU_07343,3.25,94.69999999999999,36,2
STU_07678,3.31,87.6,15,1
STU_08073,3.02,84.53333333333335,33,3
STU_08197,2.82625,82.3375,123,8
STU_08338,2.5333333333333337,83.23333333333333,54,3
STU_08395,2.48,86.65,27,2
STU_08581,3.222,91.82,57,5
STU_04595,2.4349999999999996,88.1,39,2
STU_06648,2.5100000000000002,86.01666666666665,111,6
STU_07718,3.45,90.7,15,1
STU_00005,2.676666666666667,88.76666666666667,48,3
STU_00344,2.675,88.44999999999999,30,2
STU_00363,1.8599999999999999,80.1,30,2
STU_00466,2.486666666666667,83.2,42,3
STU_00692,3.0766666666666667,89.8,87,6
STU_00935,3.45,87.05000000000001,33,2
STU_00993,2.8125,83.92500000000001,57,4
STU_01277,2.0549999999999997,86.85,27,2
STU_01435,3.24,95.7,21,1
STU_01508,2.336,76.62,66,5
STU_01794,2.58,82.88,72,5
STU_01849,3.4599999999999995,83.2,45,3
STU_01917,2.6357142857142857,82.25714285714287,99,7
STU_02238,2.68,82.0,15,1
STU_02264,3.21,98.6,15,1
STU_02302,2.8000000000000003,87.63333333333333,42,3
STU_02386,2.4483333333333333,83.14999999999999,87,6
STU_02737,2.3533333333333335,90.7,42,3
STU_02811,2.7000000000000006,79.1,36,4
STU_02917,2.662857142857143,85.0,84,7
STU_02953,2.5799999999999996,84.175,120,8
STU_03086,2.67,91.3,15,1
STU_03464,2.8087500000000003,79.82499999999999,96,8
STU_03570,2.7225,79.725,60,4
STU_03589,3.52,84.1,15,1
STU_03770,3.0650000000000004,88.44999999999999,30,2
STU_03829,2.29,91.9,15,1
STU_03843,2.5324999999999998,85.675,51,4
STU_03871,1.952,82.86,75,5
STU_04005,1.8466666666666667,78.76666666666667,54,3
STU_04297,3.04,82.025,69,4
STU_05364,2.8,87.5,15,1
STU_05623,2.0300000000000002,81.47999999999999,90,5
STU_05871,2.525,80.4,66,4
STU_05905,2.79875,84.3125,147,8
STU_06066,2.4066666666666667,81.53333333333335,96,7
STU_06140,2.495,77.80000000000001,57,5
STU_06183,2.9375,88.35,57,4
STU_06358,2.51,84.8,12,1
STU_06390,1.9949999999999999,84.9,39,2
STU_06490,2.27,90.2,12,1
STU_06503,2.7325000000000004,85.575,60,4
STU_06753,3.2533333333333334,87.03333333333335,39,3
STU_06763,2.57,88.32000000000001,75,5
STU_06970,2.37,89.6,36,2
STU_07020,2.9566666666666666,79.96666666666667,45,3
STU_07257,2.61,90.2,15,1
STU_07340,3.085,87.63749999999999,120,8
STU_07521,2.41,95.7,21,1
STU_07650,2.9619999999999997,88.17999999999999,75,5
STU_07767,3.41,88.6,15,1
STU_08189,2.94,96.4,30,2
STU_08260,2.5974999999999997,89.3875,120,8
STU_08334,2.481428571428571,88.38571428571427,84,7
STU_08403,2.885,83.61666666666667,72,6
STU_08540,2.7350000000000003,87.45,30,2
STU_08718,2.89,91.55,30,2
STU_00180,2.73,84.61666666666667,90,6
STU_00490,3.285,91.30000000000001,27,2
STU_01074,2.24,88.5,18,1
STU_01082,3.44,74.5,24,2
STU_01269,2.2249999999999996,91.5,33,2
STU_01297,2.91,77.7,93,6
STU_01663,3.12,89.1,15,1
STU_01768,2.91,94.69999999999999,33,2
STU_01798,3.12,91.3,15,1
STU_02061,1.755,89.85,27,2
STU_02282,2.995,84.7,30,2
STU_02406,2.546666666666667,79.66666666666667,42,3
STU_03405,3.16,82.0,15,1
STU_03542,2.2075,84.6625,120,8
STU_03869,2.9250000000000003,82.27500000000002,120,8
STU_04130,3.2,89.7,15,1
STU_04225,2.6928571428571426,86.01428571428572,132,7
STU_04340,1.96,92.7,12,1
STU_04548,3.0,93.1,15,1
STU_04870,3.1300000000000003,90.675,48,5
STU_04941,3.4133333333333327,83.36666666666666,48,3
STU_04965,2.45125,80.71249999999999,93,8
STU_05236,2.63,91.0,15,1
STU_05558,2.56,74.03333333333332,90,6
STU_06175,2.3925,86.45,69,4
STU_06281,3.0140000000000002,78.28,78,5
STU_06395,1.71,84.8,18,1
STU_06406,3.043333333333333,89.23333333333333,45,3
STU_06439,2.94,93.8,27,2
STU_06612,3.12,88.1,12,1
STU_06762,2.692,83.06,78,5
STU_06796,2.566,92.28,78,5
STU_07304,2.03,82.8,18,1
STU_07441,1.9266666666666667,87.26666666666667,51,3
STU_07596,2.26125,80.2875,120,8
STU_08195,2.525,91.05000000000001,30,2
STU_08404,2.8619999999999997,81.08,57,5
STU_08472,3.52,85.4,18,1
STU_08546,2.08,77.1,15,1
STU_08707,2.48,84.26666666666667,48,3
STU_00006,2.47,85.6,15,1
STU_00560,2.942,81.97999999999999,72,5
STU_00635,2.18,91.7,15,1
STU_00644,2.59375,82.325,93,8
STU_00758,2.322,82.56,87,5
STU_00797,2.53,82.4375,96,8
STU_00933,2.74375,84.9125,117,8
STU_00960,2.17,93.6,15,1
STU_01491,2.358571428571428,81.22857142857141,102,7
STU_01534,1.7999999999999998,90.2,66,4
STU_01544,3.165,74.0,33,2
STU_01642,2.4566666666666666,83.39999999999999,51,3
STU_01990,2.4675,88.55000000000001,63,4
STU_02198,2.3666666666666667,89.7,39,3
STU_02237,3.05,79.94,63,5
STU_02384,2.7266666666666666,86.73333333333333,42,3
STU_02626,2.71,90.6,15,1
STU_02691,2.9019999999999997,89.10000000000001,87,5
STU_02934,2.5625000000000004,75.85,123,8
STU_03361,2.62,84.6,15,1
STU_03421,2.82,89.7,15,1
STU_04079,2.3366666666666664,89.56666666666666,48,3
STU_04371,2.445,81.4,36,2
STU_04694,3.1733333333333333,82.86666666666667,42,3
STU_04821,2.89375,86.9,120,8
STU_04841,2.145,86.55000000000001,24,2
STU_04848,3.065714285714286,86.72857142857144,126,7
STU_05063,2.9859999999999998,84.52000000000001,78,5
STU_05458,3.1228571428571428,78.98571428571428,87,7
STU_05505,3.27,91.7,15,1
STU_05643,3.098,86.43999999999998,72,5
STU_06372,2.2699999999999996,80.55,36,2
STU_06838,2.625,80.65,30,2
STU_07046,2.9174999999999995,83.45,114,8
STU_07453,2.89,88.4,15,1
STU_07664,2.8042857142857147,81.11428571428573,99,7
STU_07712,2.63,82.19999999999999,30,2
STU_07769,2.51,76.525,120,8
STU_08616,2.872,78.88,75,5
STU_00055,2.9325,83.275,78,4
STU_00063,2.9050000000000002,92.75000000000001,57,4
STU_00316,2.5474999999999994,85.0,102,8
STU_01112,3.1399999999999997,89.475,66,4
STU_01530,2.512,80.28,87,5
STU_01980,3.29,93.0,15,2
STU_02270,2.988,88.0,93,5
STU_02316,2.65625,85.77499999999999,96,8
STU_02768,2.98,90.1,12,1
STU_02861,2.3866666666666663,80.13333333333334,75,6
STU_03014,2.298,84.55999999999999,75,5
STU_03434,2.983333333333333,87.46666666666665,48,3
STU_03437,2.385,87.5,27,2
STU_03525,2.58,72.0,18,1
STU_03594,2.69,80.7,42,3
STU_03915,2.14,86.6,9,1
STU_04087,2.59,90.2,15,1
STU_04567,2.355,87.0,27,2
STU_04994,2.805,84.15,30,2
STU_05376,2.8800000000000003,83.89999999999999,108,6
STU_05501,2.545,89.44999999999999,114,8
STU_05728,2.54,92.5,15,1
STU_05878,3.05,85.85,60,4
STU_06122,2.945,87.25,24,2
STU_06142,2.72375,85.0,99,8
STU_06438,2.936666666666667,77.71666666666665,72,6
STU_06673,2.125,84.6,30,2
STU_06772,3.26,90.4,15,1
STU_06969,2.9099999999999997,84.91428571428571,102,7
STU_07654,3.05,93.9,15,1
STU_07679,3.0850000000000004,83.21666666666668,90,7
STU_07731,2.526,81.2,63,5
STU_07889,2.95,92.1,18,1
STU_08204,1.79,83.0,18,1
STU_08438,2.3,90.3,21,2
STU_08524,2.635,84.69999999999999,33,2
STU_08672,3.3024999999999998,88.24999999999999,48,4
STU_08791,1.8583333333333332,84.06666666666666,111,6
STU_05526,3.205,87.75,24,2
STU_05574,2.396666666666667,88.7,36,3
STU_08504,2.605,82.9,30,2
STU_08519,3.14,85.7,15,1
STU_00149,2.551428571428571,81.32857142857144,105,7
STU_00455,2.3825,90.775,48,4
STU_00760,2.272,83.9,90,5
STU_00879,2.505,86.97500000000001,120,8
STU_01376,2.74,84.54999999999998,57,4
STU_01425,2.9349999999999996,87.2,27,2
STU_01791,2.795,90.33333333333333,69,6
STU_01968,2.9766666666666666,88.86666666666667,108,6
STU_02045,2.668,84.53999999999999,63,5
STU_02052,3.1740000000000004,83.00000000000001,75,5
STU_02647,2.28,77.85,60,5
STU_02827,2.4933333333333336,83.39999999999999,54,3
STU_03081,2.295,84.5,30,2
STU_03205,2.66,81.35,30,2
STU_03206,2.275,84.525,123,8
STU_03466,3.1550000000000002,82.9,30,2
STU_03603,2.32,93.0,15,1
STU_03737,2.626666666666667,84.3,57,3
STU_04071,2.842,83.22,57,5
STU_04263,2.38,87.5,39,2
STU_04327,2.29,91.1,18,1
STU_04400,2.8339999999999996,86.18,75,5
STU_04864,2.143333333333333,86.53333333333335,45,3
STU_04894,2.1225,82.9,60,4
STU_04975,2.46,88.0,12,1
STU_06335,2.6550000000000002,80.05,30,2
STU_06487,1.9299999999999997,85.69999999999999,93,6
STU_06488,2.58,81.85,33,2
STU_06568,3.07,85.1,15,1
STU_07081,2.9749999999999996,89.35,27,3
STU_07092,2.59125,82.075,123,8
STU_07464,2.5,90.9,27,2
STU_07921,2.6824999999999997,84.4,48,4
STU_08149,2.77,86.0,18,1
STU_08344,2.37,85.05000000000001,36,2
STU_08664,3.456666666666667,91.80000000000001,45,3
STU_08786,2.0033333333333334,91.66666666666667,57,3
STU_08867,2.61125,80.5625,123,8
STU_00131,2.49,87.45,33,2
STU_00174,2.95,93.6,15,1
STU_00235,3.1999999999999997,80.26666666666667,45,3
STU_00275,2.795,92.67499999999998,63,4
STU_00336,2.5575000000000006,81.975,144,8
STU_01095,2.5500000000000003,83.60000000000001,66,6
STU_01143,2.16625,81.3625,96,8
STU_01190,2.7325,86.275,63,4
STU_01246,1.66,82.475,75,4
STU_01260,2.75,90.3,63,4
STU_01438,2.6100000000000003,86.8,75,5
STU_01502,2.45125,77.6875,93,8
STU_01871,2.57,87.7,18,1
STU_01879,1.7800000000000002,85.76666666666665,54,3
STU_01895,2.5925000000000002,84.95,69,4
STU_02026,2.5242857142857145,81.21428571428571,111,7
STU_02182,2.2466666666666666,83.86666666666667,33,3
STU_02299,3.2340000000000004,85.02000000000001,60,5
STU_02797,2.8466666666666662,87.43333333333332,54,3
STU_02898,2.2499999999999996,81.44,57,5
STU_03010,3.0933333333333337,82.08333333333333,75,6
STU_03020,2.7800000000000002,86.15,24,2
STU_03204,1.925,79.55,36,2
STU_03334,1.63,94.3,18,1
STU_03362,2.782,93.34,75,5
STU_03631,2.785,82.75,39,2
STU_03887,3.3333333333333335,92.63333333333333,54,3
STU_04076,2.55,85.63333333333333,36,3
STU_04208,2.312,87.13999999999999,90,5
STU_04244,2.6933333333333334,87.10000000000001,45,3
STU_04247,2.5949999999999998,89.95,30,2
STU_04291,2.73,84.88,90,5
STU_04919,3.0966666666666662,85.0,48,3
STU_05166,2.766666666666667,92.59999999999998,36,3
STU_05204,2.3066666666666666,84.73333333333333,87,6
STU_05348,3.0399999999999996,90.56666666666668,48,3
STU_05416,2.7716666666666665,78.93333333333332,72,6
STU_05472,2.7249999999999996,96.15,36,2
STU_05952,3.0725000000000002,88.79999999999998,60,4
STU_06231,3.1550000000000002,88.72500000000001,60,4
STU_06357,3.16,81.55,30,2
STU_06378,2.10375,77.26249999999999,96,8
STU_06948,3.1885714285714286,85.05714285714285,129,7
STU_07053,2.855,80.01249999999999,108,8
STU_07160,2.62,87.9,12,1
STU_07337,3.1825,87.35,120,8
STU_07495,2.31,81.05,30,2
STU_07637,2.2,91.05999999999999,90,5
STU_07686,2.0485714285714285,82.44285714285715,105,7
STU_07760,2.811666666666666,89.96666666666665,84,6
STU_08084,2.5799999999999996,88.12,72,5
STU_08208,3.0574999999999997,90.8,57,4
STU_08312,2.8175,86.625,120,8
STU_08365,3.535,86.0,36,2
STU_08462,2.27875,79.325,120,8
STU_08608,2.875,94.95,30,2
STU_08626,3.22,84.25,90,6
STU_04337,2.7475,82.775,63,4
STU_07416,2.265714285714286,84.97142857142858,87,7
STU_07649,3.31,85.6,12,1
STU_07834,2.6799999999999997,95.19999999999999,24,2
STU_00125,2.3425000000000002,79.65,66,4
STU_00471,2.664285714285714,79.61428571428571,102,7
STU_00532,2.7350000000000003,88.19999999999999,24,2
STU_00926,2.8249999999999997,87.16250000000001,123,8
STU_01024,2.9075,89.26249999999999,120,8
STU_01291,1.9475,87.225,57,4
STU_01386,3.1499999999999995,81.44285714285715,105,7
STU_01442,2.774,85.34,75,5
STU_01478,2.61125,80.6875,123,8
STU_01828,3.5,89.43333333333332,36,3
STU_02139,3.0700000000000003,74.65,30,2
STU_02176,3.15,88.35,24,2
STU_02258,2.5149999999999997,90.9,39,2
STU_02471,2.59,83.8,18,1
STU_02754,2.7866666666666666,87.5,54,3
STU_03183,2.7249999999999996,90.375,60,4
STU_03293,2.52,89.4,15,1
STU_03378,2.6762499999999996,81.975,126,8
STU_03701,2.815,84.50000000000001,108,6
STU_04015,2.9400000000000004,81.6375,120,8
STU_04718,2.3750000000000004,89.06250000000001,93,8
STU_04786,2.452,82.2,63,5
STU_05245,3.57,90.1,30,2
STU_05332,3.24,84.6,15,1
STU_06218,2.9783333333333335,85.51666666666667,78,6
STU_06382,2.9299999999999997,91.60000000000001,39,3
STU_06432,2.7575000000000003,88.07499999999999,63,4
STU_06505,3.175,89.6,39,2
STU_06711,2.59,84.11428571428571,87,7
STU_06774,2.823333333333333,91.53333333333332,54,3
STU_06971,1.945,80.60000000000001,75,4
STU_07168,2.5666666666666664,90.16666666666667,105,6
STU_07391,3.1799999999999997,87.53333333333335,54,3
STU_07884,2.5242857142857145,81.31428571428572,84,7
STU_07918,1.78,82.9,18,1
STU_07990,3.08,84.72,75,5
STU_08551,3.29,91.15,21,2
STU_08746,2.82,85.7,30,2
STU_08802,2.01,77.17999999999999,81,5
STU_06109,3.18,96.2,9,1
STU_00064,3.2,88.1,15,1
STU_00068,2.1275,83.325,57,4
STU_00224,2.6199999999999997,81.92500000000001,60,4
STU_00447,2.70125,88.95,147,8
STU_00821,1.81,78.7,18,1
STU_00830,3.2133333333333334,84.16666666666667,90,6
STU_00849,3.166,83.58000000000001,66,5
STU_00880,2.4499999999999997,85.13333333333334,45,3
STU_00986,3.0149999999999997,80.275,60,4
STU_01093,2.8925,86.4,60,4
STU_01096,3.5,81.69999999999999,45,3
STU_01387,2.4133333333333336,97.2,33,3
STU_01723,3.0749999999999997,85.39999999999999,60,4
STU_01997,1.9259999999999997,88.05999999999999,75,5
STU_02130,3.59,90.25,24,2
STU_02183,3.1340000000000003,79.44,75,5
STU_02296,2.784,82.7,72,5
STU_02464,2.46875,83.375,123,8
STU_02815,2.735,87.55,75,4
STU_03145,2.858,90.2,87,5
STU_03299,2.892857142857143,83.31428571428572,108,7
STU_03316,2.185,80.075,75,4
STU_04014,2.6260000000000003,81.88,78,5
STU_04104,2.0366666666666666,78.60000000000001,54,3
STU_04452,2.62,90.65,36,2
STU_04565,1.84,87.3,18,1
STU_04906,2.71875,83.55,123,8
STU_04909,3.1950000000000003,94.0,36,2
STU_04992,3.024,83.62,63,5
STU_05582,2.2116666666666664,89.63333333333333,84,6
STU_05598,2.32,79.7,36,3
STU_06157,2.8683333333333336,87.7,87,6
STU_06275,2.57,85.69999999999999,90,6
STU_06692,2.3280000000000003,92.61999999999998,57,5
STU_07291,2.96,89.3,18,1
STU_07694,2.7971428571428576,88.48571428571428,105,7
STU_07727,2.8649999999999998,83.95,72,6
STU_07798,2.57375,88.0125,120,8
STU_07910,3.18,82.0,75,5
STU_07965,3.1449999999999996,88.30000000000001,30,2
STU_08059,2.13,87.8,18,1
STU_08063,2.3,95.3,15,1
STU_08085,2.834285714285715,88.17142857142856,105,7
STU_08132,3.01,91.0,12,1
STU_08181,2.7237500000000003,82.8,120,8
STU_08384,2.5599999999999996,89.93999999999998,60,5
STU_08435,2.5949999999999998,92.69999999999999,30,2
STU_08477,2.61,84.1,18,1
STU_08483,3.1,91.4,15,1
STU_08579,2.82,90.08000000000001,57,5
STU_08755,2.31,87.69999999999999,27,2
STU_08810,2.6442857142857146,86.48571428571428,87,7
STU_05959,2.42,92.4,21,1
STU_07423,2.4850000000000003,90.15,36,2
STU_07519,3.16,88.30000000000001,30,2
STU_07829,2.6325,79.19999999999999,60,4
STU_08528,3.015,99.75,30,2
STU_00044,3.2,87.65,30,2
STU_00401,2.8275000000000006,85.875,48,4
STU_00493,2.893333333333333,83.4,87,6
STU_00540,3.0383333333333336,87.35000000000001,90,6
STU_00547,2.6,88.2,15,1
STU_00765,2.9257142857142853,88.68571428571428,87,7
STU_00898,2.35,88.7,18,1
STU_00952,3.0,82.1,18,1
STU_00978,2.92,93.0,30,2
STU_01159,3.38,88.7,15,1
STU_02003,2.57,82.94999999999999,72,4
STU_02032,2.6699999999999995,84.12857142857142,102,7
STU_02081,2.7566666666666664,89.36666666666667,75,6
STU_02145,3.59,89.7,15,1
STU_03097,3.0714285714285716,84.78571428571429,108,7
STU_03136,2.62,85.8,15,1
STU_03337,2.6566666666666667,78.2,42,3
STU_03629,3.03,89.6,15,1
STU_03930,2.396,81.82000000000001,57,5
STU_04385,2.876666666666667,86.36666666666667,48,3
STU_04619,3.575,84.44999999999999,30,2
STU_04755,2.01,86.85,36,2
STU_04946,2.97,92.5,15,1
STU_04954,2.911428571428572,85.10000000000001,126,7
STU_04998,3.68,92.8,12,1
STU_05494,2.77375,84.5875,120,8
STU_05654,1.84,91.5,12,1
STU_05803,2.5940000000000003,79.58000000000001,72,5
STU_06047,2.37,84.7,18,1
STU_06126,2.7912500000000002,87.825,120,8
STU_06279,2.5900000000000003,80.19999999999999,45,3
STU_06312,2.685,87.8375,120,8
STU_06630,2.175,88.80000000000001,36,2
STU_07043,2.64,84.0,15,1
STU_07052,1.843333333333333,84.76666666666667,51,3
STU_07125,2.605,82.30000000000001,24,2
STU_07335,2.7733333333333334,89.66666666666667,57,3
STU_07640,2.674285714285715,81.02857142857144,108,7
STU_07652,2.7787500000000005,81.3875,123,8
STU_07970,2.715,79.36666666666666,90,6
STU_08052,2.7399999999999998,83.22,87,5
STU_08336,2.5524999999999998,81.62500000000001,87,8
STU_08357,2.145,88.8,36,2
STU_08585,2.7450000000000006,87.28750000000001,123,8
STU_04409,2.86875,78.15,120,8
STU_06108,2.4,91.5,15,1
STU_07822,2.33,91.8,21,1
STU_07936,2.8575,81.6125,120,8
STU_00088,2.4899999999999998,77.7142857142857,87,7
STU_00153,2.71,90.4,12,1
STU_00277,2.7350000000000003,88.35,30,2
STU_00297,2.8957142857142855,89.12857142857145,108,7
STU_00308,3.2,92.9,15,1
STU_00469,2.1966666666666668,85.41666666666667,105,6
STU_00473,3.0700000000000003,86.52857142857142,123,7
STU_00981,1.8666666666666665,86.3,36,3
STU_01062,2.26,85.5,18,1
STU_01197,2.6685714285714286,89.35714285714286,105,7
STU_01259,2.6625,84.35,60,4
STU_01604,2.43,85.03999999999999,90,5
STU_01648,2.9728571428571433,84.65714285714286,108,7
STU_01764,3.3024999999999998,81.275,60,4
STU_02286,2.776666666666667,83.93333333333334,39,3
STU_02724,2.67,86.9,12,1
STU_02993,2.9859999999999998,89.0,57,5
STU_03013,3.5300000000000002,90.1,30,2
STU_03431,2.816,90.17999999999999,60,5
STU_03513,2.4850000000000003,83.4,33,2
STU_03565,2.5250000000000004,84.94999999999999,39,2
STU_03648,2.536,86.72,60,5
STU_03821,2.225,78.9,33,2
STU_04086,2.37,91.1,15,1
STU_04110,2.67,91.8,18,1
STU_04391,2.98,84.975,72,4
STU_04449,1.4233333333333331,82.36666666666667,54,3
STU_04922,3.025,90.85,24,2
STU_04943,2.2750000000000004,87.125,51,4
STU_05002,2.2525,85.25,66,5
STU_05682,3.02,89.7,12,1
STU_05730,2.7542857142857144,79.92857142857142,84,7
STU_05936,2.7150000000000003,86.725,60,4
STU_06144,2.3916666666666666,84.03333333333333,90,6
STU_06975,2.8233333333333337,85.16666666666667,57,3
STU_07231,2.335,83.85,33,2
STU_07512,2.7099999999999995,84.06666666666666,39,3
STU_07593,3.15,89.9,33,2
STU_07627,2.34,83.8,21,1
STU_07851,2.65,77.275,117,8
STU_07876,2.7175000000000002,84.4375,114,8
STU_08532,2.955,85.375,45,4
STU_08607,3.35,88.3,45,3
STU_08795,2.5025000000000004,82.05000000000001,54,4
STU_07835,2.55,85.6,18,1
STU_08467,3.043333333333333,80.35000000000001,72,6
STU_00098,2.47,90.7,15,1
STU_00217,2.885714285714286,80.51428571428572,108,7
STU_00394,2.638,83.67999999999999,75,5
STU_00485,2.0387500000000003,79.53750000000001,102,8
STU_00823,2.84,85.875,60,4
STU_00890,2.8725,82.92500000000001,66,4
STU_00910,3.205,84.44999999999999,30,2
STU_01035,2.7800000000000002,86.75000000000001,93,8
STU_01232,2.8449999999999998,86.55000000000001,24,2
STU_01248,2.69,82.81666666666666,93,6
STU_01270,3.0033333333333334,80.48333333333333,96,6
STU_01306,2.146666666666667,89.93333333333334,51,3
STU_02311,2.8775000000000004,80.77499999999999,96,8
STU_02365,2.4899999999999998,79.73333333333333,48,3
STU_02739,2.73875,84.1625,135,8
STU_03530,2.315714285714286,90.60000000000001,105,7
STU_04253,2.44,92.5,15,1
STU_04293,3.1550000000000002,82.3,27,2
STU_04313,2.98,91.0,15,1
STU_04469,2.56,85.48571428571428,81,8
STU_04557,3.1225,88.0,57,4
STU_04677,3.08,95.7,36,2
STU_05122,2.15,93.8,21,1
STU_05420,2.4971428571428573,91.04285714285716,111,7
STU_05498,2.858333333333334,81.13333333333333,93,6
STU_05543,2.542857142857143,85.54285714285713,105,7
STU_06060,2.87,85.45,27,2
STU_06369,3.466666666666667,84.26666666666667,45,3
STU_06553,2.54,82.75,27,2
STU_06694,2.9450000000000003,91.0,27,2
STU_06829,3.05,78.425,60,4
STU_07132,2.8349999999999995,79.19999999999999,60,4
STU_07248,2.33,91.84,60,5
STU_07412,3.02625,84.4625,126,8
STU_07902,2.798333333333334,81.96666666666665,93,6
STU_07961,2.6599999999999997,87.89999999999999,57,3
STU_08234,2.855,89.125,57,4
STU_08370,2.675,89.3,30,2
STU_08573,1.874,86.03999999999999,84,5
STU_08848,2.8083333333333336,89.75,96,6
STU_08852,2.6439999999999997,85.4,66,5
STU_04426,3.14,87.6,12,1
STU_06928,1.78,89.0,18,1
STU_00052,2.4033333333333333,84.06666666666668,60,3
STU_00107,2.355,83.5,27,2
STU_00291,2.3866666666666667,85.2,45,3
STU_00495,3.4125,95.67500000000001,51,4
STU_00591,3.15,81.55000000000001,69,4
STU_00631,2.2725,83.175,54,4
STU_00731,2.6166666666666667,77.33333333333333,54,3
STU_01644,2.5133333333333336,86.3,45,3
STU_01671,2.2275,87.97500000000001,48,4
STU_01715,2.86,72.35,30,2
STU_02027,2.895,81.3,24,2
STU_02275,3.05,81.025,60,4
STU_02473,2.5975,86.4,48,4
STU_02577,2.8062500000000004,84.36249999999998,93,8
STU_02631,2.42875,86.35,147,8
STU_02799,2.76,86.4,15,1
STU_02916,1.31,82.0,36,2
STU_02970,3.02,92.2,12,1
STU_03038,2.08,87.7,12,1
STU_03121,2.86,94.4,18,1
STU_03156,2.308,88.68,57,5
STU_03235,1.73,93.4,9,1
STU_03372,2.3049999999999997,91.75,33,2
STU_03394,2.9466666666666668,83.10000000000001,42,4
STU_03680,2.3499999999999996,90.85,30,2
STU_03826,1.925,84.25,36,2
STU_03987,2.56,87.21428571428571,108,7
STU_04351,2.6562500000000004,88.55,120,8
STU_04353,2.895,89.35,30,2
STU_04397,2.5683333333333334,85.81666666666668,72,6
STU_04640,2.45,82.6,15,1
STU_04925,2.9299999999999997,82.39999999999999,57,3
STU_04945,2.5766666666666667,90.36666666666667,48,3
STU_05195,2.6,90.8,18,1
STU_05230,2.32,94.925,51,4
STU_05268,3.44,90.0,12,1
STU_05308,2.3120000000000003,81.14000000000001,57,5
STU_05819,2.716666666666667,87.91666666666667,66,6
STU_06353,2.75875,85.825,99,8
STU_06705,3.014285714285714,87.48571428571427,120,7
STU_06791,3.0,85.66,72,5
STU_07219,2.725714285714286,94.2,102,7
STU_07240,2.39,96.4,21,2
STU_07306,2.44,80.8,15,1
STU_08520,2.9699999999999998,92.65,42,2
STU_08558,3.025,92.75,24,2
STU_08570,2.9133333333333336,82.26666666666667,45,3
STU_08728,2.945,78.8625,117,8
STU_06239,2.13125,82.9,120,8
STU_08615,2.3733333333333335,79.60000000000001,36,3
STU_00228,2.396,79.32,57,5
STU_00282,2.5120000000000005,76.52000000000001,69,5
STU_00395,2.36,80.85,36,2
STU_00515,2.838,79.5,78,5
STU_00667,2.64,89.4,15,1
STU_00747,2.16,81.26666666666667,36,3
STU_00853,3.183333333333333,88.01666666666667,69,6
STU_01050,2.334,85.10000000000001,96,5
STU_01184,2.565,85.18333333333335,90,6
STU_01509,1.9175000000000002,82.45,60,5
STU_01597,2.73,85.1,33,2
STU_01693,2.9480000000000004,77.22,75,5
STU_01942,2.165,86.35,30,2
STU_02036,1.0325,87.2,75,4
STU_02644,2.19,81.8,27,2
STU_02676,2.54125,89.92500000000001,99,8
STU_02924,2.59,88.1,27,2
STU_03224,2.3714285714285714,85.18571428571428,84,7
STU_03447,3.415,86.05,27,2
STU_03687,3.0366666666666666,87.39999999999999,45,3
STU_03819,3.1060000000000003,84.8,60,5
STU_03848,3.42,91.2,12,1
STU_03910,2.61625,88.4875,96,8
STU_03928,2.15875,83.01250000000002,120,8
STU_04041,2.71375,79.68749999999999,117,8
STU_04588,2.6366666666666667,89.33333333333333,54,3
STU_04807,2.14,92.9,15,1
STU_04907,3.23,85.39999999999999,45,3
STU_05154,2.6583333333333337,83.0,81,6
STU_05507,2.96,94.0,15,1
STU_05800,3.16625,90.06249999999999,96,8
STU_05888,3.045,92.0,27,2
STU_05926,2.7366666666666664,82.96666666666665,90,6
STU_06123,2.6,90.6,15,1
STU_06329,3.46,92.7,15,1
STU_06413,2.606,85.38000000000001,63,5
STU_06428,1.98,81.96000000000001,93,5
STU_07469,3.1028571428571428,84.82857142857144,102,7
STU_07810,2.722857142857143,93.17142857142858,108,7
STU_08094,2.983333333333333,85.36666666666667,36,3
STU_08362,2.878,94.5,72,5
STU_08402,2.8024999999999998,86.75,51,4
STU_08410,3.156,79.66,75,5
STU_08612,2.9579999999999997,86.1,69,6
STU_08643,2.44,91.2,12,1
STU_08778,2.5985714285714283,85.02857142857142,105,7
STU_08827,2.567142857142857,83.74285714285715,111,8
STU_08469,3.016666666666666,88.33333333333333,45,3
STU_00528,3.3600000000000003,84.25,30,2
STU_00617,3.26,91.7,12,1
STU_00696,2.9000000000000004,90.15,36,2
STU_01453,2.82875,83.2375,114,8
STU_01771,2.805,85.85000000000001,60,4
STU_01785,1.8814285714285715,83.11428571428573,123,7
STU_02057,3.0300000000000002,90.9,30,2
STU_02127,2.33,84.825,57,4
STU_02708,2.7425,93.225,63,4
STU_03308,2.646666666666667,82.71666666666667,87,6
STU_03457,3.0,82.13749999999999,84,8
STU_04241,2.508,87.24000000000001,72,5
STU_04663,3.0,89.0,15,1
STU_04703,2.6,89.8,15,1
STU_04759,3.11125,81.85,120,8
STU_04898,2.6049999999999995,89.41666666666667,72,6
STU_05201,1.7866666666666668,85.28333333333333,111,6
STU_05237,2.23,94.7,15,1
STU_05487,2.23,86.75,30,2
STU_05621,2.85,88.6,12,1
STU_05657,2.7216666666666662,86.53333333333335,90,6
STU_05928,2.3433333333333333,88.68333333333334,90,6
STU_05962,3.0883333333333334,84.03333333333332,93,6
STU_06283,3.08,92.0,15,1
STU_06508,2.4549999999999996,87.68749999999999,123,8
STU_06923,2.19,83.1,27,2
STU_07101,2.7619999999999996,84.84,78,5
STU_07383,3.23,87.5,30,2
STU_07941,3.45,90.8,15,1
STU_08110,3.1625,88.50000000000001,48,4
STU_08330,2.5050000000000003,81.41666666666666,87,6
STU_06669,2.83,92.5,18,1
STU_07647,2.3266666666666667,91.28333333333335,90,6
STU_00008,2.645,84.25,24,2
STU_00627,3.0866666666666664,87.81666666666666,87,6
STU_00908,2.785,87.36666666666666,90,6
STU_01085,3.27,84.25,24,2
STU_01173,2.36625,81.97500000000001,123,8
STU_01471,3.02,82.18,78,5
STU_01584,3.18,82.23333333333333,45,3
STU_03112,3.171428571428571,92.02857142857142,78,7
STU_03309,2.62,81.46666666666667,90,6
STU_03346,2.99,92.0,21,1
STU_03419,3.0675,90.675,48,4
STU_03810,3.63,90.5,12,1
STU_04350,2.498,81.84,90,5
STU_04462,3.0250000000000004,83.75,30,2
STU_04478,3.29,87.65,24,2
STU_04495,2.408571428571428,76.89999999999999,105,7
STU_04837,2.0549999999999997,86.65,36,2
STU_05128,2.686666666666666,86.16666666666667,48,3
STU_05520,3.0662499999999997,79.76249999999999,123,8
STU_05592,3.33,90.2,30,2
STU_06210,3.41,91.0,12,1
STU_06220,2.837142857142857,82.7,102,7
STU_06730,2.956666666666667,94.26666666666667,48,3
STU_06779,2.4799999999999995,83.01666666666667,90,6
STU_06921,2.78,88.1,12,1
STU_07063,2.236666666666667,84.03333333333332,111,6
STU_07472,2.9450000000000003,86.725,57,4
STU_07528,2.75,90.7,36,3
STU_07697,2.63,82.99999999999999,90,6
STU_07706,2.77,76.525,117,8
STU_07962,2.338,87.34,75,5
STU_08005,2.55,84.7,12,1
STU_08039,2.47,84.22500000000001,60,4
STU_08214,3.07,86.6,15,1
STU_08246,3.1266666666666665,89.56666666666666,45,3
STU_08248,2.8280000000000003,84.55999999999999,75,5
STU_00024,2.8350000000000004,85.96666666666668,72,6
STU_00222,2.956,87.14000000000001,69,5
STU_00489,3.1750000000000003,84.32499999999999,72,4
STU_00520,2.9,89.19999999999999,72,4
STU_00593,2.8800000000000003,87.66666666666667,45,3
STU_01161,3.53,85.7,45,3
STU_01296,2.22,87.0,18,1
STU_01390,2.165,82.65,27,2
STU_01570,2.6774999999999998,81.85000000000001,48,4
STU_01679,2.4775,86.22500000000001,123,8
STU_01683,3.27,89.4,15,1
STU_02250,2.3274999999999997,82.7875,123,8
STU_03230,3.2533333333333334,79.41666666666667,90,6
STU_03574,2.283333333333333,89.33333333333333,57,3
STU_03735,2.77375,85.38749999999999,99,8
STU_04064,2.74625,76.95,120,8
STU_04094,2.9271428571428575,93.50000000000001,126,7
STU_04173,2.0999999999999996,81.1375,114,8
STU_04347,2.54875,80.6,123,8
STU_04547,3.54,85.2,15,1
STU_04633,2.22,86.2,18,1
STU_04868,3.0374999999999996,83.1,60,4
STU_04883,3.0433333333333334,88.09999999999998,45,3
STU_05086,1.9766666666666666,92.46666666666665,54,3
STU_05124,3.125,93.19999999999999,24,2
STU_05576,2.5949999999999998,85.4,36,2
STU_05838,3.3150000000000004,81.35,30,2
STU_05983,3.11,95.1,15,1
STU_06071,2.38,84.95,27,2
STU_06685,1.86,87.3,15,1
STU_06889,2.9762500000000003,80.35,114,8
STU_07214,3.05,87.8,18,1
STU_07745,2.4775,86.9,54,4
STU_07856,2.296666666666667,82.13333333333334,54,3
STU_08061,3.38,90.375,48,4
STU_08127,2.1,78.24,63,5
STU_08346,3.1799999999999997,91.92499999999998,54,4
STU_08770,2.8733333333333335,78.88333333333334,84,6
STU_07403,2.47,75.4,15,1
STU_08155,2.7566666666666673,87.18333333333332,93,6
STU_08419,2.89625,84.69999999999999,126,8
STU_00289,2.706666666666667,77.13333333333333,48,3
STU_00812,2.605,79.75,30,2
STU_00817,3.0925000000000002,85.89999999999999,93,8
STU_00836,2.7150000000000003,89.6625,141,8
STU_00936,3.29,93.075,69,4
STU_01023,3.39,77.9,45,3
STU_01444,2.3433333333333333,94.26666666666667,57,3
STU_01724,2.654,85.78,84,5
STU_01804,2.52,85.5,15,1
STU_02144,3.43,91.8,15,1
STU_02154,2.8579999999999997,88.91999999999999,78,5
STU_02544,3.4699999999999998,84.65,21,2
STU_02771,2.675,84.4,24,2
STU_03468,2.6614285714285715,93.74285714285713,111,7
STU_03698,3.3600000000000003,90.5,33,2
STU_04283,2.5257142857142862,89.78571428571429,105,7
STU_04606,1.8399999999999999,85.6,36,2
STU_04910,3.191666666666667,84.01666666666667,72,6
STU_05152,2.936666666666667,92.10000000000001,45,3
STU_05967,2.08,91.86666666666667,54,3
STU_06154,2.7800000000000002,84.1,30,2
STU_06396,2.5250000000000004,79.975,60,4
STU_06486,2.7466666666666666,83.1,48,3
STU_06635,3.045,86.45,36,2
STU_06981,2.525,89.35,30,2
STU_07224,2.895,85.95,30,2
STU_07350,2.5142857142857147,83.52857142857144,96,7
STU_07626,2.37,88.55,36,2
STU_08281,3.09,90.19999999999999,30,2
STU_00050,3.39,90.5,15,1
STU_00132,2.5685714285714285,89.58571428571429,87,7
STU_00542,2.7066666666666666,95.93333333333334,54,3
STU_00620,2.3333333333333335,82.83333333333333,48,3
STU_00739,2.25,81.80000000000001,87,6
STU_00755,2.12,88.8,15,1
STU_00963,3.153333333333333,88.56666666666666,54,3
STU_01374,2.455,82.625,48,4
STU_01834,2.5999999999999996,81.325,120,8
STU_02338,2.71,86.75,60,4
STU_02455,2.5700000000000003,82.1,60,5
STU_02575,2.58,86.69999999999999,36,2
STU_02632,2.24,85.8,15,1
STU_02650,2.84,93.2,15,1
STU_02719,1.8724999999999998,83.475,66,4
STU_02759,2.448,85.82000000000001,81,6
STU_02887,1.5425,87.67500000000001,72,4
STU_02985,2.45,94.1,48,4
STU_03074,2.83,95.8,30,2
STU_03100,2.9325,84.625,120,8
STU_03140,2.775714285714286,85.04285714285713,81,7
STU_03242,3.6100000000000003,86.9,27,2
STU_03543,2.06,97.0,18,1
STU_03557,1.8616666666666666,84.0,111,6
STU_03658,3.356666666666667,82.16666666666667,45,3
STU_04800,2.785,83.7625,117,8
STU_04833,3.34,85.4,15,1
STU_04969,2.99,82.55,30,2
STU_05052,3.215,82.45,24,2
STU_05146,2.6966666666666668,89.8,57,3
STU_05446,2.6366666666666667,85.7,45,3
STU_05662,2.65,88.2,12,1
STU_05683,2.58,82.1,18,1
STU_05794,2.5533333333333332,87.3,90,6
STU_05898,3.49,87.0,18,1
STU_06101,2.76,85.1,18,1
STU_06132,2.5949999999999998,82.8375,93,8
STU_06611,1.97,91.3,54,3
STU_06849,2.455,83.475,63,4
STU_07264,2.4385714285714286,82.77142857142857,84,7
STU_07585,2.5162500000000003,87.325,120,8
STU_08210,2.64,90.3,12,1
STU_08632,2.5450000000000004,88.47500000000001,54,4
STU_08688,2.79,94.025,57,4
STU_08792,2.7449999999999997,86.51249999999999,141,8
STU_05559,2.38,85.17142857142858,84,7
STU_07417,2.924285714285714,86.51428571428572,102,7
STU_07606,2.922857142857143,85.32857142857144,102,7
STU_07832,2.865,92.05,36,2
STU_00105,2.56,84.6,15,1
STU_00672,2.475,80.80000000000001,123,8
STU_00951,2.768333333333333,82.95,90,6
STU_00972,2.9887500000000005,88.975,93,8
STU_01105,2.2433333333333336,87.33333333333333,54,3
STU_01541,2.6025,82.0,120,8
STU_01564,3.09,87.53333333333335,54,3
STU_01689,3.43,89.6,39,2
STU_02564,2.14,87.2,15,1
STU_02740,3.36,88.6,15,1
STU_02982,2.726,86.38,57,5
STU_03380,2.97,86.0,15,1
STU_03576,2.7039999999999997,92.53999999999999,87,5
STU_03730,2.236666666666667,83.46666666666668,108,6
STU_03753,2.7642857142857147,79.07142857142857,108,7
STU_04023,3.03,86.2,12,1
STU_04187,3.0325,88.62500000000001,60,4
STU_04688,2.453333333333333,85.33333333333333,57,3
STU_05029,2.59,93.9,18,1
STU_05072,1.9966666666666668,89.86666666666667,48,3
STU_05181,2.8600000000000003,87.3625,126,8
STU_05666,2.3433333333333333,87.10000000000001,45,3
STU_05812,3.08,96.35,24,2
STU_05896,2.7699999999999996,84.45,90,6
STU_06075,2.7824999999999998,85.425,117,8
STU_06523,3.41,84.26666666666667,45,3
STU_06890,2.9939999999999998,85.97999999999999,81,5
STU_07039,2.938333333333334,85.16666666666667,96,6
STU_07121,2.054,84.42,90,5
STU_07283,2.8,80.7,45,4
STU_07444,3.2100000000000004,93.8,48,3
STU_07546,2.978,80.76,78,5
STU_07632,2.73,86.80000000000001,60,5
STU_07778,1.8416666666666668,87.38333333333333,105,6
STU_07886,2.2185714285714284,86.89999999999999,108,7
STU_07960,3.165,88.475,48,4
STU_08074,2.88,85.9,15,1
STU_08123,2.145,73.2,60,4
STU_08518,2.79125,83.03750000000001,123,8
STU_06295,2.1666666666666665,87.0,48,3
STU_06657,2.9283333333333332,76.76666666666667,87,6
STU_07821,2.9112500000000003,83.7,126,8
STU_00037,2.835,91.35,30,2
STU_00060,2.55,81.7625,141,8
STU_00103,3.345,85.575,48,4
STU_00196,2.8162499999999997,81.525,120,8
STU_00227,2.8866666666666667,83.73333333333333,36,3
STU_00338,2.6,85.80000000000003,108,7
STU_00340,2.53,90.6,18,1
STU_00876,2.626666666666667,88.16666666666667,45,3
STU_01217,3.02,89.95,30,2
STU_01542,2.87,88.1,21,1
STU_01906,2.8100000000000005,83.80000000000001,78,6
STU_01933,2.49,93.06666666666666,36,3
STU_02265,3.4175,87.775,57,4
STU_02640,2.588,85.56,72,5
STU_02787,2.6125000000000003,79.325,60,4
STU_03167,2.835,97.69999999999999,30,2
STU_03328,3.1525000000000003,92.64999999999999,123,8
STU_03374,2.263333333333333,87.90000000000002,36,3
STU_03923,2.9933333333333336,80.36666666666667,42,3
STU_03957,2.31,73.0625,120,8
STU_04500,1.79,90.0,12,1
STU_04526,1.9333333333333333,80.89999999999999,45,3
STU_04752,3.13,81.5,12,1
STU_04764,2.353333333333333,79.0,90,7
STU_05352,2.1733333333333333,92.23333333333333,57,3
STU_05514,2.94125,85.8625,132,8
STU_06002,2.48,90.3,15,1
STU_06549,2.83,88.3,48,4
STU_06680,2.643333333333333,80.89999999999999,45,3
STU_06887,2.216,83.84,84,5
STU_07060,2.7725,91.65,48,4
STU_07074,2.7771428571428567,82.4857142857143,102,7
STU_07883,2.165,83.9,36,2
STU_07969,2.9560000000000004,90.34,78,5
STU_08356,2.64,92.2,15,1
STU_08378,2.726,77.75999999999999,72,5
STU_04405,2.6114285714285717,85.05714285714286,102,7
STU_08439,2.66875,81.85,144,8
STU_00027,3.41,90.7,15,1
STU_00259,3.3466666666666662,81.53333333333333,48,3
STU_00371,3.1580000000000004,90.04,75,5
STU_00659,1.9949999999999999,84.4,39,2
STU_01046,2.775,82.075,57,4
STU_01659,2.71,91.91428571428573,105,7
STU_01681,1.78,92.3,18,1
STU_01866,2.674285714285714,89.45714285714287,105,7
STU_02219,2.29875,80.25,117,8
STU_02671,2.35,92.6,36,2
STU_03021,1.855,76.19999999999999,36,2
STU_03068,2.70125,90.825,93,8
STU_03185,2.528,80.82000000000001,72,5
STU_03318,2.6799999999999997,93.14999999999999,90,6
STU_03491,3.02,93.19999999999999,30,2
STU_03492,2.578,83.26,60,5
STU_04132,2.7300000000000004,85.225,72,4
STU_04362,2.532,84.28,87,5
STU_04661,2.89,92.4,15,1
STU_04785,1.97,75.975,72,4
STU_04878,2.4233333333333333,86.96666666666665,45,3
STU_04904,2.4075,87.825,57,4
STU_05211,1.906666666666667,75.14999999999999,105,6
STU_05467,2.9400000000000004,91.35,24,2
STU_05640,2.5,94.16666666666667,42,3
STU_05720,3.05,85.4,15,1
STU_06206,3.2359999999999998,83.52000000000001,60,5
STU_06324,2.65,93.8,15,1
STU_06601,2.5616666666666665,87.90000000000002,108,6
STU_06800,2.0349999999999997,90.625,63,4
STU_06860,3.1637500000000003,80.7,144,8
STU_07252,2.4375,80.01249999999999,120,8
STU_07566,2.3533333333333335,83.63333333333333,57,3
STU_07848,2.59,85.10000000000001,45,3
STU_08136,3.1257142857142854,88.38571428571429,102,7
STU_08387,3.1825,88.775,48,4
STU_08829,2.7433333333333336,91.91666666666667,90,6
STU_08830,2.7824999999999998,86.10000000000001,126,8
STU_04334,1.61,81.7,18,1
STU_07937,2.74,85.1,33,2
STU_00087,3.31,91.07500000000002,60,4
STU_00106,2.6333333333333333,85.36666666666667,54,3
STU_00147,2.61,85.8,15,1
STU_00519,2.19,84.4,36,2
STU_00573,2.685,88.0,30,2
STU_00804,3.53,94.6,12,1
STU_00858,3.255,90.6,60,4
STU_00967,2.62,86.1,15,1
STU_01412,2.58,86.93333333333334,45,3
STU_01469,2.52,86.3,51,3
STU_01522,1.6825,84.7,66,4
STU_01525,2.526666666666667,76.78333333333333,93,6
STU_01702,2.7359999999999998,82.52000000000001,72,5
STU_01750,2.8233333333333337,88.03333333333335,45,3
STU_01839,2.682,78.58,75,5
STU_02206,3.42,89.7,15,1
STU_02433,2.5671428571428576,83.75714285714285,99,7
STU_02557,2.896666666666667,81.3,48,3
STU_02578,2.5300000000000002,81.32499999999999,57,4
STU_02597,2.56,88.83333333333333,48,3
STU_02665,2.1857142857142855,78.12857142857142,129,7
STU_02728,2.3340000000000005,81.2,78,5
STU_03499,2.08,85.2,18,1
STU_03541,2.486666666666667,89.43333333333334,87,6
STU_03922,2.02,85.0,12,1
STU_03997,2.1375,85.675,63,4
STU_04571,3.52,88.9,18,1
STU_04614,2.595,86.88333333333333,87,6
STU_04881,2.145,92.25,36,2
STU_04933,3.17,93.0,18,1
STU_05080,2.2649999999999997,86.15,48,4
STU_05301,2.2399999999999998,93.23333333333335,42,3
STU_05323,2.98,85.60000000000001,48,3
STU_05362,3.0925,90.875,117,8
STU_05624,2.6225,83.65,57,4
STU_06015,2.404,86.03999999999999,75,5
STU_06027,2.8225000000000002,75.1,63,4
STU_06182,2.83875,86.1875,123,8
STU_06674,3.055,80.725,60,4
STU_06926,3.26,88.8,12,1
STU_07446,2.525,85.95,102,6
STU_07467,2.65,79.64,81,5
STU_07610,2.755714285714286,87.0857142857143,108,7
STU_07915,2.735,85.75,30,2
STU_08225,2.731666666666667,85.53333333333335,90,6
STU_08482,2.7800000000000002,87.1,36,2
STU_08832,2.74,85.43333333333334,45,3
STU_06298,3.0966666666666662,91.73333333333333,42,3
STU_06832,2.2657142857142856,82.75714285714285,111,7
STU_08427,2.8666666666666667,82.26666666666667,57,3
STU_00210,2.9,88.01428571428572,105,7
STU_00352,2.8225,83.2,60,4
STU_00507,2.424,89.38,75,5
STU_00543,2.4050000000000002,92.1,33,2
STU_00651,3.04,86.0,18,1
STU_00677,1.8233333333333333,87.8,54,3
STU_00685,2.6,92.4,36,2
STU_00699,2.935,81.8625,123,8
STU_00737,2.5966666666666662,85.59999999999998,72,6
STU_00820,3.3,90.3,18,1
STU_00873,2.3383333333333334,83.01666666666667,90,6
STU_01147,2.15,88.9,36,2
STU_01315,3.115,83.30000000000001,30,2
STU_01462,2.2533333333333334,87.93333333333334,42,3
STU_01488,2.6799999999999997,91.0,24,2
STU_01573,2.48125,82.8,120,8
STU_01752,3.24,93.9,15,1
STU_01815,2.516666666666667,87.0,45,3
STU_01937,2.73,77.3,15,1
STU_02071,2.2350000000000003,84.15,30,2
STU_02190,2.73,75.56666666666666,45,3
STU_02234,2.2671428571428573,79.9,108,7
STU_02246,3.24,98.65,36,2
STU_02298,2.48,84.175,45,4
STU_02349,2.40625,80.2375,105,8
STU_02595,2.152,87.24000000000001,96,5
STU_02677,2.641666666666667,89.13333333333334,75,6
STU_02720,2.728333333333334,88.16666666666667,87,6
STU_02880,2.765,87.15,24,2
STU_02955,2.3899999999999997,80.05000000000001,30,2
STU_03366,2.4566666666666666,90.06666666666666,45,3
STU_03367,2.13,82.625,60,4
STU_03759,2.1675,85.975,75,4
STU_03815,3.365,86.5,30,2
STU_04200,2.535,87.15,30,2
STU_04238,3.1825,91.225,69,4
STU_04568,3.355,86.05,30,2
STU_04949,2.89125,87.975,153,8
STU_04974,2.475714285714286,85.60000000000001,105,7
STU_05312,1.9649999999999999,85.2375,141,8
STU_05695,2.5700000000000003,86.25999999999999,90,5
STU_05762,2.28,93.5,18,1
STU_05777,3.1550000000000002,83.85,27,2
STU_05816,2.584285714285715,80.01428571428572,99,7
STU_05849,2.216666666666667,85.33333333333333,48,3
STU_06078,2.52,87.8,18,1
STU_06386,2.1933333333333334,87.3,108,6
STU_06412,2.355,81.1,24,2
STU_06511,2.7800000000000002,89.4,27,2
STU_06517,2.737142857142857,87.07142857142857,108,7
STU_06569,2.57,82.38333333333334,69,6
STU_06650,2.2416666666666667,87.63333333333333,75,6
STU_06758,2.8,93.9,15,1
STU_06939,2.8280000000000003,84.6,66,5
STU_07015,2.6,93.5,21,1
STU_07159,2.5100000000000002,88.08571428571427,105,7
STU_07355,3.14,90.22500000000001,72,4
STU_07613,2.8600000000000003,83.75,27,2
STU_07636,2.9479999999999995,88.66,57,5
STU_07985,2.31875,84.05,114,8
STU_07987,3.145,90.25,30,2
STU_08352,2.5616666666666665,87.90000000000002,66,6
STU_08543,2.7733333333333334,95.5,45,3
STU_08594,1.9100000000000001,87.56666666666666,48,3
STU_05759,2.686666666666666,88.3,39,3
STU_00211,2.53,78.13333333333333,81,6
STU_00214,2.5379999999999994,85.16,81,5
STU_00334,2.0374999999999996,83.725,69,4
STU_00793,2.8375000000000004,85.025,60,4
STU_00842,2.49,95.55,30,2
STU_00860,1.7525,84.9625,147,8
STU_01501,2.9299999999999997,87.0,96,7
STU_01531,2.46,84.1,15,1
STU_01582,2.62,89.775,60,4
STU_01609,3.71,92.1,12,1
STU_01707,2.8625,80.1,117,8
STU_01874,3.65,88.3,15,1
STU_01994,2.25,92.13333333333333,45,3
STU_02186,1.94,88.8,12,1
STU_02216,2.1375,81.4375,114,8
STU_02775,2.535,92.85,33,2
STU_02890,2.32,87.34,60,5
STU_03066,3.1025,87.39999999999999,45,4
STU_03190,2.71,88.425,48,4
STU_04437,2.6224999999999996,79.67500000000001,60,4
STU_04646,2.506,81.5,90,5
STU_04717,1.775,91.85,30,2
STU_04740,2.76375,84.1125,120,8
STU_05187,3.335,84.3,33,2
STU_05423,2.8099999999999996,85.6,81,5
STU_05618,2.07,81.7,18,1
STU_06775,2.47,86.83333333333333,39,3
STU_07135,3.0,91.6,15,1
STU_07165,2.463333333333333,85.26666666666667,48,3
STU_07591,2.78,87.5,15,1
STU_07634,3.11,87.2,18,1
STU_07674,3.1666666666666665,83.43333333333334,42,3
STU_08206,2.6975,81.05,60,4
STU_08722,3.52,78.0,15,1
STU_08763,2.6114285714285717,81.10000000000001,126,7
STU_08845,2.525,90.9,36,2
STU_04329,3.06,85.46666666666665,45,3
STU_06232,3.61,89.8,15,1
STU_06289,3.2249999999999996,90.94999999999999,30,2
STU_06397,2.9,90.9,12,1
STU_07922,2.6799999999999997,90.6,36,2
STU_00204,2.11,87.5,21,1
STU_00413,2.58,87.94999999999999,93,6
STU_00514,2.85,89.5,15,1
STU_00640,2.9779999999999998,85.61999999999999,72,5
STU_01402,2.3612499999999996,82.30000000000001,123,8
STU_01474,2.7399999999999998,88.26666666666667,45,3
STU_01665,2.5399999999999996,85.7,39,3
STU_01719,3.06,89.69999999999999,45,3
STU_01948,2.3871428571428566,85.45714285714284,96,7
STU_01954,2.32875,82.3875,141,8
STU_02019,2.8249999999999997,88.6125,120,8
STU_02074,2.07,87.05000000000001,39,2
STU_02392,2.46,85.1,18,1
STU_02448,3.02,79.9,30,2
STU_02614,2.43,86.9,12,1
STU_02903,2.6999999999999997,93.96666666666665,54,3
STU_03089,3.79,86.7,15,1
STU_03147,2.415,89.80000000000001,24,2
STU_03154,3.05,83.3,18,1
STU_03400,3.1812500000000004,84.3625,117,8
STU_03569,3.12125,86.03750000000001,123,8
STU_03627,2.8,87.8,15,1
STU_03757,2.56,89.8,15,1
STU_04021,2.837142857142857,81.35714285714286,102,7
STU_04053,2.81,92.9,18,1
STU_04142,2.985,86.4,24,2
STU_04176,1.76,89.55,39,2
STU_05021,3.2275,88.7,51,4
STU_05191,2.6325000000000003,84.39999999999999,126,8
STU_05444,2.9675,87.575,69,4
STU_05447,2.7,87.72500000000001,126,8
STU_05580,2.35,93.5,18,1
STU_05678,3.226,85.32000000000001,90,5
STU_05833,2.62,77.425,63,4
STU_05961,3.0239999999999996,92.2,78,5
STU_06217,1.5200000000000002,84.03333333333333,54,3
STU_06497,2.8924999999999996,78.61249999999998,90,8
STU_06608,3.255,84.05000000000001,33,2
STU_06713,2.7800000000000002,96.35,27,2
STU_06950,2.54,81.275,48,4
STU_07145,3.1175,80.55000000000001,66,4
STU_07312,2.66,87.8,15,1
STU_07509,2.61,90.03333333333335,36,3
STU_07554,3.36,91.9,15,1
STU_07631,2.822,93.08000000000001,60,5
STU_07999,2.57,82.7,15,1
STU_08631,2.72,92.6,15,1
STU_04529,2.4625,81.925,48,4
STU_00305,2.3433333333333333,81.83333333333333,45,3
STU_00441,2.865,84.525,48,4
STU_00642,2.6225,88.30000000000001,57,4
STU_01138,2.59,88.7,18,1
STU_01221,3.1119999999999997,83.1,57,5
STU_01732,2.88,86.2,9,1
STU_02022,2.6357142857142857,81.81428571428572,102,7
STU_02215,2.243333333333333,85.13333333333334,51,3
STU_02370,2.7337499999999997,85.66249999999998,114,8
STU_02508,2.81,85.61666666666666,72,6
STU_02608,3.17,87.05,24,2
STU_02776,2.4525,85.3,114,8
STU_02997,3.0866666666666664,87.0,48,3
STU_03509,3.15,89.9,30,2
STU_03748,2.06,85.26666666666667,48,3
STU_03891,2.393333333333333,90.8,45,3
STU_03906,3.0428571428571423,84.27142857142857,87,7
STU_03963,2.6925000000000003,86.05,147,8
STU_04564,3.1133333333333337,84.38333333333333,111,6
STU_04585,2.5733333333333333,81.58333333333333,87,6
STU_04887,2.03,86.2,18,1
STU_04897,2.852,87.62,57,5
STU_04972,2.3449999999999998,75.85,33,2
STU_05030,1.8,86.1,15,1
STU_05101,2.8642857142857143,75.48571428571428,108,7
STU_05382,2.96625,81.4625,141,8
STU_05515,2.6637499999999994,82.775,117,8
STU_05651,3.05,88.3,12,1
STU_05796,1.965714285714286,83.71428571428571,108,7
STU_05845,2.0439999999999996,81.2,90,5
STU_06070,2.7600000000000002,81.7,45,3
STU_06322,3.09,82.45,33,2
STU_06478,2.745,97.8,36,2
STU_06610,1.9725000000000001,81.5,57,4
STU_06877,2.20875,82.5125,141,8
STU_07094,2.6166666666666667,82.1,45,3
STU_07499,2.315,93.22500000000001,75,4
STU_07581,2.05,80.55,39,2
STU_07680,2.5133333333333336,91.88333333333334,90,6
STU_07864,3.081666666666667,92.8,72,6
STU_08298,3.025714285714286,76.98571428571428,84,7
STU_08562,2.8024999999999998,82.75,57,4
STU_08752,2.7425,79.7,60,4
STU_05544,2.5916666666666663,85.76666666666667,105,6
STU_06646,2.7725,82.9,63,4
STU_08150,2.8449999999999998,82.65,99,8
STU_08157,2.5928571428571425,86.08571428571427,108,7
STU_00238,2.654,77.62,72,5
STU_00480,3.495,93.8,24,2
STU_00801,2.7100000000000004,84.86666666666667,36,3
STU_00882,2.55,82.4,15,1
STU_01152,3.14,87.7,12,1
STU_01310,3.3866666666666667,86.5,48,3
STU_01383,2.82875,83.88749999999999,96,8
STU_01533,2.3825,85.6,66,4
STU_01935,2.546666666666667,88.76666666666667,45,3
STU_01988,2.48,90.2,15,1
STU_02344,2.16,83.63333333333334,111,6
STU_02960,2.415,86.25,69,4
STU_03053,2.58125,84.475,114,8
STU_03060,2.7742857142857136,85.02857142857144,108,7
STU_03061,2.461428571428571,81.55714285714285,102,7
STU_03402,2.81,88.9,15,1
STU_03452,3.085,76.75,24,2
STU_03873,2.31,86.5,18,1
STU_04189,2.8200000000000003,83.2,24,2
STU_04215,2.3,83.9,36,2
STU_04430,2.793333333333333,88.09999999999998,54,3
STU_04438,2.66,87.63333333333333,75,7
STU_04442,1.56,85.6,21,1
STU_04507,3.335,88.275,60,4
STU_04753,3.296666666666667,92.66666666666667,45,3
STU_04776,2.6666666666666665,85.33333333333333,36,3
STU_04795,2.3533333333333335,77.73333333333333,45,3
STU_04851,2.358,84.0,87,5
STU_04948,2.3971428571428572,85.7,105,7
STU_05087,2.4387499999999998,83.70000000000002,108,8
STU_05112,2.9349999999999996,81.625,45,4
STU_05295,2.021666666666667,86.58333333333331,75,6
STU_05462,2.6399999999999997,83.15,30,2
STU_06256,2.6266666666666674,83.50000000000001,93,6
STU_06443,2.7616666666666667,85.58333333333333,90,6
STU_06972,2.5439999999999996,89.78,87,5
STU_07066,2.7475000000000005,85.9,63,4
STU_07482,2.43,91.03333333333335,42,3
STU_07524,2.8699999999999997,88.46666666666665,75,6
STU_08137,2.91,85.5,15,1
STU_08394,2.5833333333333335,88.13333333333333,45,3
STU_08424,2.33,90.94999999999999,27,2
STU_08734,2.31,91.94999999999999,24,2
STU_04369,2.0999999999999996,89.44999999999999,30,2
STU_05158,3.3560000000000003,88.54,75,5
STU_06599,2.79,88.80000000000001,33,2
STU_06665,2.29,78.3,69,6
STU_07116,3.3433333333333333,81.2,45,3
STU_07439,2.6,85.6,15,1
STU_07537,2.93,86.35,30,2
STU_08675,2.71,87.3,12,1
STU_00377,2.0075000000000003,88.0,63,4
STU_00391,2.7112499999999997,85.8,102,8
STU_01337,2.7566666666666664,84.63333333333333,39,3
STU_01461,2.705,86.44999999999999,87,6
STU_01472,2.6999999999999997,83.50000000000001,54,3
STU_02161,2.1999999999999997,83.03333333333333,45,3
STU_02353,2.8000000000000003,92.96666666666665,45,3
STU_02359,2.77,78.05000000000001,96,8
STU_02393,2.3633333333333333,84.73333333333333,36,3
STU_02514,3.1375,82.9,60,4
STU_02657,2.8333333333333335,76.46666666666667,90,6
STU_02780,2.825,85.25,30,2
STU_02876,2.4566666666666666,86.2,39,3
STU_03634,3.076,92.02,75,5
STU_03739,2.8314285714285714,84.95714285714284,105,7
STU_03763,3.43,95.6,15,1
STU_04202,2.146666666666667,87.89999999999999,51,3
STU_04713,2.70125,87.2,99,8
STU_04734,3.0,86.13333333333333,48,3
STU_04748,2.9583333333333335,77.45,90,6
STU_04811,2.6849999999999996,82.35,33,2
STU_05009,3.0949999999999998,85.45,30,2
STU_05482,2.4499999999999997,87.56666666666666,45,3
STU_06194,2.7,89.35999999999999,75,5
STU_06697,2.85,88.3,18,1
STU_07009,2.815,83.025,57,4
STU_07055,2.712,84.28,75,5
STU_07377,2.78,86.60000000000001,45,3
STU_07387,2.3616666666666664,84.13333333333334,84,6
STU_07411,2.88,88.85,33,2
STU_07572,2.83,82.36666666666666,48,3
STU_08601,2.8616666666666664,82.5,90,6
STU_08773,2.73125,82.5125,123,8
STU_08811,2.49,87.75,144,8
STU_06810,2.8466666666666662,92.5,42,3
STU_07539,3.1380000000000003,90.43999999999998,57,5
STU_00342,2.6566666666666667,82.59999999999998,111,6
STU_00379,2.8883333333333336,90.35000000000001,90,6
STU_00683,3.26,75.4,15,1
STU_00724,3.45,91.6,18,1
STU_00781,2.918333333333333,84.2,105,6
STU_00833,2.81,80.89999999999999,60,4
STU_00940,3.058571428571429,91.38571428571429,126,7
STU_01037,2.7349999999999994,87.48333333333333,66,6
STU_01234,3.274,85.66,72,5
STU_01355,2.34,82.19999999999999,51,4
STU_01423,2.2687499999999994,75.5875,123,8
STU_01737,2.9800000000000004,89.06666666666668,48,3
STU_01989,3.565,88.75,27,2
STU_02149,3.186666666666666,86.2,45,3
STU_02192,2.8066666666666666,82.73333333333333,45,3
STU_02252,3.2,85.7875,129,8
STU_02648,2.13,79.05000000000001,33,2
STU_02734,2.4087500000000004,82.275,99,8
STU_02774,2.628,82.14,75,5
STU_02913,2.56,91.1,18,1
STU_03163,2.74,86.875,129,8
STU_03453,1.8849999999999998,92.6,36,2
STU_03511,2.97,79.2,54,3
STU_03619,3.44,82.6,15,1
STU_03778,2.26,92.95,30,2
STU_03840,3.284,82.4,75,5
STU_03879,2.925,86.1,30,2
STU_04384,2.8800000000000003,96.96666666666665,48,3
STU_04523,3.215,91.82499999999999,48,4
STU_04581,2.6666666666666665,89.89999999999999,45,3
STU_04788,3.4333333333333336,78.06666666666668,51,3
STU_04805,2.63,89.1,15,1
STU_04913,2.29,87.2,21,1
STU_04960,2.48375,83.0,129,8
STU_05022,3.0187499999999994,83.625,123,8
STU_05165,2.5574999999999997,87.65,63,4
STU_05297,2.9925,86.82499999999999,60,4
STU_05553,2.475,85.65,36,2
STU_05600,3.32,84.9,12,1
STU_05725,3.56,95.1,15,1
STU_05850,2.7314285714285718,87.42857142857143,87,7
STU_05860,2.6966666666666668,90.06666666666668,45,3
STU_05879,2.78,86.8,57,4
STU_05908,2.6799999999999997,76.63333333333334,45,3
STU_05960,3.2,83.9,21,2
STU_06054,2.6125,84.85,63,4
STU_06542,3.1425,85.02499999999999,117,8
STU_06991,2.95,90.2,15,1
STU_07206,2.7512499999999993,89.2875,117,8
STU_07658,2.9412499999999997,80.2125,111,8
STU_07768,3.21,87.4,18,2
STU_07906,3.3800000000000003,90.3,39,3
STU_08302,3.036,87.44,84,5
STU_08354,2.936666666666667,83.41666666666667,72,6
STU_08390,3.082,83.22,75,5
STU_08510,3.005,89.825,45,4
STU_08650,3.111666666666667,83.60000000000001,81,6
STU_08683,3.1200000000000006,79.54285714285713,84,7
STU_08737,2.9066666666666667,83.06666666666666,45,3
STU_04316,2.19,94.1,18,1
STU_06292,2.77,86.9,12,1
STU_07518,2.17,87.5,42,3
STU_00402,3.0533333333333332,88.63333333333333,33,3
STU_00491,3.08,89.0,15,1
STU_00695,2.8775000000000004,85.6,63,4
STU_00761,2.69,86.8,15,1
STU_00777,2.808,86.16,75,5
STU_01137,2.8074999999999997,87.675,60,4
STU_01400,3.1740000000000004,85.36,75,5
STU_01579,3.06,89.5,15,1
STU_01822,3.036,89.38,72,5
STU_01930,2.6071428571428577,86.38571428571429,129,7
STU_01951,2.4233333333333333,92.8,54,3
STU_02009,3.01,92.7,15,1
STU_02133,3.1716666666666664,86.78333333333335,90,6
STU_02760,2.85,72.76666666666667,45,3
STU_02791,2.8285714285714287,87.92857142857143,108,7
STU_03067,2.8466666666666662,94.76666666666665,54,3
STU_03070,3.44,80.275,60,4
STU_03572,2.062857142857143,81.5,105,7
STU_03579,2.205,80.75,27,2
STU_03601,2.865,83.30000000000001,30,2
STU_03983,2.66,83.3,15,1
STU_04649,2.74,94.5,15,1
STU_04955,2.75,87.56666666666666,39,3
STU_05180,2.17,86.95,30,2
STU_05246,2.4425,89.05000000000001,60,4
STU_05311,3.22,93.8,18,1
STU_05396,2.2575,81.9875,123,8
STU_05791,2.704285714285714,86.41428571428573,102,7
STU_05984,2.1550000000000002,83.8,30,2
STU_06333,2.0025,82.25,69,4
STU_06336,3.1057142857142854,85.45714285714287,84,7
STU_06373,2.99,70.4,12,1
STU_07064,2.5716666666666668,81.71666666666665,90,6
STU_07158,3.01,96.1,15,1
STU_07421,2.4233333333333333,80.96666666666665,39,3
STU_08309,3.01,83.19999999999999,30,2
STU_08373,3.24,86.35,33,2
STU_08674,2.4524999999999997,79.44999999999999,63,4
STU_08816,1.6433333333333333,84.13333333333334,51,3
STU_08833,2.6950000000000003,88.45,90,6
STU_06821,2.013333333333333,82.5,45,3
STU_00085,3.3366666666666664,92.60000000000001,45,3
STU_00230,3.0233333333333334,85.16666666666667,45,3
STU_00271,2.755,89.6,33,2
STU_00411,2.785,89.8,36,2
STU_00472,2.7,92.25,63,4
STU_00537,2.83625,87.21249999999999,120,8
STU_00764,2.43,84.2,15,1
STU_00937,2.856666666666667,88.16666666666667,39,3
STU_01638,2.8337499999999998,89.28750000000001,129,8
STU_02103,3.04,91.2,24,2
STU_02376,2.315,77.85,24,2
STU_02536,2.635714285714286,89.14285714285714,123,7
STU_02643,3.0066666666666664,87.09999999999998,87,6
STU_02902,2.778333333333333,84.51666666666667,93,6
STU_03248,2.764285714285714,86.35714285714286,90,7
STU_03567,3.0833333333333335,86.66666666666667,54,3
STU_03774,3.5,85.46666666666665,45,3
STU_04089,3.245,87.55000000000001,30,2
STU_04382,2.2600000000000002,89.58,75,5
STU_04624,2.9225000000000003,83.47500000000001,51,4
STU_05242,2.5125,88.125,60,4
STU_05270,3.465,90.65,36,2
STU_05278,2.44,89.06666666666666,36,3
STU_05773,2.6675,84.0375,123,8
STU_05781,3.084285714285714,83.22857142857143,84,7
STU_05805,2.766666666666666,89.85000000000001,72,6
STU_06193,1.7866666666666664,85.1,57,3
STU_06270,2.893333333333333,82.03333333333332,45,3
STU_06424,2.1999999999999997,85.40000000000002,48,3
STU_06431,2.68,93.0,12,1
STU_07144,2.42,84.25,30,2
STU_07270,2.72,83.675,57,4
STU_07750,2.7359999999999998,91.0,75,5
STU_07872,2.86,89.8,33,3
STU_07945,2.98,87.8,33,2
STU_08075,2.93,93.8,18,1
STU_08128,2.59,82.875,60,4
STU_08140,2.6166666666666667,86.03333333333335,45,3
STU_08182,2.63,83.7,15,1
STU_08305,2.55,90.7,30,2
STU_08535,1.858,80.16,78,5
STU_05742,2.73,83.89999999999999,60,4
STU_07540,2.96,94.9,30,2
STU_07836,2.83,87.6,15,1
STU_08459,2.63,87.625,60,4
STU_00117,1.83,87.5,36,2
STU_00374,2.5875000000000004,87.01249999999999,120,8
STU_00589,2.4160000000000004,81.02000000000001,57,5
STU_00930,3.075714285714286,87.04285714285716,108,7
STU_01304,2.725,82.05000000000001,117,8
STU_01516,2.6999999999999997,87.85,63,4
STU_01578,2.6914285714285717,84.38571428571427,99,7
STU_01619,1.3471428571428574,78.72857142857143,129,7
STU_01812,3.86,92.9,15,1
STU_01934,3.1500000000000004,76.975,45,4
STU_02049,3.31,91.43333333333332,54,3
STU_02085,2.4185714285714286,88.45714285714287,108,7
STU_02128,2.68,92.5,42,3
STU_02132,2.235,76.45,33,2
STU_02346,3.2342857142857144,92.15714285714287,126,7
STU_02472,2.6999999999999997,83.16666666666667,36,3
STU_03037,2.66,90.8,18,1
STU_03175,2.69,88.4,18,1
STU_04149,2.93,88.7,15,1
STU_04219,2.33,90.6,30,2
STU_04255,2.1239999999999997,75.42,75,5
STU_04268,3.2866666666666666,80.13333333333334,39,3
STU_04275,2.4059999999999997,78.0,63,5
STU_04525,2.617142857142857,79.05714285714286,105,7
STU_05037,2.777142857142857,78.11428571428573,105,7
STU_05463,2.80125,84.39999999999999,96,8
STU_06069,2.67,94.1,18,1
STU_06347,2.305,80.1,36,2
STU_06755,3.3575,89.74999999999999,42,4
STU_06876,2.525,85.95,33,2
STU_07087,2.495,89.05,30,2
STU_07123,3.2375,83.55000000000001,60,4
STU_07271,1.7666666666666666,83.89999999999999,54,3
STU_07661,3.0,87.5,15,1
STU_07689,2.8249999999999997,79.68333333333334,90,6
STU_07780,2.67,82.5,18,1
STU_07806,2.7,93.0,30,2
STU_08011,3.0700000000000003,91.1,30,2
STU_08097,3.126666666666667,85.89999999999999,93,6
STU_08173,2.7600000000000002,88.33333333333333,90,6
STU_08383,2.17,87.4,30,2
STU_04537,2.045,93.6,36,2
STU_08614,3.5,92.2,15,1
STU_00089,2.62,88.0,48,4
STU_00213,3.045,91.1,30,2
STU_00417,2.546666666666667,89.33333333333333,36,3
STU_00526,3.033333333333333,86.7,33,3
STU_00637,2.892,82.78,57,5
STU_00664,1.9666666666666668,80.4,54,3
STU_00802,2.443333333333334,85.26666666666667,90,6
STU_00841,3.1725000000000003,81.675,60,4
STU_00918,3.045,92.27499999999999,75,4
STU_01496,3.0216666666666665,84.96666666666665,84,6
STU_01911,3.09,79.2,18,1
STU_01932,1.656,86.78,78,5
STU_01982,3.03,85.59999999999998,45,3
STU_02013,2.28,90.55,27,2
STU_02119,3.04,95.6,15,1
STU_02178,2.94375,84.75,120,8
STU_02604,2.26,93.4,15,1
STU_02894,2.34,82.5,12,1
STU_02941,2.5066666666666664,81.26666666666667,42,3
STU_03008,3.151666666666667,85.18333333333334,72,6
STU_03120,2.412857142857143,82.27142857142857,102,7
STU_03282,3.0124999999999997,78.35,75,4
STU_03317,2.43,89.5,15,1
STU_03497,3.715,92.2,30,2
STU_03686,3.4575,91.85000000000001,45,4
STU_03726,3.176666666666667,90.96666666666665,48,3
STU_03837,2.813333333333333,87.96666666666665,39,3
STU_03905,3.2874999999999996,80.675,66,4
STU_03970,2.5033333333333334,93.13333333333333,51,3
STU_04415,2.8462500000000004,81.0125,93,8
STU_04705,2.50625,82.575,123,8
STU_04771,2.648571428571429,82.34285714285714,81,7
STU_05001,1.9699999999999998,94.575,72,5
STU_05133,2.865,94.7,33,2
STU_05313,2.6260000000000003,82.52000000000001,78,5
STU_05700,2.7750000000000004,84.33333333333333,90,7
STU_05867,2.62,85.625,60,4
STU_06166,3.1666666666666665,86.2,45,3
STU_06176,1.71,88.1,36,2
STU_06203,2.891666666666666,86.18333333333334,69,6
STU_06389,2.8066666666666666,83.8,51,3
STU_06594,2.845714285714286,88.31428571428572,108,7
STU_06781,2.498571428571428,84.91428571428571,102,7
STU_06857,2.13,84.74285714285713,126,7
STU_06881,2.94,86.8,30,2
STU_07196,2.8920000000000003,80.08000000000001,78,5
STU_07984,2.1879999999999997,75.18,63,5
STU_08254,3.055,79.55,60,4
STU_08610,2.568333333333333,85.41666666666667,90,6
STU_08822,2.5324999999999998,79.275,66,4
STU_05569,2.2175000000000002,84.30000000000001,72,4
STU_08618,3.0,89.4,30,2
STU_00127,2.666,80.2,78,5
STU_00300,2.6683333333333334,90.86666666666666,75,6
STU_00606,1.8399999999999999,81.43333333333334,54,3
STU_01067,2.31,91.8,18,1
STU_01125,2.211666666666667,95.90000000000002,90,6
STU_01463,2.4875,81.975,78,4
STU_01558,2.163333333333333,85.7,75,6
STU_01792,2.91,89.55999999999999,78,5
STU_01861,2.945,85.94999999999999,30,2
STU_02247,2.955,89.5,30,2
STU_02390,2.3899999999999997,85.53999999999999,72,5
STU_02463,3.1799999999999997,91.4,33,2
STU_02772,2.775,91.35000000000001,63,4
STU_03102,2.52,89.6,27,2
STU_03160,2.5300000000000002,84.6,33,2
STU_03440,2.71,82.5,33,2
STU_03441,2.7433333333333336,90.16666666666667,42,3
STU_03476,3.0666666666666664,92.93333333333334,51,3
STU_03895,2.9275,84.55,57,4
STU_04082,2.99,86.62,75,5
STU_04332,2.7349999999999994,85.98333333333335,90,6
STU_04381,2.753333333333334,92.46666666666665,45,3
STU_04413,2.283333333333333,84.33333333333333,57,3
STU_04601,1.6,92.8,18,1
STU_04679,2.4,94.0,18,1
STU_04685,3.096,81.97999999999999,72,5
STU_04763,3.348,86.4,78,5
STU_05040,2.6557142857142857,85.5,102,7
STU_05508,2.5866666666666664,87.03333333333335,90,6
STU_05617,2.62,86.85,33,2
STU_06119,2.8550000000000004,84.575,51,4
STU_06341,2.8366666666666673,83.28333333333335,78,6
STU_06732,2.2466666666666666,85.16666666666667,54,3
STU_06738,2.73,82.7,45,3
STU_08177,1.97,81.05000000000001,36,2
STU_08291,2.9899999999999998,84.43333333333332,36,3
STU_08375,2.5242857142857145,88.88571428571429,105,7
STU_08817,2.275714285714286,84.02857142857144,84,7
STU_00046,3.0,92.5,36,2
STU_00182,2.705,88.71666666666665,87,6
STU_00274,2.69,89.3,18,1
STU_00427,2.7649999999999997,82.9,30,2
STU_00557,3.125,84.95,123,8
STU_00687,2.676,80.78,60,5
STU_01166,2.5300000000000002,88.42500000000001,63,4
STU_01262,2.6675000000000004,81.275,123,8
STU_01285,2.6775,85.9125,120,8
STU_01370,2.7175000000000002,89.3,123,8
STU_02116,3.34,88.1,12,1
STU_02976,2.642857142857143,79.18571428571428,123,7
STU_03935,2.73125,86.5375,147,8
STU_03968,3.0483333333333333,82.98333333333333,87,6
STU_04239,3.0533333333333332,85.83333333333333,48,3
STU_04756,2.335,92.5,33,2
STU_05207,2.6175,86.075,66,4
STU_05334,2.535,86.25,36,2
STU_05583,2.5199999999999996,83.72857142857143,102,7
STU_05842,2.83,92.8,15,1
STU_06539,2.72,82.1,18,1
STU_06795,3.364,86.55999999999999,72,5
STU_07278,1.81,78.0,18,1
STU_08012,2.91,79.4,12,1
STU_08342,3.0375,91.275,48,4
STU_08348,2.76875,82.8875,99,8
STU_08666,2.065,77.525,117,8
STU_08691,2.758,86.22,75,5
STU_08694,2.7028571428571433,88.54285714285716,126,7
STU_08814,2.6133333333333333,90.5,33,3
STU_07723,3.545,79.35,24,2
STU_00260,3.06,83.9,63,4
STU_00348,2.5987500000000003,82.16250000000001,117,8
STU_00969,1.94,75.52000000000001,75,5
STU_01157,2.306666666666667,85.01666666666667,69,6
STU_02053,2.88,86.0,18,1
STU_02633,2.95,94.3,12,1
STU_02726,2.9699999999999998,88.65,39,2
STU_02770,3.026666666666666,90.21666666666668,108,6
STU_02846,2.94,82.1,24,2
STU_03093,2.355,86.98333333333333,105,6
STU_03245,2.5124999999999997,90.57499999999999,75,4
STU_03592,2.66,82.45,90,6
STU_03599,2.4266666666666663,88.5,36,3
STU_03676,1.9579999999999997,86.98,75,5
STU_03984,3.225,81.975,54,4
STU_04035,3.36,90.33333333333333,36,3
STU_04061,2.30375,79.91250000000001,105,8
STU_04249,2.556,91.7,81,5
STU_04487,3.122,90.16,75,5
STU_04926,2.85,92.2,102,6
STU_05294,2.4233333333333333,88.39999999999999,48,3
STU_05449,3.41,91.7,15,1
STU_05478,3.0816666666666666,85.10000000000001,90,6
STU_05887,2.8957142857142864,84.21428571428571,102,7
STU_06622,2.5675,89.95,51,4
STU_06920,2.83,84.4,18,1
STU_06936,2.35,83.1,18,1
STU_07210,2.46,86.38749999999999,144,8
STU_07281,2.8866666666666667,83.46666666666667,45,3
STU_07516,2.15,80.25,30,2
STU_07641,2.8683333333333336,85.44999999999999,105,6
STU_08541,2.72,82.82499999999999,72,4
STU_08716,2.72,92.8,18,1
STU_07308,2.77,84.53999999999999,75,5
STU_08525,2.7325,88.625,57,4
STU_00104,2.83,85.4,30,2
STU_00556,3.1700000000000004,81.75714285714285,105,7
STU_01191,2.7512499999999998,87.14999999999998,114,8
STU_01247,2.9539999999999997,79.52000000000001,96,5
STU_01868,2.9549999999999996,86.55,60,4
STU_01877,2.37,95.4,15,1
STU_02146,2.2566666666666664,85.23333333333333,45,3
STU_02267,2.76,83.06666666666666,72,6
STU_02283,2.7983333333333333,88.90000000000002,72,6
STU_02462,2.2466666666666666,80.66666666666666,48,3
STU_02697,2.3550000000000004,85.0,21,2
STU_02854,2.85,84.0,30,2
STU_02900,3.0774999999999997,84.81249999999999,120,8
STU_02909,3.14,91.75,27,2
STU_03047,1.634,77.62,93,5
STU_03058,3.04,84.48571428571428,108,7
STU_03072,3.2059999999999995,96.74,72,5
STU_03498,3.4850000000000003,88.7,24,2
STU_03709,2.778571428571429,84.6857142857143,108,7
STU_03949,2.672,78.62,75,5
STU_03952,2.2257142857142855,89.57142857142857,105,7
STU_04273,3.45,88.5,30,2
STU_04472,2.8166666666666664,84.3,90,6
STU_04626,2.5175,84.375,120,8
STU_05062,2.3700000000000006,83.225,117,8
STU_05531,2.93,90.8,12,1
STU_05649,2.642,83.26000000000002,78,5
STU_06161,2.6100000000000003,90.05,36,2
STU_06191,2.927142857142857,84.29999999999998,102,7
STU_06425,2.8600000000000003,80.19999999999999,30,2
STU_06614,3.1625,83.6,60,4
STU_06675,2.585,83.15,48,4
STU_06783,3.2,88.2,30,2
STU_07458,3.125,77.65,30,2
STU_07468,3.3,85.4,15,1
STU_07663,3.1300000000000003,83.89999999999999,45,3
STU_07963,2.9625,89.95,63,4
STU_08000,3.2733333333333334,83.23333333333333,45,3
STU_08040,2.5766666666666667,87.96666666666665,42,3
STU_08166,2.4749999999999996,85.41666666666667,72,6
STU_08314,2.47,95.6,18,1
STU_08350,3.068,81.8,66,5
STU_08393,2.5,90.4,12,1
STU_08436,2.366,87.74,57,5
STU_08568,3.0966666666666662,86.03333333333335,45,3
STU_07119,3.2575,78.32499999999999,45,4
STU_07348,2.663333333333333,85.66666666666667,54,3
STU_08689,2.605,82.9,33,2
STU_08708,2.783333333333333,87.53333333333335,45,3
STU_00164,2.8816666666666664,88.69999999999999,90,6
STU_00733,2.87,84.6,15,1
STU_01150,2.436666666666667,76.2,39,3
STU_01174,3.223333333333333,85.26666666666667,45,3
STU_01842,2.7433333333333336,85.15,96,6
STU_02112,1.8333333333333333,79.7,36,3
STU_02313,3.07,88.9,15,1
STU_02795,2.9233333333333333,87.56666666666666,45,3
STU_02812,2.8200000000000003,85.5,27,2
STU_02885,3.044,86.35999999999999,75,5
STU_03234,2.98,86.35,36,2
STU_03425,1.9,81.9,36,2
STU_03503,2.49,85.0,21,1
STU_03504,2.7866666666666666,80.8,42,3
STU_03792,2.89,92.7,15,1
STU_04168,2.591428571428571,82.62857142857145,105,7
STU_04242,3.08,80.2,15,1
STU_04310,3.04,87.6,18,1
STU_04331,3.13,84.2,15,1
STU_04361,2.385,87.1,30,2
STU_04488,2.55,91.4,18,1
STU_04644,1.625,85.27499999999999,75,4
STU_04856,2.6774999999999998,84.4875,111,8
STU_04901,2.5714285714285716,77.18571428571428,102,7
STU_04990,3.206666666666667,93.56666666666666,45,3
STU_05258,2.4133333333333336,84.89999999999999,54,3
STU_05293,1.5866666666666667,78.56666666666666,51,3
STU_05454,3.31,84.0,15,1
STU_05998,3.0366666666666666,80.93333333333332,45,3
STU_06102,2.4525,85.675,60,4
STU_06219,2.65,85.75,30,2
STU_06429,2.795714285714286,79.88571428571429,96,7
STU_06683,2.4875,78.875,42,4
STU_07331,2.56,90.64999999999999,108,6
STU_07562,2.5825,88.05000000000001,57,4
STU_07759,3.22,86.2,36,3
STU_08020,2.4699999999999998,80.83999999999999,75,5
STU_08023,2.723333333333333,86.56666666666666,60,3
STU_08358,2.67,81.65,36,2
STU_08563,2.655,82.65,69,6
STU_08591,2.578333333333333,86.01666666666667,114,6
STU_06927,2.268333333333333,80.1,93,6
STU_00019,2.7899999999999996,79.23333333333333,42,3
STU_00155,2.84125,83.3875,120,8
STU_00311,2.29,83.36666666666667,36,3
STU_00811,2.4299999999999997,77.65,69,4
STU_00884,2.5685714285714285,81.68571428571428,126,7
STU_00961,2.61,90.56666666666666,42,3
STU_00996,1.9574999999999998,79.5375,120,8
STU_01177,3.21,86.3,30,2
STU_01286,2.25,93.2,18,1
STU_01321,2.9675,89.325,60,4
STU_01422,2.01,82.9,36,2
STU_01466,2.7133333333333334,89.83333333333333,45,3
STU_01803,3.44,85.6,15,1
STU_01837,2.505,83.3,21,2
STU_02372,3.016666666666667,81.16666666666667,36,3
STU_02962,3.1966666666666668,81.23333333333333,42,3
STU_03078,2.5316666666666667,89.64999999999999,93,6
STU_03084,3.15,90.5,21,1
STU_03174,3.03,90.39999999999999,45,3
STU_03508,2.5214285714285714,88.58571428571427,105,7
STU_03521,3.06,82.85,30,2
STU_03650,2.912,87.63999999999999,72,5
STU_03660,2.31,82.7,93,5
STU_03704,2.49875,86.05,114,8
STU_04090,3.2849999999999997,84.375,48,4
STU_04122,2.31,83.89999999999999,69,4
STU_04276,3.08875,84.37499999999999,90,8
STU_04479,2.796666666666667,96.69999999999999,42,3
STU_04541,2.6,87.06666666666668,45,3
STU_05217,3.0300000000000002,92.55000000000001,30,2
STU_06527,2.41,88.4,12,1
STU_06615,2.32,88.39999999999999,54,3
STU_07049,2.8871428571428575,89.45714285714287,105,7
STU_07199,2.626666666666667,93.76666666666667,51,3
STU_07488,2.88,89.6,30,2
STU_07725,2.825,82.5,63,4
STU_08030,3.0366666666666666,91.56666666666666,93,6
STU_08275,2.77,87.2,15,1
STU_08534,2.335,84.25,30,2
STU_06248,2.57625,85.5875,120,8
STU_00036,2.3920000000000003,83.58,78,5
STU_00317,2.99125,90.25,117,8
STU_00536,2.2133333333333334,87.43333333333334,54,3
STU_00736,2.577142857142857,83.87142857142855,105,7
STU_00786,2.414,86.46000000000001,75,5
STU_01064,2.391666666666666,82.91666666666667,87,6
STU_01210,3.255,85.22500000000001,51,4
STU_01417,2.7399999999999998,86.89999999999999,63,4
STU_01429,2.88125,85.9125,96,8
STU_01893,2.2833333333333337,86.10000000000001,42,3
STU_02070,3.002,88.46,75,5
STU_02199,2.3116666666666665,79.49999999999999,96,6
STU_02374,3.24,83.2,30,2
STU_02824,3.3,89.9,15,1
STU_02837,2.4166666666666665,87.96666666666665,45,3
STU_03240,3.1180000000000003,83.97999999999999,60,5
STU_03260,1.7574999999999998,79.525,69,4
STU_03472,2.393333333333333,81.0,48,3
STU_03651,2.9762500000000003,84.475,120,8
STU_03883,1.8559999999999999,83.96000000000001,87,5
STU_04000,2.6233333333333335,74.21666666666665,93,6
STU_04171,2.15,85.4,12,1
STU_04224,2.7300000000000004,79.0875,114,8
STU_04250,2.78,81.4,18,1
STU_04460,2.675,85.6,33,2
STU_04912,2.7459999999999996,88.04,78,5
STU_05011,3.0999999999999996,87.25999999999999,66,5
STU_05094,1.4060000000000001,79.04,90,5
STU_05855,2.312,82.88,87,5
STU_05991,3.05,90.75,27,2
STU_06155,2.58,88.7,12,1
STU_06345,2.6925,91.1,123,8
STU_06415,1.9633333333333332,87.8,45,3
STU_06750,2.84,81.7,15,1
STU_06885,2.786,95.12,78,5
STU_07401,2.69,88.3,33,3
STU_07747,2.0833333333333335,90.5,48,3
STU_07852,2.72,88.1,15,1
STU_07908,3.6,94.8,12,1
STU_08035,3.155,82.5,27,2
STU_08311,1.6928571428571428,84.95714285714287,126,7
STU_08359,2.815,77.975,60,4
STU_08611,2.465,78.55,57,4
STU_08634,2.145,86.55000000000001,33,2
STU_08651,2.1075,91.75000000000001,57,4
STU_08749,3.42,88.65,30,2
STU_06238,1.8733333333333337,90.3,51,3
STU_00072,2.8000000000000003,84.0,42,3
STU_00229,2.8625,83.93749999999999,141,8
STU_00477,2.7199999999999998,82.8,39,4
STU_00584,2.09,90.1,15,1
STU_00639,1.8266666666666669,83.96666666666667,45,3
STU_00674,2.784,81.97999999999999,75,5
STU_00711,2.902857142857143,90.04285714285713,126,7
STU_00871,2.5540000000000007,76.68,78,5
STU_01134,2.275,87.02499999999999,135,8
STU_01272,2.6333333333333333,84.13333333333334,54,3
STU_01334,2.88,88.8,21,2
STU_01381,2.0949999999999998,82.225,72,4
STU_01865,2.8433333333333333,83.33333333333333,48,3
STU_01902,2.86,90.05000000000001,30,2
STU_02202,3.122,76.82000000000001,75,5
STU_02687,3.5033333333333334,86.16666666666667,42,3
STU_02798,2.35,79.0,18,1
STU_02809,2.6325000000000003,91.86249999999998,147,8
STU_02978,2.828,76.91999999999999,75,5
STU_03015,3.0933333333333333,82.73333333333333,54,3
STU_03172,2.8200000000000003,86.775,60,4
STU_03263,3.0,91.26666666666665,33,3
STU_03312,1.7233333333333334,87.5,45,3
STU_03324,2.776666666666667,80.6,54,3
STU_04227,2.7600000000000002,81.86000000000001,60,5
STU_04817,2.78,89.7,12,1
STU_04921,3.02,95.9,30,2
STU_05083,2.5439999999999996,87.24,72,5
STU_05214,2.96,84.5,12,1
STU_05425,2.7960000000000003,77.08,57,5
STU_05496,2.8324999999999996,84.7,57,4
STU_05713,2.195,91.05000000000001,30,2
STU_05763,3.016666666666667,88.39999999999999,54,3
STU_06169,2.165,93.8,30,2
STU_06308,2.023333333333333,84.33333333333334,45,3
STU_06321,3.0,93.7,15,1
STU_06498,2.373333333333333,87.2,54,3
STU_07319,2.57,85.36666666666667,42,3
STU_07559,3.22,88.3,15,1
STU_07805,2.61,85.10000000000001,36,3
STU_07957,2.77125,83.80000000000001,99,8
STU_08193,3.0700000000000003,86.95,24,2
STU_08452,2.736666666666667,91.73333333333335,69,6
STU_06814,3.1833333333333336,87.40000000000002,45,3
STU_00231,2.4166666666666665,82.30000000000001,36,3
STU_00284,2.896666666666667,92.5,48,3
STU_01223,3.01,96.2,18,1
STU_01230,1.51,84.14000000000001,87,5
STU_01318,2.3385714285714285,80.64285714285714,90,7
STU_01421,2.5433333333333334,90.96666666666665,36,3
STU_01675,3.13,87.4,15,1
STU_01749,2.155,80.36666666666666,72,6
STU_02109,2.43375,84.3375,123,8
STU_02487,2.313333333333333,89.56666666666666,48,3
STU_02725,2.834285714285714,86.51428571428572,105,7
STU_03044,2.38,85.78571428571429,105,7
STU_03255,2.9450000000000003,87.1,60,4
STU_03345,3.048571428571428,85.25714285714285,117,8
STU_03673,2.5125,91.80000000000001,54,4
STU_03744,2.55,78.85999999999999,72,5
STU_03773,2.7039999999999997,89.68,75,5
STU_03797,2.4299999999999997,83.875,60,4
STU_04077,2.93,86.9,12,1
STU_04206,2.868,84.17999999999999,54,5
STU_04423,2.8887500000000004,81.3875,123,8
STU_04610,2.5799999999999996,84.27142857142857,105,7
STU_04918,2.38,91.35,36,2
STU_04935,2.19,87.43333333333332,57,3
STU_05041,1.6725,75.9875,138,8
STU_05113,2.75,87.9,18,1
STU_05223,3.08,91.83333333333333,36,3
STU_05589,3.31,87.5,30,2
STU_05644,2.3966666666666665,81.71666666666665,90,6
STU_05670,2.71,100.0,12,1
STU_05731,2.66625,88.64999999999999,135,8
STU_06099,2.796666666666667,85.66666666666667,45,3
STU_06153,3.125,88.17500000000001,57,4
STU_06385,2.6957142857142857,79.42857142857143,96,7
STU_06461,2.7037499999999994,89.58749999999999,120,8
STU_06898,3.1037500000000007,87.2875,120,8
STU_06980,2.615,94.4,33,2
STU_07029,2.46,84.6,18,1
STU_07152,2.4483333333333333,86.16666666666667,84,6
STU_07365,2.48,80.55,24,2
STU_07623,2.36,88.4,15,1
STU_07739,1.9600000000000002,83.16666666666666,51,3
STU_07773,1.8249999999999997,79.80000000000001,69,4
STU_07940,2.16,83.6,18,1
STU_08028,2.61,89.5,15,1
STU_08273,2.65,89.7,18,1
STU_08411,2.6933333333333334,92.86666666666667,45,3
STU_05117,2.92,87.3,12,1
STU_05735,2.83,93.55,30,2
STU_06637,2.84375,84.13749999999999,126,8
STU_06812,3.178,79.0,69,5
STU_07438,2.2725,78.07499999999999,120,8
STU_00244,2.435,83.73333333333333,72,6
STU_00500,2.9066666666666667,79.83333333333333,45,3
STU_00572,2.57,87.8,15,1
STU_00946,2.05,86.82,87,5
STU_00999,2.7112499999999997,84.29999999999998,141,8
STU_01265,1.91,94.5,15,1
STU_01309,2.75,93.74285714285715,105,7
STU_01319,3.0542857142857147,82.22857142857143,87,7
STU_01639,2.4266666666666663,79.46666666666667,90,6
STU_01869,2.795,89.55,30,2
STU_01944,2.16,82.46666666666665,48,3
STU_02122,2.8899999999999997,83.22500000000001,99,8
STU_02151,2.705,83.89999999999999,57,4
STU_02881,2.42,88.6,15,1
STU_03365,3.18,82.0,12,1
STU_03416,3.0340000000000003,86.42,78,5
STU_03948,2.223333333333333,80.8,90,6
STU_04179,3.185714285714286,84.91428571428571,108,7
STU_04522,2.96125,86.8125,150,8
STU_04625,2.615,80.9,30,2
STU_04698,2.6714285714285717,79.72857142857143,84,7
STU_04723,2.38,87.9,12,1
STU_04976,2.5949999999999998,89.19999999999999,27,2
STU_05701,2.7024999999999997,88.1125,126,8
STU_05825,2.2475,84.89999999999999,63,4
STU_05857,2.6128571428571425,79.18571428571428,111,7
STU_05876,3.01875,81.97500000000001,120,8
STU_05891,2.646666666666667,80.56666666666666,36,3
STU_06509,2.8266666666666667,89.93333333333334,54,3
STU_06676,2.89,96.2,21,1
STU_06996,2.9966666666666666,82.63333333333334,48,3
STU_07017,3.9,88.8,9,1
STU_07502,3.35,85.83333333333333,45,3
STU_07520,2.6799999999999997,83.38,78,5
STU_07574,2.3,83.8,75,5
STU_07802,2.29,76.6,12,1
STU_07930,2.82,83.75,90,6
STU_08093,2.272,86.32000000000001,81,5
STU_08226,2.8866666666666667,80.89999999999999,45,3
STU_08287,2.865714285714286,77.77142857142857,105,7
STU_08369,2.53,87.6,12,1
STU_08572,3.014,88.98,78,5
STU_04408,2.84,90.8,12,1
STU_00150,2.9233333333333333,81.88333333333334,90,6
STU_00226,3.104,83.66,78,5
STU_00242,2.4,94.5,15,1
STU_00527,2.455,83.35000000000001,87,6
STU_00971,2.634,86.78,75,5
STU_01075,3.0775,84.65,66,4
STU_02020,2.55,91.2,15,1
STU_02171,2.6,79.94285714285715,111,7
STU_02180,3.1799999999999997,80.0,45,3
STU_02204,2.245,86.27499999999999,57,4
STU_02262,2.9499999999999997,80.98571428571428,99,7
STU_02520,2.4583333333333335,86.15000000000002,90,6
STU_02873,2.6675,75.925,48,4
STU_02882,2.781428571428571,82.84285714285714,99,7
STU_02958,2.82,92.9,30,2
STU_03364,3.37,90.2,12,1
STU_03467,2.6300000000000003,79.02000000000001,72,5
STU_03863,2.75,80.925,102,8
STU_03877,2.5066666666666664,87.39999999999999,39,3
STU_04034,2.31,82.7,21,1
STU_04473,2.365,91.6,60,4
STU_04510,2.64,85.2,60,5
STU_04546,2.8000000000000003,88.19999999999999,57,4
STU_04559,2.52,83.7,18,1
STU_05147,2.9985714285714287,86.82857142857142,108,7
STU_05226,2.1580000000000004,83.42,75,5
STU_05601,2.9375,82.5,117,8
STU_05611,3.51,92.46666666666668,45,3
STU_05862,2.56,87.3,15,1
STU_05994,2.32,80.75,57,4
STU_06286,3.38,85.6,15,1
STU_06465,2.19,90.2,18,1
STU_06531,2.9459999999999997,90.36000000000001,75,5
STU_06554,2.61375,85.0625,120,8
STU_06652,2.9466666666666668,76.53333333333335,45,3
STU_06748,3.3375,88.30000000000001,57,4
STU_06778,2.45,88.6,15,1
STU_06924,2.3416666666666663,83.8,84,6
STU_06944,2.3466666666666667,81.13333333333333,90,6
STU_07326,2.5216666666666665,84.85000000000001,87,6
STU_07358,2.5399999999999996,82.1375,117,8
STU_08203,2.426,84.5,54,5
STU_08261,2.9033333333333338,87.10000000000001,48,3
STU_00009,2.525,87.75,60,4
STU_00045,2.9850000000000003,95.0,33,2
STU_00666,2.40625,83.96249999999998,93,8
STU_00897,1.8820000000000001,85.08,90,5
STU_01303,2.4225000000000003,93.0,60,4
STU_01568,2.8975000000000004,82.575,114,8
STU_01969,2.9785714285714286,87.3,108,7
STU_02140,3.25,83.67500000000001,54,4
STU_02512,1.832,80.78,90,5
STU_02530,2.74,86.4,15,1
STU_02574,2.78,87.7,15,1
STU_02580,3.19,88.75,30,2
STU_02629,2.7560000000000002,79.2,75,5
STU_02828,2.8879999999999995,82.38,60,5
STU_03818,2.83,94.1,12,1
STU_04096,2.995,91.05,30,2
STU_04256,2.165,85.075,72,4
STU_04796,2.545,86.22500000000001,141,8
STU_04931,2.625,87.05000000000001,33,2
STU_04934,3.3733333333333335,87.43333333333332,48,3
STU_05134,2.318571428571428,82.75714285714285,105,7
STU_05317,1.9825000000000002,85.125,72,4
STU_05829,2.5925,90.85,60,4
STU_05910,2.556,85.08000000000001,60,5
STU_06011,2.6466666666666665,86.81666666666668,111,6
STU_06257,2.763333333333333,85.89999999999999,45,3
STU_06519,2.7433333333333336,86.16666666666667,45,3
STU_06573,2.29,74.9,24,2
STU_06764,2.1550000000000002,84.65,33,2
STU_07274,2.6799999999999997,87.75,33,2
STU_07359,2.908333333333333,81.96666666666667,108,6
STU_07794,3.23,81.19999999999999,60,4
STU_07912,1.8399999999999999,82.93333333333332,57,3
STU_08176,2.858333333333333,86.28333333333332,90,6
STU_08253,2.36,85.4,15,1
STU_08409,3.16,83.56666666666666,45,3
STU_08702,2.6633333333333336,84.19999999999999,96,6
STU_08849,3.14,85.4,15,1
STU_04404,3.332857142857143,83.42857142857143,102,7
STU_04569,2.51,82.75999999999999,72,5
STU_05719,2.47,93.9,12,1
STU_00121,2.255,92.1,36,2
STU_00148,2.85,81.97999999999999,75,5
STU_00389,2.5649999999999995,86.25,93,8
STU_00525,3.175,93.35,30,2
STU_00816,2.3874999999999997,83.4375,147,8
STU_00878,2.667142857142857,88.0,87,7
STU_00953,2.953333333333333,81.53333333333333,36,3
STU_01549,2.0700000000000003,91.35,30,2
STU_01595,2.551666666666667,85.19999999999999,93,6
STU_01722,2.63,78.69999999999999,30,2
STU_01832,3.1449999999999996,95.7,21,2
STU_02570,3.124,89.94,72,5
STU_02685,3.088571428571428,80.18571428571428,81,7
STU_02793,2.14,86.5,15,1
STU_02931,2.6033333333333335,91.23333333333335,48,3
STU_02995,2.5933333333333333,87.48333333333333,93,6
STU_03124,2.0425,88.025,48,4
STU_03236,2.8216666666666668,92.19999999999999,87,6
STU_03418,2.72625,82.4875,120,8
STU_03834,2.66,79.35,30,2
STU_04025,2.8274999999999997,82.80000000000001,114,8
STU_04088,2.5199999999999996,88.23333333333333,45,3
STU_04228,3.295,80.7,27,2
STU_04491,2.5766666666666667,94.39999999999999,45,3
STU_04636,2.883333333333333,83.3,90,6
STU_04658,2.606666666666667,89.26666666666667,45,3
STU_04680,3.18,89.2,33,2
STU_04846,2.64,84.825,54,4
STU_04936,2.36875,86.725,120,8
STU_05018,2.3725,88.82499999999999,72,4
STU_05319,2.995,82.825,60,4
STU_05471,2.185,80.525,48,4
STU_05656,3.14,91.0,15,1
STU_05675,3.14,86.9,18,1
STU_05774,2.49,82.825,72,4
STU_05848,3.1685714285714286,85.7,105,7
STU_06260,2.7662500000000003,82.1125,120,8
STU_07008,1.95,80.2,15,1
STU_07073,2.88,96.2,15,1
STU_07124,3.05125,85.12499999999999,96,8
STU_07202,2.9050000000000002,75.75,30,2
STU_07232,2.01,88.6,15,1
STU_07239,2.6287499999999997,85.72499999999998,123,8
STU_07432,2.74,79.5,12,1
STU_07473,1.865,85.67500000000001,78,4
STU_07530,2.1725,85.4,45,4
STU_07782,2.51,91.0,15,1
STU_08009,3.1966666666666668,84.43333333333334,36,3
STU_06656,2.3939999999999997,76.47999999999999,72,5
STU_07372,2.895,81.5625,123,8
STU_08719,2.5933333333333333,83.13333333333334,72,6
STU_00322,2.425,84.15,51,4
STU_00404,3.24,88.69999999999999,30,2
STU_00450,2.5725,87.225,60,4
STU_00690,2.455,88.75,30,2
STU_00988,3.435,81.65,24,2
STU_01208,2.035,87.0,30,2
STU_01540,2.09,86.69999999999999,54,3
STU_02015,3.0833333333333335,86.13333333333333,111,6
STU_02341,2.548,82.42,63,5
STU_02572,2.4675,85.80000000000001,120,8
STU_02943,3.0,95.0,15,1
STU_03420,2.222,85.22,78,5
STU_03691,2.62,83.1,15,1
STU_03713,2.6849999999999996,85.55,36,2
STU_03812,2.3442857142857143,79.67142857142856,108,7
STU_04108,2.9,87.0,18,1
STU_04447,2.7942857142857145,92.55714285714285,105,7
STU_04629,2.65,82.58000000000001,78,5
STU_04730,3.2399999999999998,83.90000000000002,72,6
STU_05074,2.8183333333333334,88.55,102,6
STU_05235,2.07,81.0875,105,8
STU_05379,2.688333333333333,80.68333333333335,90,6
STU_05632,3.08,89.39999999999999,45,3
STU_05733,2.708,82.1,78,5
STU_05768,2.58875,81.69999999999999,150,8
STU_05770,2.814,93.35999999999999,60,5
STU_05968,2.14,81.5,18,1
STU_06006,3.4775,88.85,60,4
STU_06212,3.0533333333333332,91.16666666666667,36,3
STU_06263,2.45,80.89999999999999,75,5
STU_06337,2.867142857142858,87.41428571428573,123,7
STU_06530,3.11,87.68571428571428,105,7
STU_06613,2.9299999999999997,84.25999999999999,60,5
STU_06722,2.36,85.13333333333333,48,3
STU_06780,3.2433333333333336,87.36666666666667,45,3
STU_07351,2.758571428571429,90.64285714285714,129,7
STU_07384,1.778,80.86,78,5
STU_07704,2.645,81.9,66,4
STU_07855,2.495,82.69999999999999,24,2
STU_08016,2.703333333333333,88.25,93,6
STU_08825,3.0275,80.075,60,4
STU_08834,2.06,85.05000000000001,33,2
STU_05718,2.236666666666667,84.36666666666667,57,3
STU_05957,2.7125000000000004,88.3875,147,8
STU_07817,2.095,86.61666666666667,90,6
STU_08448,2.6799999999999997,92.5,36,2
STU_00002,2.37,83.1,24,2
STU_00432,2.473333333333333,89.86666666666667,54,3
STU_01563,2.7562500000000005,77.5875,120,8
STU_01858,2.6500000000000004,83.4,30,2
STU_01947,2.9619999999999997,83.98,72,5
STU_02187,2.3957142857142855,81.78571428571429,108,7
STU_02414,2.8259999999999996,86.16,72,5
STU_02654,2.315,84.5,30,2
STU_03170,3.136,85.7,75,5
STU_03198,2.823333333333333,89.08333333333333,90,6
STU_03385,2.7275,86.05,57,4
STU_03595,2.8725,80.76249999999999,120,8
STU_03710,2.6814285714285715,84.22857142857143,108,7
STU_03761,3.33,91.6,15,1
STU_04017,2.8966666666666665,89.86666666666666,54,3
STU_04060,2.75375,90.4,120,8
STU_04218,2.31,94.3,12,1
STU_04468,2.46,84.1,27,2
STU_04653,2.1,87.3,54,3
STU_04733,3.37,81.47999999999999,78,5
STU_04981,3.1,91.6,15,1
STU_05130,2.272,82.4,81,5
STU_05182,3.2799999999999994,91.69999999999999,72,4
STU_05367,2.95,88.05000000000001,24,2
STU_05809,2.4014285714285717,82.05714285714285,126,7
STU_06400,2.87,86.2,15,1
STU_06405,2.8733333333333335,91.83333333333333,48,3
STU_06582,2.65,79.1375,93,8
STU_06586,2.81,85.7,15,1
STU_06698,2.5500000000000003,79.84285714285714,126,7
STU_06703,3.0075,87.94999999999999,60,4
STU_06934,2.76,88.3,48,3
STU_07571,2.6649999999999996,80.8,90,6
STU_07804,2.9437499999999996,85.23750000000001,111,8
STU_07898,3.241428571428571,81.95714285714284,81,7
STU_08024,2.0949999999999998,86.55000000000001,51,4
STU_08062,2.1933333333333334,83.33333333333333,87,6
STU_08066,3.395,84.3,24,2
STU_05177,2.7220000000000004,88.34,60,5
STU_07327,2.705,93.3,21,2
STU_00020,2.47,83.625,60,4
STU_00154,3.0799999999999996,87.48571428571428,78,8
STU_00351,2.5,84.5,42,3
STU_00428,2.9516666666666667,88.08333333333333,84,6
STU_00676,2.973333333333333,85.96666666666665,45,3
STU_00717,3.12,86.625,48,4
STU_00991,3.545,93.6,24,2
STU_01434,2.86,89.60000000000001,45,3
STU_01494,2.68,94.2,12,1
STU_01664,2.67,89.9,18,1
STU_01841,1.7850000000000001,87.0,30,2
STU_02042,2.886,82.28,72,5
STU_02125,3.1449999999999996,86.64999999999999,93,6
STU_02272,2.3750000000000004,76.45,96,8
STU_02947,2.675,88.55000000000001,33,2
STU_03009,2.1599999999999997,78.62,78,5
STU_03395,2.7900000000000005,87.16666666666667,54,3
STU_03487,3.28,88.8,18,1
STU_03779,3.475,87.00000000000001,42,4
STU_03830,2.1025,82.55,117,8
STU_04097,1.6675,81.82499999999999,72,4
STU_04204,2.966666666666667,76.89999999999999,39,3
STU_04372,2.3666666666666667,85.93333333333332,45,3
STU_04490,2.31,85.82000000000001,90,5
STU_04498,2.71,81.48571428571428,102,7
STU_04543,3.143333333333333,81.33333333333333,48,3
STU_04843,2.7133333333333334,77.1,33,3
STU_04866,2.6324999999999994,83.25,60,4
STU_05212,2.8575,88.9,57,4
STU_05233,2.11125,85.65,141,8
STU_05538,3.0175,82.14999999999999,72,4
STU_05552,3.01,91.8,12,1
STU_05671,2.4499999999999997,93.23333333333335,33,3
STU_05799,2.39,84.26666666666667,45,3
STU_05892,2.828333333333333,84.86666666666666,93,6
STU_06111,2.7787500000000005,83.71249999999999,123,8
STU_06115,2.09,83.69999999999999,24,2
STU_06718,2.78,90.1,15,1
STU_06872,3.14,93.6,15,1
STU_07396,2.7171428571428575,86.31428571428572,105,7
STU_07463,3.88,92.6,15,1
STU_08070,2.61,89.0,15,1
STU_08184,2.1,78.0,18,1
STU_08788,2.723333333333333,85.0,36,3
STU_04425,2.6439999999999997,79.25999999999999,75,5
STU_05527,2.8899999999999997,89.25,30,2
STU_06226,2.87625,83.64999999999999,99,8
STU_07813,2.276666666666667,81.7,90,6
STU_00057,3.49,91.55000000000001,33,2
STU_01060,2.58,85.9,18,1
STU_01144,3.5,82.5,30,2
STU_01151,2.9,83.7,18,1
STU_01709,3.01,85.4,15,1
STU_01736,2.8819999999999997,81.23999999999998,75,5
STU_01789,3.32,90.4,12,1
STU_02131,2.64,86.33333333333333,45,3
STU_02297,3.69,92.5,21,1
STU_02334,2.79,83.5,12,1
STU_02371,2.176666666666667,84.9,51,3
STU_02456,2.97,83.60000000000001,45,3
STU_02602,2.36,91.4,18,1
STU_02755,3.056,76.9,72,5
STU_03039,3.375,94.1,36,2
STU_03322,2.6185714285714283,86.8142857142857,105,7
STU_03373,2.3575000000000004,89.525,66,4
STU_03426,2.33,82.0,36,2
STU_03683,3.024,86.82000000000001,72,5
STU_03693,2.9233333333333333,85.5,45,3
STU_04007,2.5449999999999995,79.4,96,6
STU_05300,2.005,80.2,21,2
STU_05392,2.4699999999999998,85.2,36,2
STU_05399,2.70125,85.6125,123,8
STU_05484,2.995,83.85,27,2
STU_05564,3.78,100.0,18,1
STU_06039,2.7300000000000004,77.05000000000001,93,6
STU_06052,3.3366666666666664,87.93333333333332,51,3
STU_06343,2.6783333333333332,84.41666666666666,90,6
STU_06470,2.453333333333333,88.86666666666666,36,3
STU_06534,3.035,87.65,30,2
STU_06976,2.5575,82.85000000000001,120,8
STU_07621,2.8899999999999997,89.85,30,2
STU_07766,2.2125,80.225,63,4
STU_08238,3.214,88.46000000000001,75,5
STU_08516,2.983333333333333,87.96666666666665,54,3
STU_08620,3.1725000000000003,79.825,117,8
STU_08686,3.096666666666667,80.68333333333334,87,6
STU_08717,3.69,89.8,15,1
STU_04429,2.88,83.8,12,1
STU_06294,2.7199999999999998,77.91428571428573,105,7
STU_06649,2.11,87.75,24,2
STU_00434,2.876,79.02000000000001,75,5
STU_00504,3.0650000000000004,90.6,30,2
STU_00909,2.915714285714286,89.10000000000001,102,7
STU_00982,2.9666666666666663,81.88333333333334,108,6
STU_01397,2.7100000000000004,85.1,45,3
STU_01945,2.1100000000000003,90.45,24,2
STU_02314,3.0866666666666664,86.93333333333334,45,3
STU_02355,2.8519999999999994,84.75999999999999,72,5
STU_02709,2.98,84.0,15,1
STU_03307,2.8375,87.85,120,8
STU_03446,2.258,86.5,90,5
STU_03677,2.65,83.45,57,4
STU_03702,3.15,91.2,15,1
STU_03703,3.44,87.16666666666667,48,3
STU_03717,3.75,84.5,12,1
STU_03820,3.535,93.55,30,2
STU_04045,3.535,90.19999999999999,30,2
STU_04059,3.06,95.1,12,1
STU_04081,3.27,86.2,60,4
STU_04699,3.375,87.29999999999998,69,4
STU_05099,3.3,90.5,15,1
STU_05381,3.16,83.48333333333335,69,6
STU_05406,2.18,90.4,18,1
STU_05756,2.7874999999999996,85.2625,120,8
STU_06056,2.6799999999999997,88.0,27,2
STU_06408,2.716666666666667,81.83333333333333,48,3
STU_06501,3.295,87.5,36,2
STU_06541,2.915,84.1,30,2
STU_06723,2.6787499999999995,89.9875,114,8
STU_06918,3.293333333333333,83.08333333333333,108,6
STU_07189,3.05,87.7,12,1
STU_07486,2.325,86.7,33,2
STU_07525,2.88,87.3,12,1
STU_07564,2.026666666666667,90.90000000000002,54,3
STU_07978,2.495,89.45,36,2
STU_08120,2.85,85.35,36,2
STU_08345,2.8200000000000003,88.9,57,5
STU_08513,2.755,90.37499999999999,96,8
STU_08815,2.31,82.06666666666668,54,3
STU_08842,2.6525,82.7375,120,8
STU_00058,2.5414285714285714,75.5,108,7
STU_00163,2.72,88.1,18,1
STU_00366,2.79,85.8,30,2
STU_00718,2.5250000000000004,89.65,36,2
STU_00779,3.61,95.0,15,1
STU_00837,2.9437500000000005,87.36250000000001,129,8
STU_00840,2.8,81.775,51,4
STU_00977,2.3766666666666665,82.0,93,6
STU_01026,3.1100000000000003,92.44999999999999,30,2
STU_01256,2.5033333333333334,85.60000000000001,54,3
STU_01721,2.485,83.6,102,8
STU_01758,3.3800000000000003,88.06666666666668,90,6
STU_01875,2.5620000000000003,84.53999999999999,75,5
STU_01977,2.71,83.47999999999999,75,5
STU_02348,3.0599999999999996,93.85,30,2
STU_02468,2.645,83.51666666666667,84,6
STU_02586,3.06,88.6,18,1
STU_02664,2.31,86.5,21,1
STU_02777,2.8266666666666667,78.6,42,3
STU_02940,2.9724999999999997,85.94999999999999,63,4
STU_03108,1.975,85.65,30,2
STU_03139,2.575,85.725,63,4
STU_03253,2.78,80.0,15,1
STU_03502,3.575,91.3,27,2
STU_03580,2.315,86.3,30,2
STU_03611,2.6550000000000002,93.55000000000001,27,2
STU_03904,3.55,84.6,30,2
STU_03932,2.34,86.9875,105,8
STU_04345,2.8575,88.92500000000001,45,4
STU_04434,3.44,88.4,24,2
STU_04627,2.798571428571428,81.75714285714287,84,7
STU_04823,2.6900000000000004,88.78,90,5
STU_05032,2.66,86.55000000000001,60,4
STU_05135,2.952,89.08,75,6
STU_05266,3.17,92.27499999999999,72,4
STU_05394,2.595,85.05,90,6
STU_05479,2.81,81.46666666666667,54,3
STU_05630,3.275,92.05000000000001,33,2
STU_05634,2.2699999999999996,86.05,36,2
STU_05914,3.1399999999999997,81.67142857142856,90,7
STU_06207,1.89,92.8,12,1
STU_06326,2.9762500000000003,87.8625,144,8
STU_06593,2.155,80.775,63,4
STU_06745,2.795,81.65,39,2
STU_06952,2.07,81.9,15,1
STU_07166,2.8112500000000002,84.50000000000001,93,8
STU_07204,2.353333333333333,80.68333333333334,90,6
STU_07316,1.99,79.9,36,2
STU_07582,2.8,87.0,30,2
STU_07681,2.42,79.93333333333332,45,3
STU_07732,3.214,81.52000000000001,93,5
STU_08493,2.628,88.12,78,5
STU_08599,2.73,91.8,15,1
STU_08700,2.7249999999999996,82.85,21,2
STU_08847,2.61875,83.93749999999999,123,8
STU_05605,2.948333333333333,84.65,72,6
STU_07618,2.715,84.05,87,6
STU_00177,2.8175,82.475,60,4
STU_00355,3.1357142857142852,85.0,84,7
STU_00580,1.906666666666667,86.0,42,3
STU_00605,2.8259999999999996,85.1,75,5
STU_01045,3.34,92.6,12,1
STU_01214,2.35,83.875,60,4
STU_01408,2.315,85.17499999999998,72,4
STU_01695,2.085,83.125,48,4
STU_01729,2.53125,80.375,120,8
STU_01748,2.955714285714286,87.74285714285715,87,7
STU_01914,2.91,82.02,72,5
STU_02108,2.668,77.58,57,5
STU_02239,3.01,89.2,15,1
STU_02713,2.6999999999999997,79.39999999999999,90,6
STU_02741,3.4333333333333336,85.89999999999999,54,3
STU_03267,2.0875,80.525,75,4
STU_04109,2.2333333333333334,82.76666666666667,39,3
STU_04155,1.9000000000000001,86.5,36,2
STU_04959,2.795,84.425,45,4
STU_05705,2.6633333333333336,81.36666666666666,84,7
STU_05956,2.6125000000000003,81.10000000000001,57,4
STU_06365,2.5625000000000004,83.0875,96,8
STU_06543,2.145,88.75,60,4
STU_06808,2.784,85.35999999999999,75,5
STU_07111,2.71,82.68571428571428,123,7
STU_07357,2.836,84.5,78,5
STU_07440,2.15,89.3,30,2
STU_07642,3.41,80.4,12,1
STU_07662,3.3,77.7,15,1
STU_07877,3.0399999999999996,80.03333333333333,45,3
STU_08172,2.8649999999999998,81.85,60,4
STU_04427,2.43,88.025,66,4
STU_05579,2.6,84.9,15,1
STU_06399,2.8575,88.475,72,4
STU_06642,2.8528571428571423,85.71428571428574,87,7
STU_07826,2.79,84.5,18,1
STU_00410,2.8579999999999997,79.74,75,5
STU_00625,2.4557142857142855,87.9142857142857,84,7
STU_01025,2.3600000000000003,89.69999999999999,24,2
STU_01459,1.74,92.6,15,1
STU_01539,2.367142857142857,84.07142857142857,84,7
STU_01833,3.2475,88.675,60,4
STU_01844,2.51,87.4,12,1
STU_02092,3.28,90.33333333333333,45,3
STU_02450,2.2433333333333336,85.8,45,3
STU_02467,3.24,87.7,15,1
STU_02584,2.8033333333333332,85.98333333333333,93,6
STU_02835,2.52,86.93333333333334,60,3
STU_02911,2.7,89.46000000000001,60,5
STU_03025,2.38,92.5,18,1
STU_03045,2.6,94.23333333333333,45,3
STU_03114,2.93,81.6,15,2
STU_03596,2.8674999999999997,85.925,60,4
STU_03615,2.85,85.55,33,2
STU_03620,2.5275,82.875,117,8
STU_03712,3.11,82.0,15,1
STU_04289,2.692,86.05999999999999,96,5
STU_04374,2.5733333333333337,96.66666666666667,36,3
STU_04780,1.87,78.875,60,4
STU_04827,2.4966666666666666,87.89999999999999,42,3
STU_04830,2.17,94.4,15,1
STU_05213,3.0133333333333336,92.53333333333335,57,3
STU_05324,3.39,86.23333333333333,48,3
STU_05417,2.94,89.5,15,1
STU_05466,2.59,87.8,21,1
STU_05497,1.65,83.8,15,1
STU_05562,2.8233333333333337,86.71666666666665,69,6
STU_05798,2.5233333333333334,83.58333333333333,93,6
STU_06163,2.4042857142857144,78.3,105,7
STU_06271,2.8025,92.55,72,4
STU_06368,2.82,90.2,15,1
STU_06376,2.6999999999999997,83.36666666666666,54,3
STU_06749,1.74,84.56666666666666,54,3
STU_06878,2.6725,84.15,48,4
STU_07171,2.6149999999999998,84.75,60,4
STU_07172,2.705,83.425,102,8
STU_07290,2.7600000000000002,90.9,90,5
STU_08371,2.953333333333333,86.73333333333333,45,3
STU_08621,2.4974999999999996,83.3625,90,8
STU_08761,2.635,77.0125,96,8
STU_08777,2.5549999999999997,86.65,24,2
STU_08800,3.42,93.3,18,1
STU_06639,3.67,90.35,30,2
STU_06663,2.46875,82.975,141,8
STU_00092,2.7716666666666665,81.01666666666667,90,6
STU_00247,2.765,88.3,66,6
STU_00261,2.265,93.05000000000001,39,2
STU_01029,2.41,93.9,27,2
STU_01392,2.6,86.5,18,1
STU_01575,2.94,79.2,39,3
STU_01925,2.6950000000000003,90.5,30,2
STU_02224,2.77,86.2,15,1
STU_02511,3.12,86.3,15,1
STU_02673,2.1,83.4,27,2
STU_03090,2.7624999999999997,86.2125,117,8
STU_03098,2.45,78.0,15,1
STU_03256,2.723333333333333,84.3,36,3
STU_03696,2.76375,80.5625,123,8
STU_03914,3.3966666666666665,82.53333333333335,42,3
STU_04080,2.62875,78.7625,144,8
STU_04512,2.438333333333333,88.43333333333334,90,6
STU_04634,2.5175,78.725,63,4
STU_05370,3.376666666666667,88.13333333333333,33,3
STU_05830,2.9050000000000002,80.94999999999999,69,4
STU_06348,2.28,94.2,12,1
STU_06370,3.048,88.06,84,5
STU_06584,2.876666666666667,86.83333333333333,111,6
STU_06743,1.96,91.5,36,2
STU_06787,2.295,90.0,30,2
STU_06864,2.64,93.1,15,1
STU_07246,2.64,87.1,18,1
STU_07414,2.4349999999999996,87.3,30,2
STU_07944,3.1075,89.29999999999998,48,4
STU_07954,3.0725,94.35,57,4
STU_08218,1.3575,81.65,72,4
STU_08590,2.31,77.9,15,1
STU_04357,2.8,91.5,15,1
STU_05736,2.78125,80.41250000000001,93,8
STU_06822,3.4,95.7,12,1
STU_07349,2.5933333333333333,86.13333333333333,48,3
STU_00509,2.65625,81.2375,117,8
STU_00511,1.5933333333333335,80.93333333333334,36,3
STU_00521,2.63,94.36666666666667,75,6
STU_00768,2.88,90.4,12,1
STU_00905,2.4257142857142853,84.67142857142856,132,7
STU_01122,2.245,90.8,30,2
STU_01373,3.206666666666667,86.83333333333333,36,3
STU_01431,2.698333333333333,81.53333333333333,72,6
STU_01538,2.55,84.41250000000001,147,8
STU_01627,2.065,83.0,30,2
STU_01973,2.0033333333333334,87.86666666666667,45,3
STU_02005,2.52875,76.80000000000001,90,8
STU_02284,2.7933333333333334,79.86666666666667,87,6
STU_02417,2.73,94.6,15,1
STU_02421,1.3125,83.9,72,4
STU_02569,3.46,88.6,18,1
STU_02600,2.495,85.55,30,2
STU_03344,2.25,83.2,36,2
STU_03354,2.143333333333333,81.99999999999999,45,3
STU_03736,2.858,87.17999999999999,54,5
STU_03791,2.635,85.93333333333334,105,6
STU_03796,2.67125,80.11250000000001,120,8
STU_04222,3.62,85.0,12,1
STU_05303,3.08125,88.12499999999999,96,8
STU_05516,2.8249999999999997,83.3,87,6
STU_05593,2.56625,80.0375,96,8
STU_05655,2.83,84.9,12,1
STU_06561,2.723333333333333,79.28333333333333,93,6
STU_06660,3.22,82.7,18,1
STU_06740,3.31,89.0,57,4
STU_06935,2.9219999999999997,84.30000000000001,54,5
STU_06956,3.224,84.78,72,5
STU_06982,3.1033333333333335,85.33333333333333,90,6
STU_07011,2.8085714285714287,87.21428571428571,129,7
STU_07193,2.3,86.6375,141,8
STU_07395,2.645,78.925,45,5
STU_07445,2.4600000000000004,84.36666666666666,54,3
STU_08015,2.9099999999999997,85.0625,120,8
STU_08289,3.18,85.5,12,1
STU_08400,2.8875,89.975,96,8
STU_08470,2.685,82.475,69,4
STU_07935,3.0225000000000004,87.7,147,8
STU_00081,2.8024999999999998,84.30000000000001,90,8
STU_00286,2.9724999999999997,83.63749999999999,123,8
STU_00296,2.5,77.25999999999999,75,5
STU_00328,2.64,81.33333333333333,33,3
STU_00440,3.1025,78.17500000000001,60,4
STU_00592,2.7066666666666666,88.5,48,3
STU_00670,2.9379999999999997,86.76,72,5
STU_00749,2.6842857142857146,88.8142857142857,105,7
STU_00854,3.4333333333333336,87.85000000000001,75,6
STU_00886,2.6399999999999997,91.55000000000001,30,2
STU_00899,2.825,84.75,36,2
STU_00922,2.77625,85.4625,120,8
STU_01215,2.7999999999999994,93.13333333333333,48,3
STU_01546,2.937142857142857,84.5142857142857,105,7
STU_01588,2.29,89.4,18,1
STU_01809,2.5250000000000004,84.725,45,4
STU_01981,3.45,91.2,12,1
STU_02025,3.0549999999999997,82.01250000000002,120,8
STU_02064,2.94,88.8,18,1
STU_02088,2.574,78.8,78,5
STU_02354,2.3120000000000003,81.04,90,5
STU_03531,2.5,82.85,30,2
STU_03558,2.164285714285714,84.08571428571429,105,7
STU_03880,2.718571428571429,85.1857142857143,102,7
STU_03967,2.48,84.8,57,3
STU_03972,2.95625,83.7625,96,8
STU_04272,2.645,83.0,60,4
STU_04277,2.738,85.32,60,5
STU_04582,2.71,91.5,15,1
STU_04956,2.8700000000000006,84.2,45,3
STU_04988,2.3233333333333337,86.06666666666666,51,3
STU_05197,3.18,88.1,12,1
STU_05369,2.75,81.8,18,1
STU_05443,2.257142857142857,82.65714285714286,105,7
STU_05650,2.8285714285714283,81.61428571428571,81,7
STU_05993,2.52125,83.3875,114,8
STU_06354,2.17,91.1,18,1
STU_06940,2.995714285714286,91.77142857142859,87,7
STU_06987,2.24,88.1,15,1
STU_07036,3.05,88.8,15,1
STU_08239,2.715,87.55,24,2
STU_08252,2.53,83.65,27,2
STU_08328,2.52,87.1,15,1
STU_08339,2.4450000000000003,86.05,36,2
STU_08432,2.225,87.77499999999999,117,8
STU_08798,2.065,94.85,30,2
STU_08831,3.0300000000000002,90.7,66,5
STU_05142,1.9633333333333332,90.63333333333333,45,3
STU_08506,2.98,96.1,15,1
STU_00159,2.932,82.84,75,5
STU_01361,2.538,83.34,72,5
STU_01482,2.935,87.65,123,8
STU_01497,3.06,94.2,15,1
STU_01725,2.5300000000000002,86.0625,120,8
STU_02008,2.52,88.93333333333334,45,3
STU_02014,3.2020000000000004,84.6,75,5
STU_02106,2.9050000000000002,95.45,30,2
STU_02201,3.22,94.0,12,1
STU_02223,2.58,93.7,18,1
STU_02831,2.27,91.6,30,2
STU_02856,2.7399999999999998,83.9,60,4
STU_03134,2.00375,84.18749999999999,141,8
STU_03348,2.783333333333333,91.06666666666666,45,3
STU_03482,2.75125,88.875,138,8
STU_03483,3.228333333333333,90.16666666666667,72,6
STU_03733,2.37,84.63333333333334,36,3
STU_03982,2.5725,85.30000000000001,48,4
STU_04302,3.465,91.4,24,2
STU_04465,2.0428571428571427,85.55714285714285,111,7
STU_05287,3.49,96.8,15,1
STU_05465,2.9585714285714286,86.41428571428571,102,7
STU_06225,2.555,90.23333333333333,84,6
STU_06393,2.63,91.725,60,4
STU_06510,2.79,92.2,15,1
STU_06880,2.64625,84.8125,141,8
STU_06964,2.7225,92.425,48,4
STU_07744,2.2866666666666666,88.78333333333335,87,6
STU_07885,2.22,83.5,15,1
STU_08079,2.9442857142857135,86.11428571428571,87,7
STU_08408,2.2616666666666667,77.51666666666667,84,6
STU_08457,2.988749999999999,85.0375,126,8
STU_06910,3.41,97.0,45,3
STU_08425,1.8333333333333333,83.39999999999999,57,3
STU_00358,2.0642857142857145,88.65714285714286,123,7
STU_00806,2.2433333333333336,77.63333333333333,54,3
STU_00855,3.52,94.6,12,1
STU_00944,2.93,86.36,57,5
STU_00998,2.25,92.5,42,3
STU_01098,3.2,86.4,15,1
STU_01331,2.62,82.63333333333333,36,3
STU_01411,2.6700000000000004,84.3,99,7
STU_01495,2.43,86.7,15,1
STU_01632,2.4633333333333334,82.31666666666666,87,6
STU_01641,3.005,86.875,57,4
STU_02447,3.41,84.44999999999999,27,2
STU_02612,2.6,79.4375,114,8
STU_02763,2.92,83.375,57,4
STU_02980,2.6159999999999997,84.38,75,5
STU_03461,3.07,88.1,18,1
STU_03641,2.785,82.36666666666667,93,6
STU_03783,3.0,88.35,27,2
STU_03878,2.61,85.46666666666665,48,3
STU_03939,2.1783333333333332,78.21666666666665,69,6
STU_04073,2.73,90.0,15,1
STU_04924,2.875,81.77499999999999,45,4
STU_05090,2.8980000000000006,82.76,75,5
STU_05335,3.09,85.7,12,1
STU_05452,2.66,85.75,48,4
STU_05590,3.0671428571428576,86.39999999999999,84,7
STU_05986,2.53,88.9,12,1
STU_06688,2.935,92.85,24,2
STU_06717,2.744,81.28,78,5
STU_07223,2.9512499999999995,89.375,102,8
STU_07461,2.4133333333333336,80.8,87,6
STU_07994,1.98,91.65,30,2
STU_08646,3.02,83.5,75,5
STU_08771,3.615,93.6,24,2
STU_07648,3.02,89.9,15,1
STU_00157,2.5549999999999997,85.15,30,2
STU_00353,1.8966666666666665,88.36666666666667,51,3
STU_00460,3.0033333333333334,83.60000000000001,45,3
STU_00602,2.4914285714285715,77.38571428571429,111,8
STU_00629,3.0666666666666664,83.11666666666667,105,6
STU_00826,2.3775000000000004,75.875,123,8
STU_00850,3.37,93.1,33,2
STU_00903,1.8,91.9,15,1
STU_01036,1.9760000000000002,88.20000000000002,75,5
STU_01101,2.755,94.44999999999999,30,2
STU_01139,2.8033333333333332,88.63333333333334,36,3
STU_01643,2.516666666666667,87.90000000000002,39,3
STU_01696,2.2,82.3,12,1
STU_01801,2.4225000000000003,88.6,60,4
STU_01880,2.457142857142857,84.71428571428571,108,7
STU_02256,2.4099999999999997,78.5,51,3
STU_02411,2.895,90.1,36,2
STU_02449,2.8850000000000002,82.33333333333333,72,6
STU_03017,3.1425,90.9,75,4
STU_03049,2.7812500000000004,87.3875,93,8
STU_03069,3.35,89.4,15,1
STU_03109,2.07,82.52,90,5
STU_03357,2.5883333333333334,96.91666666666664,72,6
STU_03501,2.8560000000000003,79.5,75,5
STU_03538,2.83,77.13333333333333,87,6
STU_04066,2.996,85.42,72,5
STU_05061,2.404,78.64,69,5
STU_05243,2.57,74.24,90,5
STU_05250,2.21,85.9,18,1
STU_05265,1.8333333333333333,80.51666666666667,108,6
STU_05269,2.8066666666666666,90.93333333333334,54,3
STU_05361,3.495,85.30000000000001,30,2
STU_05439,2.6100000000000003,79.8,33,2
STU_05674,2.568,79.34,75,5
STU_06064,2.8666666666666667,82.46666666666665,48,3
STU_06350,3.2600000000000002,89.53333333333335,36,3
STU_06355,2.565,84.8,24,2
STU_06485,2.72,79.3,60,4
STU_06700,3.01,87.2,18,1
STU_07659,3.2399999999999998,87.36666666666667,42,3
STU_08748,2.83,86.0,87,6
STU_08858,2.9520000000000004,89.17999999999999,69,5
STU_08860,2.6325000000000003,81.625,66,4
STU_04577,2.86,78.2,45,3
STU_04594,2.6833333333333336,83.48333333333333,90,6
STU_05977,1.655,84.375,150,8
STU_00599,2.2575,87.1,60,4
STU_00709,3.136,86.46000000000001,72,5
STU_01073,2.813333333333334,88.96666666666665,57,3
STU_01295,2.46,81.8,18,1
STU_01774,2.9959999999999996,88.6,66,5
STU_01846,3.5300000000000002,87.6,30,2
STU_02007,3.4450000000000003,91.22500000000001,51,4
STU_02017,2.7257142857142855,85.34285714285714,111,7
STU_02041,2.6420000000000003,82.0,75,5
STU_02189,2.6719999999999997,89.23999999999998,72,5
STU_02661,2.69,85.3,45,3
STU_02800,2.612,91.78,60,5
STU_02843,1.6350000000000002,87.1,147,8
STU_03270,2.6,93.0,12,1
STU_04392,2.0566666666666666,82.10000000000001,45,3
STU_04774,3.0328571428571434,85.17142857142856,81,7
STU_04782,3.0066666666666664,88.56666666666666,51,3
STU_04886,2.645,83.65,69,4
STU_04930,2.8466666666666662,93.06666666666668,45,3
STU_05239,3.065,90.48333333333333,87,6
STU_05244,3.16,96.7,15,1
STU_05358,2.5774999999999997,86.1,60,4
STU_05900,3.45,89.4,15,1
STU_05918,2.2387500000000005,84.42500000000001,117,8
STU_06091,3.0974999999999997,87.125,57,4
STU_06401,2.52,91.25,36,2
STU_06433,2.864,89.10000000000001,72,5
STU_06579,2.8200000000000003,78.325,114,8
STU_06691,3.43,88.4,15,1
STU_06736,2.83,81.72,72,5
STU_07790,3.13,90.6,15,1
STU_07796,2.57,96.0,15,1
STU_07846,3.045,87.1,27,2
STU_08111,3.03,86.26666666666667,45,3
STU_08233,2.78,85.15,123,8
STU_08316,2.8225,84.025,102,8
STU_08625,2.122,82.28,72,5
STU_08745,3.5549999999999997,88.95,24,2
STU_07409,3.255,89.1,30,2
STU_00349,2.5,82.9,42,3
STU_00601,2.7728571428571427,76.67142857142856,105,7
STU_00923,2.745,90.05000000000001,24,2
STU_01086,2.858571428571428,81.71428571428571,108,7
STU_01233,3.14,90.36666666666667,36,3
STU_01352,2.41,88.0,33,2
STU_01727,2.784,89.2,78,5
STU_01755,3.3449999999999998,90.65,72,4
STU_01756,2.37,85.25,30,2
STU_02051,1.8333333333333333,81.36666666666666,54,3
STU_02069,1.8633333333333335,92.13333333333333,54,3
STU_02188,2.8200000000000003,92.2,39,3
STU_02229,2.995,90.0,30,2
STU_02515,2.91,91.1,36,2
STU_02554,3.6366666666666667,87.06666666666666,39,3
STU_02794,3.3,92.2,12,1
STU_03370,1.9679999999999995,90.36,78,5
STU_03450,2.73,91.2,18,1
STU_04038,2.417142857142857,77.85714285714286,108,7
STU_04078,2.5525,85.3,45,4
STU_04144,3.05,88.05,30,2
STU_04156,2.5925,80.225,48,4
STU_04170,2.67625,84.375,114,8
STU_04390,3.0,86.1,15,1
STU_04417,2.18,89.44999999999999,30,2
STU_04533,2.44,90.9,15,1
STU_04534,2.0949999999999998,96.65,24,2
STU_05326,2.68,90.275,123,8
STU_05386,3.11,85.8,57,4
STU_05461,2.8885714285714283,81.28571428571429,102,7
STU_05980,3.048,84.63999999999999,60,5
STU_06076,3.15,88.19999999999999,30,2
STU_06421,2.86,94.0,18,1
STU_07505,2.8866666666666667,88.96666666666665,45,3
STU_07533,2.9850000000000003,80.375,48,4
STU_08284,3.075,85.44999999999999,36,2
STU_05606,1.9860000000000002,80.86,87,5
STU_07406,2.3325000000000005,77.5625,123,8
STU_00129,2.22,80.0,12,1
STU_00356,2.4050000000000002,86.85,36,2
STU_00582,2.51,91.8,18,1
STU_00652,2.79,84.4,30,2
STU_00740,2.592857142857143,85.78571428571426,126,7
STU_00824,2.6133333333333333,82.63333333333333,45,3
STU_00919,2.5985714285714288,86.75714285714287,108,7
STU_01051,2.302,88.08000000000001,72,5
STU_01056,2.64875,84.66250000000001,120,8
STU_01081,1.7899999999999998,81.52000000000001,87,5
STU_01129,2.59,87.17500000000001,66,4
STU_01772,2.942,87.38000000000001,60,5
STU_01779,2.484,83.76,57,5
STU_01900,2.3466666666666667,93.46666666666665,45,3
STU_02660,3.26,90.3,15,1
STU_02872,2.705,83.65,57,4
STU_02896,3.05,83.9,15,1
STU_02956,2.6849999999999996,86.77499999999999,51,4
STU_02994,2.5439999999999996,90.53999999999999,63,5
STU_03226,2.391428571428571,85.92857142857143,96,7
STU_03494,2.747142857142857,82.44285714285715,105,7
STU_03500,2.776666666666667,79.18333333333332,90,6
STU_04205,2.58625,77.7375,93,8
STU_05231,2.2666666666666666,86.03333333333335,42,3
STU_05374,2.834,83.66,72,5
STU_05440,2.0500000000000003,84.26666666666667,51,3
STU_06007,2.93,87.39999999999999,60,4
STU_06158,2.526666666666667,83.83333333333333,114,6
STU_06171,3.505,95.15,27,2
STU_07282,3.176666666666667,87.8,48,3
STU_07345,2.7399999999999998,88.03333333333332,45,3
STU_07433,2.7725000000000004,88.25000000000001,93,8
STU_07490,2.4,85.83333333333333,48,3
STU_07573,3.573333333333333,85.83333333333333,45,3
STU_07785,3.17125,84.725,126,8
STU_07787,3.1733333333333333,80.69999999999999,48,3
STU_07913,3.36,94.7,18,1
STU_08018,2.895,96.4,36,2
STU_08333,2.65,93.9,15,1
STU_08680,2.483333333333334,82.10000000000001,87,6
STU_04358,2.7162500000000005,81.5375,117,8
STU_04576,3.4,86.7,18,1
STU_07933,2.7600000000000002,82.96666666666665,33,3
STU_00339,2.855,88.45,33,2
STU_00443,2.54,89.8,15,1
STU_00457,2.223333333333333,88.2,45,3
STU_00531,3.035,86.75,27,2
STU_00892,1.9199999999999995,82.73999999999998,57,5
STU_00895,2.6916666666666664,80.8,87,6
STU_01405,2.63,82.05,57,4
STU_01598,2.8300000000000005,80.3625,111,8
STU_01626,2.1666666666666665,86.83333333333333,48,3
STU_02274,2.35,89.1,12,1
STU_02325,2.3566666666666665,91.56666666666668,42,3
STU_02362,2.1550000000000002,93.05,39,2
STU_02625,2.5780000000000003,80.35999999999999,60,5
STU_02758,2.3,81.02857142857144,90,7
STU_03809,2.183333333333333,79.2,42,3
STU_03831,2.376666666666667,94.5,54,3
STU_03881,2.3033333333333332,79.86666666666666,42,3
STU_03893,2.8300000000000005,78.2,81,7
STU_04143,1.91,90.6,18,1
STU_04274,2.715,92.55000000000001,30,2
STU_04433,3.0999999999999996,95.35,27,2
STU_04664,2.56,91.8,15,1
STU_04712,2.4880000000000004,84.7,72,5
STU_04873,3.248571428571428,83.35714285714286,108,7
STU_05185,2.66,86.3,18,1
STU_05340,3.415,97.5,33,2
STU_05373,2.2285714285714286,85.12857142857142,108,7
STU_05377,2.36875,85.0625,141,8
STU_05645,2.27,79.96666666666665,90,6
STU_05722,2.4925,80.425,99,8
STU_06513,3.265714285714286,85.25714285714285,81,7
STU_06792,2.733333333333333,85.63333333333333,36,3
STU_06866,3.48,92.5,15,1
STU_06932,3.65,84.9,15,1
STU_07233,2.487142857142857,86.3142857142857,102,7
STU_07748,2.55,92.85,30,2
STU_08002,3.0,93.35,30,2
STU_08235,2.1875,84.1,72,4
STU_08434,2.5975,83.47500000000001,123,8
STU_08545,2.91,90.3,15,1
STU_08100,2.365,92.0,36,2
STU_08103,2.485,86.69999999999999,90,6
STU_00409,2.745,84.8,30,2
STU_00708,2.455,88.19999999999999,60,4
STU_00763,2.92,90.53333333333335,39,3
STU_00825,2.715,90.82499999999999,51,4
STU_01196,3.1166666666666667,85.0,48,3
STU_01203,2.2425000000000006,84.925,123,8
STU_01216,1.685,83.275,72,4
STU_01840,2.7125000000000004,88.19999999999999,60,4
STU_01888,2.21,89.4,15,1
STU_02031,2.95,86.28,75,5
STU_02336,3.0525,90.45000000000002,60,4
STU_02749,2.83,95.3,18,1
STU_03002,2.9499999999999997,88.53333333333335,48,3
STU_03101,2.967142857142857,87.97142857142856,93,7
STU_03107,2.965,87.4,27,2
STU_03486,3.1449999999999996,88.4,27,2
STU_03489,2.81625,85.4,120,8
STU_03533,2.94,84.16250000000001,123,8
STU_03760,2.6725,89.15,141,8
STU_04260,2.6466666666666665,81.03333333333335,51,3
STU_04555,3.125,85.05000000000001,30,2
STU_04607,2.4433333333333334,81.23333333333333,45,3
STU_04681,3.495,86.75,24,2
STU_05035,2.6142857142857148,81.39999999999999,111,7
STU_05224,2.41125,85.35,117,8
STU_05365,3.0549999999999997,92.6,24,2
STU_05403,2.9200000000000004,81.23750000000001,120,8
STU_05661,2.3325,85.3,63,4
STU_05870,3.01,85.8,15,1
STU_06000,2.5,82.35,21,2
STU_06258,2.765,83.07499999999999,75,4
STU_06467,2.5062499999999996,79.25,123,8
STU_06766,2.6100000000000003,81.625,60,4
STU_06855,2.8800000000000003,82.69999999999999,99,8
STU_06871,2.23,83.55,36,2
STU_07098,2.8875,76.02499999999999,45,4
STU_07297,2.8466666666666662,82.16666666666666,48,3
STU_08859,2.925,88.3,60,4
STU_04419,2.845,97.4,51,4
STU_06234,2.95,94.1,15,1
STU_07924,3.266666666666667,94.53333333333335,45,3
STU_00124,2.8466666666666662,89.53333333333335,90,6
STU_00301,2.24,88.8,18,1
STU_00581,2.28,86.3,18,1
STU_00703,2.69,89.7,33,2
STU_00722,2.525714285714286,84.12857142857142,102,7
STU_01186,2.765,78.2,117,8
STU_01201,2.61625,77.83749999999999,93,8
STU_01403,2.6974999999999993,86.89999999999999,102,8
STU_01441,3.044285714285714,83.48571428571428,126,7
STU_01456,3.475,87.05000000000001,33,2
STU_01808,2.532,77.52,75,5
STU_02304,2.52,87.8,21,1
STU_02305,2.7020000000000004,80.64000000000001,78,5
STU_02537,3.168,84.85999999999999,60,5
STU_03148,2.3099999999999996,90.98,78,5
STU_03414,2.78,78.83333333333333,90,6
STU_03458,3.0375,85.825,60,4
STU_03571,3.1574999999999998,87.80000000000001,60,4
STU_03607,2.5766666666666667,82.01666666666667,87,6
STU_03859,2.44,87.6,21,2
STU_03864,2.295,85.55,21,2
STU_03912,2.968571428571429,86.6857142857143,90,7
STU_04107,2.16,89.5,57,3
STU_04383,2.325,90.8,30,2
STU_05046,3.34,80.3,18,1
STU_05114,2.5275,84.75,45,4
STU_05262,2.205,82.9,30,2
STU_05344,2.3925,83.07499999999999,48,4
STU_06035,2.663333333333333,87.7,102,6
STU_06059,3.1699999999999995,84.25714285714287,123,7
STU_06137,2.63,95.0,12,1
STU_06300,2.7600000000000002,86.53333333333335,33,3
STU_06328,2.568,83.66,72,5
STU_06631,3.0,88.0,21,1
STU_06721,2.80125,82.5625,147,8
STU_06892,2.804,85.78,87,5
STU_06978,2.7200000000000006,80.48750000000001,120,8
STU_07054,2.95,84.4,12,1
STU_07090,2.66,89.075,42,4
STU_07261,2.8,80.45,45,4
STU_07302,2.5933333333333333,83.63333333333334,36,4
STU_07702,2.7542857142857144,82.18571428571428,126,7
STU_08029,2.245,83.03750000000001,129,8
STU_08183,2.893333333333333,77.36666666666666,45,4
STU_08523,3.01875,87.2375,120,8
STU_08796,3.0099999999999993,78.88571428571427,105,7
STU_04406,2.08,82.85,36,2
STU_05758,3.0766666666666667,78.03333333333332,45,3
STU_06679,2.7133333333333334,82.33333333333333,72,6
STU_07645,3.0233333333333334,84.60000000000001,39,3
STU_00188,1.82,87.10000000000001,54,3
STU_00263,2.73875,84.53750000000001,120,8
STU_00279,2.495,81.75,30,2
STU_00420,3.06,93.65,36,2
STU_00446,3.2099999999999995,88.03333333333335,45,3
STU_00681,2.3600000000000003,85.52000000000001,90,5
STU_01028,2.98,90.7,30,2
STU_01602,2.2575000000000003,79.57499999999999,93,8
STU_01647,3.0650000000000004,85.35,24,2
STU_01795,2.0,87.2,15,1
STU_02029,2.2175000000000002,82.525,75,4
STU_02111,3.026666666666667,88.16666666666667,39,3
STU_02166,2.88,87.9,12,1
STU_02451,2.5740000000000003,86.64,93,5
STU_02457,2.915,93.85,30,2
STU_02565,3.0149999999999997,89.95,33,2
STU_02619,2.67,78.075,69,4
STU_02686,2.336,87.76,69,5
STU_02701,3.2,81.1,12,1
STU_02752,2.781428571428571,85.97142857142856,78,7
STU_02950,2.17,83.15,36,2
STU_03223,2.79875,86.9875,93,8
STU_03731,2.67,82.375,48,4
STU_03919,2.72,84.76666666666667,45,3
STU_04148,3.2099999999999995,86.16666666666667,39,3
STU_04865,3.08,92.5,15,1
STU_04970,2.4712500000000004,83.90000000000002,96,8
STU_04977,3.4166666666666665,88.16666666666667,45,3
STU_05286,2.62,86.45,51,4
STU_05366,2.50125,80.1625,123,8
STU_05513,2.79375,84.2375,93,8
STU_05641,1.973333333333333,81.23333333333333,48,3
STU_05746,2.6550000000000002,82.75,33,2
STU_05911,2.375,83.7,60,4
STU_06159,1.63,89.3,15,1
STU_06240,2.46,86.0,18,1
STU_06805,2.2800000000000002,92.94999999999999,33,2
STU_07682,2.5516666666666667,84.36666666666667,78,6
STU_07867,2.2060000000000004,92.96000000000001,75,5
STU_08158,2.814,83.92,60,5
STU_07578,3.2249999999999996,89.75,39,2
STU_00118,2.9775,84.025,63,4
STU_00240,2.32,87.8,33,3
STU_00290,2.986666666666667,78.03333333333333,45,3
STU_00449,2.78625,84.93750000000001,117,8
STU_00481,2.5037499999999997,81.35000000000001,123,8
STU_00505,2.53,87.3,18,1
STU_00586,2.7800000000000002,89.95,30,2
STU_00790,2.401666666666667,80.93333333333334,69,6
STU_00959,2.78,89.8,12,1
STU_01031,2.3480000000000003,83.78,81,5
STU_01211,3.1933333333333334,94.43333333333332,54,3
STU_01308,2.18625,84.61250000000001,117,8
STU_01330,2.3950000000000005,83.775,60,4
STU_01348,2.8428571428571425,82.41428571428571,105,7
STU_01607,2.83875,84.89999999999999,96,8
STU_01843,2.9566666666666666,92.26666666666667,45,3
STU_02503,2.9,89.05,48,4
STU_02518,3.0,90.8,12,1
STU_02545,2.24875,93.55000000000001,117,8
STU_02695,2.998,85.96000000000001,75,5
STU_02929,2.965,82.35,117,8
STU_02966,2.74,84.5625,123,8
STU_03189,2.9800000000000004,84.975,51,4
STU_03216,3.07,93.7,12,1
STU_03480,3.13,88.7,15,1
STU_04013,2.155,84.0375,114,8
STU_04135,2.56,78.0,15,1
STU_04165,2.92,93.75,36,2
STU_04193,2.41,86.56666666666666,45,3
STU_04398,2.674285714285714,81.87142857142855,105,7
STU_04605,2.81,92.89999999999999,48,3
STU_04690,2.98,87.55999999999999,72,5
STU_05291,3.42,92.15,30,2
STU_05345,2.832,89.08000000000001,90,5
STU_05436,2.09,84.0,15,1
STU_05684,2.2175000000000002,80.05,66,4
STU_05824,2.1733333333333333,87.56666666666668,45,3
STU_05941,2.348333333333333,81.41666666666667,90,6
STU_06031,2.5324999999999998,89.0,57,4
STU_06346,3.108571428571428,82.64285714285714,99,7
STU_06379,3.151666666666667,86.06666666666666,90,6
STU_06493,2.21,85.19999999999999,72,4
STU_06576,2.8937500000000003,91.30000000000001,102,8
STU_06760,2.243333333333333,81.61666666666667,75,6
STU_06974,3.0625,80.55,48,4
STU_07197,2.8475,85.625,63,4
STU_07275,2.185,75.9,117,8
STU_07295,2.82,87.8,21,1
STU_07342,3.3259999999999996,88.55999999999999,75,5
STU_07378,2.88375,80.575,117,8
STU_07669,2.7266666666666666,90.33333333333333,45,3
STU_07753,3.0162500000000003,83.8375,117,8
STU_08170,3.1799999999999997,80.11666666666666,75,6
STU_08414,2.8299999999999996,82.46666666666665,87,6
STU_08421,2.0514285714285716,84.4142857142857,126,7
STU_06237,2.39,88.7,15,1
STU_06293,3.68,83.7,12,1
STU_07428,2.4360000000000004,86.48,75,5
STU_00312,2.566666666666667,88.76666666666667,90,6
STU_00574,1.8449999999999998,84.44999999999999,36,2
STU_00911,2.912,89.24,90,5
STU_01054,2.7362500000000005,79.1625,114,8
STU_01219,2.361666666666667,85.75,96,6
STU_01396,2.5700000000000003,90.46666666666665,51,3
STU_01569,2.677142857142857,86.20000000000002,99,7
STU_01703,1.94,86.9,21,1
STU_01716,2.665,86.075,57,4
STU_01717,2.396,78.78,75,5
STU_01907,3.7,88.6,12,1
STU_02123,2.473333333333333,82.63333333333333,45,3
STU_02196,2.875,84.89999999999999,60,4
STU_02227,2.6371428571428575,82.82857142857142,105,7
STU_02319,2.8200000000000003,89.55000000000001,24,2
STU_02412,1.745,87.05000000000001,33,2
STU_02501,2.54,86.55714285714286,102,7
STU_02808,2.81,91.26249999999999,123,8
STU_02852,3.32,75.6,18,1
STU_02883,3.5533333333333332,76.56666666666668,45,3
STU_02914,2.866666666666667,81.63333333333333,45,3
STU_03371,2.27,93.3,15,1
STU_03801,1.91,92.2,18,1
STU_03824,2.9275,84.4875,120,8
STU_03870,3.164285714285714,77.27142857142859,84,7
STU_04055,3.3033333333333332,87.73333333333333,36,3
STU_04377,2.76,82.2,15,1
STU_04424,2.9,80.0,18,1
STU_04687,2.7933333333333334,77.93333333333334,69,6
STU_05153,3.1000000000000005,85.35,45,4
STU_05442,2.705,85.15,33,2
STU_05883,2.23,90.0,15,1
STU_06253,2.9539999999999997,83.33999999999999,60,5
STU_06427,2.38875,84.01249999999999,114,8
STU_06475,1.945,93.025,69,4
STU_07051,2.93875,82.6125,123,8
STU_07190,3.02,82.73333333333333,45,3
STU_07251,2.505,80.75,60,4
STU_08379,3.29,88.5,15,1
STU_08560,2.93,86.4,75,4
STU_00076,2.995,89.83749999999999,147,8
STU_00116,2.6933333333333334,84.43333333333334,36,3
STU_00564,2.855,82.05,30,2
STU_00822,2.7566666666666664,91.7,57,3
STU_00828,2.8766666666666665,88.33333333333333,42,3
STU_00970,3.0300000000000002,87.14999999999999,60,4
STU_01043,3.0580000000000003,81.24000000000001,81,5
STU_01363,2.5,92.9,12,1
STU_01436,1.76,89.6,12,1
STU_01686,3.2975,75.6,57,4
STU_01978,3.205,92.5,33,2
STU_02213,1.39,93.9,15,1
STU_02454,2.78,83.3,18,1
STU_02489,2.7,85.82,90,5
STU_02499,3.12,96.2,15,1
STU_03011,2.4850000000000003,94.0,24,2
STU_03313,3.07,94.0,18,1
STU_03444,3.102,84.23999999999998,57,5
STU_03780,2.81,86.9,12,1
STU_03994,2.5349999999999997,82.85,57,4
STU_04039,2.8366666666666664,84.33333333333334,45,3
STU_04050,3.0566666666666666,84.68333333333334,93,6
STU_04513,2.90125,77.71249999999999,120,8
STU_04562,2.7600000000000002,94.06,72,5
STU_04655,2.3,93.4,18,1
STU_04829,2.705,80.85,60,4
STU_05156,2.6220000000000003,80.97999999999999,78,5
STU_05523,1.63,82.69999999999999,72,4
STU_06073,2.3266666666666667,86.8,54,3
STU_06407,3.045,82.6,24,2
STU_06602,1.78,92.4,18,1
STU_06828,3.06875,79.18749999999999,114,8
STU_06851,3.344,86.34,69,5
STU_06993,2.8925,90.375,60,4
STU_07024,2.5283333333333333,82.18333333333335,93,6
STU_07293,2.68,91.6,15,1
STU_07548,2.545,84.0,60,4
STU_07849,3.3200000000000003,86.73333333333333,48,3
STU_08027,3.14,86.0,18,1
STU_08091,2.912,79.35999999999999,72,5
STU_08219,3.365,89.80000000000001,36,2
STU_06833,2.391666666666667,85.91666666666667,87,6
STU_08936,3.195,86.94999999999999,30,2
STU_08996,2.655,87.7375,120,8
STU_09987,2.9233333333333333,87.23333333333333,45,3
STU_10123,2.742,89.25999999999999,75,5
STU_10518,2.6475,84.125,63,4
STU_11024,3.13,85.75,24,2
STU_11446,3.108333333333333,84.88333333333334,93,6
STU_11606,3.415,92.05,33,2
STU_11609,3.0760000000000005,89.82000000000001,78,5
STU_11676,2.5042857142857144,81.34285714285714,108,7
STU_11931,3.05,87.6,15,1
STU_12169,2.4983333333333335,84.78333333333335,90,6
STU_12330,3.3533333333333335,90.5,45,3
STU_12409,1.895,82.8,36,2
STU_12687,2.0466666666666664,84.89999999999999,81,6
STU_12700,2.5833333333333335,90.5,48,3
STU_13072,3.61,92.7,30,2
STU_13079,2.3175,79.325,57,4
STU_13099,2.653333333333333,77.33333333333333,36,3
STU_13107,2.292,85.86,75,5
STU_13588,2.53625,85.23749999999998,153,8
STU_13678,3.23,93.85,33,2
STU_13750,2.77,97.5,45,3
STU_13897,2.6666666666666665,84.93333333333334,42,3
STU_14060,2.3674999999999997,81.5,57,4
STU_14275,3.026666666666666,84.93333333333334,45,3
STU_14729,2.93,94.2,18,1
STU_14840,2.295,91.7,36,2
STU_14865,2.956666666666667,91.01666666666667,90,6
STU_16331,2.3542857142857145,82.39999999999999,102,7
STU_16791,2.6,91.5,9,1
STU_17195,3.07,93.7,12,1
STU_17365,2.2566666666666673,86.46666666666665,42,3
STU_17392,2.18375,82.25,114,8
STU_14608,2.155,87.25,96,6
STU_16498,2.6557142857142857,90.25714285714285,105,7
STU_16956,2.041666666666667,90.63333333333334,99,6
STU_17415,2.515,79.55,36,2
STU_09033,2.736666666666667,87.30000000000001,45,3
STU_09331,2.4050000000000002,86.45,27,2
STU_09938,2.9866666666666664,84.3,54,3
STU_10121,2.5,83.94999999999999,30,2
STU_10181,2.49,90.53333333333335,96,6
STU_10280,2.6271428571428572,80.7,105,7
STU_10338,2.50625,87.28750000000001,93,8
STU_10481,2.293333333333333,85.59999999999998,36,3
STU_10523,2.44,90.3,15,1
STU_10696,2.35,79.63333333333334,33,3
STU_10777,2.5799999999999996,79.64999999999999,63,4
STU_11069,2.166,85.11999999999999,75,5
STU_11358,2.37,95.0,15,1
STU_11472,2.875,95.7,30,2
STU_11611,2.314,84.66,60,5
STU_11633,3.4425,88.9,60,4
STU_12083,3.0075,96.85,63,4
STU_12160,2.556,79.06,69,6
STU_12182,2.53,88.8,15,1
STU_12208,2.6157142857142857,85.1,81,7
STU_12416,3.02625,89.1625,120,8
STU_12884,2.455,87.1,36,2
STU_12969,2.43125,82.8125,96,8
STU_13153,3.17875,77.8125,117,8
STU_13209,2.755,81.85,33,2
STU_13609,2.9450000000000003,89.42499999999998,69,4
STU_13917,2.7271428571428564,79.8142857142857,102,7
STU_13961,3.355,89.92500000000001,63,4
STU_13992,2.16,90.25,30,2
STU_14051,2.2359999999999998,83.14000000000001,93,5
STU_14392,3.3449999999999998,93.80000000000001,30,2
STU_14513,2.5214285714285714,86.32857142857144,99,7
STU_14597,3.2116666666666664,83.76666666666667,69,6
STU_14725,2.8750000000000004,88.17499999999998,120,8
STU_14938,2.795,95.45,27,2
STU_14991,2.94,93.0,18,1
STU_15111,2.617142857142857,86.74285714285715,87,7
STU_15299,2.512,86.02,75,5
STU_15500,2.25,87.4,18,1
STU_15651,2.55,81.6,18,1
STU_15657,1.7,80.1,18,1
STU_15934,3.1362500000000004,88.14999999999999,147,8
STU_16347,2.89375,86.55,93,8
STU_16431,2.9000000000000004,85.02,75,5
STU_16637,3.082,88.5,75,5
STU_16885,2.4566666666666666,89.36666666666667,45,3
STU_16931,2.9850000000000003,87.95,30,2
STU_17069,2.815,88.85000000000001,93,6
STU_17079,2.465,82.21249999999999,120,8
STU_17191,3.2399999999999998,87.36666666666667,42,3
STU_17377,2.8375000000000004,83.675,60,4
STU_17456,2.8400000000000003,81.975,96,8
STU_13822,2.704285714285714,83.62857142857142,78,7
STU_16158,3.49,91.3,15,1
STU_17312,2.5485714285714285,89.08571428571429,132,7
STU_08902,2.18,82.175,54,4
STU_09061,3.11,92.8,15,1
STU_09249,2.21,85.5,18,1
STU_09281,2.895,84.13333333333333,78,6
STU_09350,2.335,89.75,33,2
STU_09923,2.194,85.52000000000001,78,5
STU_10110,2.09,85.94999999999999,24,2
STU_10224,3.2466666666666666,88.45,90,6
STU_10302,3.61,92.4,15,1
STU_10334,2.9287500000000004,78.825,147,8
STU_10507,2.795,83.30000000000001,30,2
STU_10841,2.17,86.2,18,1
STU_10998,2.2640000000000002,90.62,84,5
STU_11098,3.125,83.95,33,2
STU_11315,3.1740000000000004,86.7,75,5
STU_11596,3.575,77.6,24,2
STU_11992,2.6733333333333333,80.8,33,3
STU_12207,2.4175,81.75,60,4
STU_12267,2.4883333333333337,83.95,96,6
STU_12292,2.7828571428571434,89.48571428571428,132,7
STU_12332,3.016,90.28,78,5
STU_12555,2.47,81.5,36,2
STU_12670,3.01,96.85,30,2
STU_12765,2.37125,84.225,120,8
STU_12985,3.23,87.96666666666668,45,3
STU_13005,3.03125,84.825,117,8
STU_13271,2.9850000000000003,83.2125,120,8
STU_13340,2.8637500000000005,86.05000000000001,120,8
STU_13545,2.66,91.875,60,4
STU_13661,2.3000000000000003,86.95,57,4
STU_13841,2.528,80.79999999999998,60,5
STU_13862,3.016666666666667,87.23333333333333,45,3
STU_13941,2.03,88.4,18,1
STU_14062,1.775,82.82499999999999,66,4
STU_14108,2.6275,82.02499999999999,63,4
STU_14163,2.936666666666666,85.76666666666667,45,3
STU_14188,2.533333333333333,85.46666666666665,36,3
STU_14215,3.1025,83.125,48,4
STU_14292,2.82,90.0,18,1
STU_14819,2.675,92.55,30,2
STU_14826,2.73,87.15,39,2
STU_15067,2.426,87.38,57,5
STU_15416,3.45,88.6,15,1
STU_15887,2.816,86.11999999999999,69,5
STU_15944,2.64,82.4,48,3
STU_16165,3.3899999999999997,94.30000000000001,33,2
STU_16196,2.942857142857143,84.71428571428571,84,7
STU_16358,2.81875,81.825,120,8
STU_16676,2.8587499999999997,82.9125,120,8
STU_16797,2.7866666666666666,88.53333333333335,45,3
STU_16924,2.86,95.0,12,1
STU_13012,2.8066666666666666,89.39999999999999,45,3
STU_15369,3.0225,84.675,45,4
STU_15377,2.89,90.7,21,1
STU_09106,2.508571428571429,85.77142857142857,108,7
STU_09340,3.01,83.16666666666667,45,3
STU_09464,2.8024999999999998,86.2375,120,8
STU_09632,2.981666666666667,92.63333333333334,84,6
STU_09804,2.68,84.7,15,1
STU_09969,1.96,84.4,30,2
STU_09972,2.5585714285714283,81.62857142857142,105,7
STU_10169,2.5433333333333334,84.36666666666667,48,3
STU_10222,2.88,85.85,57,4
STU_10232,2.625,89.4,21,2
STU_10296,2.266666666666667,80.53333333333335,42,3
STU_10333,3.0033333333333334,87.46666666666668,36,3
STU_10440,2.6914285714285717,81.71428571428571,99,7
STU_10748,2.742,82.38,75,5
STU_10781,2.8125000000000004,82.725,120,8
STU_10921,2.978333333333333,86.96666666666665,96,6
STU_11163,2.21,86.1,15,1
STU_11201,2.8525,82.32499999999999,60,4
STU_11787,3.0074999999999994,83.925,144,8
STU_12457,2.165,88.825,75,4
STU_12618,3.1133333333333333,84.43333333333332,45,3
STU_12910,2.93,90.22,69,5
STU_13084,2.45875,86.6875,99,8
STU_13350,3.2599999999999993,86.44,78,5
STU_13460,3.0157142857142856,84.17142857142856,105,7
STU_13645,2.89,92.4,18,1
STU_14150,2.88375,81.6375,123,8
STU_14197,2.53,83.73333333333333,54,3
STU_14314,2.90125,84.1375,117,8
STU_14474,2.8599999999999994,84.8,51,3
STU_15157,3.38,91.4,15,1
STU_15698,2.585,83.6,33,2
STU_15803,2.6479999999999997,80.14,72,6
STU_15841,3.098,88.41999999999999,78,5
STU_16384,3.01,91.6,15,1
STU_16461,2.3366666666666664,84.83333333333333,48,3
STU_17108,3.06,87.3,15,1
STU_17183,1.9766666666666666,88.86666666666667,45,3
STU_17243,1.9899999999999998,81.76249999999999,96,8
STU_16157,2.1599999999999997,78.43333333333334,45,3
STU_17139,2.347142857142857,84.4,102,7
STU_10068,2.738571428571429,86.17142857142855,105,7
STU_10233,2.73,91.0,18,1
STU_10252,2.314285714285714,81.21428571428571,108,7
STU_10297,2.9,90.0,15,1
STU_10409,2.7399999999999998,83.9,60,5
STU_10485,2.77,92.5,15,1
STU_10588,2.728,81.08,72,5
STU_10896,3.0549999999999997,88.7,36,2
STU_11040,2.91375,82.925,117,8
STU_11153,2.4657142857142853,83.20000000000002,102,7
STU_11655,2.67,95.0,15,1
STU_11677,2.905,83.35,21,2
STU_11876,3.0766666666666667,81.28333333333333,78,6
STU_11978,2.595,89.35,30,2
STU_12019,2.8249999999999997,76.95,54,4
STU_12025,2.74,84.1,15,1
STU_12101,2.508,88.56000000000002,90,5
STU_12299,3.1049999999999995,81.925,117,8
STU_12772,2.34,91.6,18,1
STU_13940,2.93,84.93333333333334,90,6
STU_13954,2.86,86.85,30,2
STU_14088,2.6649999999999996,88.7,96,8
STU_14142,2.646,80.23999999999998,57,5
STU_14264,2.491428571428571,76.42857142857144,81,7
STU_14689,2.08,90.8,18,1
STU_14750,2.38,86.8,9,1
STU_14977,3.365,87.80000000000001,30,2
STU_15041,1.7349999999999999,81.6,33,2
STU_15050,2.4599999999999995,85.5,54,3
STU_15080,2.642,77.23999999999998,63,5
STU_15404,2.33,92.6,15,1
STU_15529,2.57,91.9,15,1
STU_15622,3.026666666666666,90.88333333333333,81,6
STU_16258,1.9674999999999998,86.47500000000001,57,4
STU_16398,2.8474999999999997,78.55,51,4
STU_16656,2.4725,85.7625,144,8
STU_16771,3.405,87.45000000000002,48,4
STU_16853,2.2033333333333336,82.33333333333333,90,6
STU_16994,2.9499999999999997,82.48333333333335,90,6
STU_17072,2.5533333333333332,89.43333333333334,48,3
STU_13122,2.8125,89.0125,123,8
STU_17408,3.36,92.0,15,1
STU_08976,3.39,81.2,15,1
STU_09053,2.12,91.8,15,1
STU_09191,2.0,83.4,39,2
STU_09512,1.6033333333333333,86.5,45,3
STU_09616,2.76625,86.1125,123,8
STU_09628,2.5100000000000002,79.3125,123,8
STU_09861,2.79875,82.93750000000001,120,8
STU_09900,1.81,88.6,18,1
STU_10127,3.34,94.5,9,1
STU_10174,2.74,83.6,15,1
STU_10189,2.874285714285714,85.3,105,7
STU_10282,2.315,83.4,36,2
STU_10361,2.6125,90.0,57,4
STU_10784,2.5683333333333334,88.83333333333333,69,6
STU_10906,2.8628571428571425,88.31428571428572,108,7
STU_11396,3.082,92.88,78,5
STU_11568,2.792857142857143,92.27142857142857,81,7
STU_11575,2.48,86.5,18,1
STU_11599,2.731666666666667,88.46666666666668,75,6
STU_11707,2.866,90.64,75,5
STU_12257,2.646,89.75999999999999,75,5
STU_12903,1.7149999999999999,86.85,36,2
STU_13333,2.93,93.4,18,1
STU_13437,2.34,85.8,51,3
STU_14014,2.8799999999999994,86.06666666666666,42,3
STU_14198,2.61,74.43333333333334,36,3
STU_14308,3.29,83.3,18,1
STU_14558,2.7900000000000005,92.46666666666665,45,3
STU_15154,3.0100000000000002,88.86666666666667,54,3
STU_15257,3.5066666666666664,90.16666666666667,42,3
STU_15821,2.5,93.5,18,1
STU_15853,3.051428571428571,84.3,102,7
STU_16056,2.64125,82.79999999999998,120,8
STU_16249,3.26,83.1,18,1
STU_16262,3.16,90.4,15,1
STU_16379,2.8175000000000003,85.6,123,8
STU_16401,2.72,93.0,15,1
STU_16459,2.4233333333333333,82.03333333333333,57,3
STU_16639,2.78625,90.87499999999999,144,8
STU_16900,2.9299999999999997,85.08571428571429,108,7
STU_17412,2.9933333333333336,83.30000000000001,90,6
STU_17610,2.80125,82.89999999999999,123,8
STU_16155,3.214,86.46000000000001,75,5
STU_16952,2.4699999999999998,85.85,30,2
STU_17239,2.9600000000000004,90.68333333333332,72,6
STU_17313,2.4257142857142853,86.65714285714286,84,7
STU_08972,2.436666666666667,88.36666666666667,36,3
STU_09324,2.4475,78.0,66,4
STU_09889,2.885,91.19999999999999,33,2
STU_09990,3.106666666666667,83.60000000000001,90,6
STU_10557,2.66,91.1,30,2
STU_10766,2.9133333333333336,82.66666666666667,96,6
STU_10811,2.51,87.3,21,1
STU_11218,2.203333333333333,85.66666666666667,54,3
STU_12098,2.8449999999999998,81.4,27,2
STU_12260,1.81,87.45,30,2
STU_12329,3.15,89.35,27,2
STU_12337,2.415,86.41666666666667,90,6
STU_12492,2.86,84.85,57,4
STU_12544,2.9933333333333336,89.0,39,3
STU_12589,3.16,91.3,15,1
STU_13336,2.5683333333333334,92.31666666666666,93,6
STU_13512,2.846,86.91999999999999,72,5
STU_13786,2.435,86.14999999999999,48,4
STU_14239,2.6366666666666667,84.13333333333334,39,3
STU_14269,2.6,82.8,33,2
STU_14577,2.735,79.475,45,4
STU_14580,2.8866666666666667,89.86666666666667,42,3
STU_14640,2.52,83.4,15,1
STU_14901,2.0925,84.225,60,4
STU_14998,2.38,79.0,30,2
STU_15088,2.6649999999999996,82.05,51,4
STU_15284,2.2266666666666666,84.66666666666667,57,3
STU_15429,3.17,93.5,15,1
STU_15507,3.021666666666667,76.55,90,6
STU_15655,2.7699999999999996,91.225,120,8
STU_16003,2.79,84.9,12,1
STU_16288,2.6566666666666667,83.53333333333333,45,3
STU_16615,2.8579999999999997,82.97999999999999,57,5
STU_17083,2.605,90.3,27,2
STU_17271,2.38,90.34,60,5
STU_17296,2.388333333333333,80.95,84,6
STU_17597,2.4733333333333336,88.59999999999998,54,3
STU_08911,2.231666666666667,82.73333333333333,87,6
STU_09153,2.112,92.4,72,5
STU_09353,2.5533333333333332,90.5,36,3
STU_09590,2.06,93.1,21,1
STU_09991,2.455,86.65,30,2
STU_10051,2.6299999999999994,81.16666666666667,42,3
STU_10086,2.3683333333333336,82.5,93,6
STU_10167,3.1799999999999997,88.55999999999999,75,5
STU_10376,2.5949999999999998,86.05000000000001,30,2
STU_10483,2.966666666666667,87.16666666666667,45,3
STU_10689,2.6933333333333334,80.10000000000001,42,3
STU_10704,1.92,93.1,36,2
STU_10877,2.692857142857143,82.82857142857142,105,7
STU_11004,3.48,83.0,15,1
STU_11034,2.47,89.2,18,1
STU_11329,3.5,89.2,18,1
STU_11658,2.4137500000000003,91.925,111,8
STU_11999,2.7283333333333335,89.01666666666665,90,6
STU_12176,2.9749999999999996,79.5,27,2
STU_12281,2.50875,80.825,114,8
STU_12450,2.0159999999999996,82.72,78,5
STU_12636,3.1,85.5,33,2
STU_13339,2.75,84.7,39,2
STU_13466,2.8983333333333334,89.45,78,6
STU_13594,2.934285714285714,87.82857142857144,126,7
STU_13741,1.81,86.7,18,1
STU_13918,3.04,88.8,15,1
STU_13922,1.7825000000000002,84.69999999999999,75,4
STU_13925,3.485,90.15,30,2
STU_14083,2.5966666666666667,79.18333333333334,93,6
STU_14272,2.36,82.6,30,2
STU_14755,2.54,84.85,48,4
STU_14835,3.15,90.75,24,2
STU_14996,2.795,81.64999999999999,93,6
STU_15042,2.0425,73.1,120,8
STU_15064,2.73625,85.07500000000002,123,8
STU_15164,2.7520000000000002,87.12,93,5
STU_15196,2.4099999999999997,83.66666666666667,48,3
STU_15216,2.3783333333333334,81.35000000000001,90,6
STU_15342,2.53,86.5,15,1
STU_15530,2.8166666666666664,82.3,42,3
STU_15576,2.85,91.15714285714286,120,7
STU_16341,1.7825,82.625,72,4
STU_16451,2.707142857142857,81.94285714285714,102,7
STU_16741,2.3400000000000003,80.7,90,7
STU_16930,2.7016666666666667,83.06666666666666,93,6
STU_17443,1.75,90.7,21,1
STU_13812,2.7012500000000004,83.5625,114,8
STU_16529,3.016666666666667,90.06666666666666,45,3
STU_16809,2.808333333333333,86.71666666666665,90,6
STU_16929,2.49,87.1,18,1
STU_17200,2.87,89.7,84,5
STU_08898,2.5785714285714287,87.65714285714284,102,7
STU_08933,2.675,89.75,30,2
STU_10385,2.56,85.5,18,1
STU_10995,3.1275,81.94999999999999,57,4
STU_11002,2.76,89.2,12,1
STU_11367,3.425,85.75,36,2
STU_11387,2.6325000000000003,82.9,54,4
STU_11393,2.385,88.5,30,2
STU_11659,2.47,85.53333333333335,45,3
STU_11672,2.6550000000000002,87.25,66,4
STU_12063,2.9066666666666667,92.2,90,6
STU_12108,3.24,81.0,60,4
STU_12220,2.275,86.3,90,6
STU_12253,3.1650000000000005,83.7,69,7
STU_12615,2.748571428571428,83.25714285714285,87,7
STU_12920,2.4183333333333334,89.94999999999999,90,6
STU_12962,2.5557142857142856,86.60000000000001,108,7
STU_13680,1.8666666666666665,88.90000000000002,54,3
STU_13817,2.57,82.5,18,1
STU_13938,3.33,84.4,15,1
STU_13997,3.1100000000000003,83.44999999999999,27,2
STU_14028,3.01625,92.5125,99,8
STU_14449,3.05,80.34,78,5
STU_14738,2.3375,81.2,57,4
STU_14763,2.766666666666667,84.10000000000001,54,3
STU_15043,2.49,83.9,96,8
STU_15097,2.5925000000000002,87.21249999999999,123,8
STU_15285,3.11,87.0,45,3
STU_15547,3.37,93.55,18,2
STU_15731,2.375,88.92500000000001,66,4
STU_15920,3.02,79.05000000000001,30,2
STU_16884,2.99,86.05,60,4
STU_17123,2.8225,90.275,60,4
STU_17128,2.58,91.6,15,1
STU_12047,2.96,90.6,75,4
STU_15924,2.705,88.6,33,2
STU_15927,2.9899999999999998,85.10000000000001,45,3
STU_15984,3.0100000000000002,87.2,36,3
STU_08940,2.23,85.65,30,2
STU_09404,3.69,89.5,15,1
STU_09442,2.81,85.3,18,1
STU_09557,3.09,71.3,15,1
STU_09754,3.02,93.4,15,1
STU_10218,2.69,73.53333333333335,30,3
STU_10740,2.838333333333333,88.64999999999999,93,6
STU_10757,2.532857142857143,82.7,111,7
STU_11025,3.2883333333333336,87.61666666666667,72,6
STU_11149,2.17,90.0,15,1
STU_11269,2.7116666666666664,83.55000000000001,81,6
STU_11991,2.7099999999999995,88.03333333333335,48,3
STU_12579,2.723333333333333,80.2,45,3
STU_13276,2.66,97.05000000000001,30,2
STU_13900,2.7983333333333333,78.76666666666667,72,6
STU_14330,2.02,85.23333333333333,48,3
STU_14550,2.6625,88.0,57,4
STU_14882,2.654,91.32000000000001,75,5
STU_14939,2.65125,81.4125,147,8
STU_14954,2.1599999999999997,78.75714285714285,105,7
STU_15136,2.585,82.9,24,2
STU_15281,3.56,92.6,18,1
STU_15301,3.115,86.05000000000001,36,2
STU_15523,3.24,89.1,12,1
STU_15584,2.6333333333333333,89.96666666666668,87,6
STU_15750,3.265,84.7625,99,8
STU_15871,2.3800000000000003,89.13333333333333,57,3
STU_15995,3.09,92.2,15,1
STU_16062,2.375,85.225,60,4
STU_16064,3.016,83.83999999999999,75,5
STU_16145,2.7249999999999996,92.95,27,2
STU_17444,2.798571428571429,86.05714285714286,105,7
STU_17490,2.36,71.88571428571429,78,7
STU_17540,3.08,85.45,27,2
STU_12850,3.295,81.9,21,2
STU_13016,1.732,83.36,87,5
STU_13126,2.632857142857143,83.08571428571429,90,7
STU_16597,3.087142857142857,84.61428571428571,105,7
STU_17416,3.075,87.15,63,4
STU_17524,2.4850000000000003,82.15,27,2
STU_09052,3.12,95.05,30,2
STU_09657,3.0357142857142856,84.7,105,7
STU_09760,2.1420000000000003,76.46,78,5
STU_10255,2.675,80.3125,141,8
STU_10486,3.09,81.25,30,2
STU_10536,2.27,89.92500000000001,72,4
STU_11010,2.153333333333333,86.56666666666666,48,3
STU_11157,3.0337500000000004,83.2625,96,8
STU_11286,2.335,91.85,24,2
STU_11296,2.894285714285714,85.74285714285715,108,7
STU_11322,2.848333333333333,83.28333333333333,90,6
STU_11668,3.2359999999999998,85.17999999999999,69,5
STU_11680,2.86,83.55,30,2
STU_11892,2.57,88.3,15,1
STU_12152,2.025,88.1,60,4
STU_12287,2.9766666666666666,87.39999999999999,39,3
STU_12612,2.735,88.83333333333333,102,6
STU_13349,3.0385714285714287,89.32857142857144,129,7
STU_13428,2.83,88.55000000000001,30,3
STU_13509,2.5949999999999998,93.7,27,2
STU_13547,3.11,95.1,15,1
STU_13791,2.65,89.11428571428571,126,7
STU_13844,1.89,83.5,54,3
STU_13951,1.7100000000000002,79.46666666666665,105,6
STU_14130,3.005,91.4,30,2
STU_14165,2.42,86.85,36,2
STU_14203,2.6,86.16,60,5
STU_14703,2.0533333333333332,87.73333333333333,54,3
STU_14856,2.785,79.78333333333333,90,6
STU_14988,3.1550000000000002,78.2,30,2
STU_15102,2.745,88.15,27,2
STU_15770,2.6250000000000004,86.53333333333335,90,6
STU_15832,2.6149999999999998,83.33333333333333,90,6
STU_16217,2.9299999999999997,87.66666666666667,45,3
STU_17003,2.358333333333333,84.2,93,6
STU_17428,2.4375,84.57499999999999,60,4
STU_08968,3.2133333333333334,83.08333333333333,108,6
STU_08981,2.588333333333333,81.28333333333333,84,6
STU_09076,2.6014285714285714,81.38571428571427,105,7
STU_09273,3.39,90.5,18,1
STU_09466,2.725,83.83749999999999,126,8
STU_09930,2.6466666666666665,80.76666666666667,90,6
STU_09985,2.9249999999999994,85.325,120,8
STU_09994,2.87,79.0,27,2
STU_09997,1.96,93.3,18,1
STU_10037,2.3485714285714283,81.92857142857143,105,7
STU_10150,2.2550000000000003,79.06666666666666,84,6
STU_10592,2.52,87.52,57,5
STU_10622,2.99,88.63333333333333,90,6
STU_10623,2.7640000000000002,88.36,75,5
STU_10819,3.15,90.8,15,1
STU_11160,3.25,88.3,15,1
STU_11235,2.6728571428571426,86.35714285714286,102,7
STU_11491,2.97,87.01666666666667,78,6
STU_11496,2.97,88.1,18,1
STU_11669,2.6500000000000004,85.0,24,2
STU_11890,1.846,83.17999999999999,75,5
STU_12264,2.841666666666667,84.33333333333334,90,6
STU_12345,2.5,88.7,12,1
STU_12503,2.7,86.2,15,1
STU_12661,2.9475,83.06250000000001,117,8
STU_12904,2.965,91.3,24,2
STU_12943,2.806,87.66,75,5
STU_13370,2.048,84.16,90,5
STU_13397,2.026,80.72,75,5
STU_13663,3.106666666666667,91.56666666666666,54,3
STU_13975,2.6850000000000005,80.33333333333334,84,6
STU_14067,1.6533333333333333,88.23333333333333,45,3
STU_14137,3.05,95.1,15,1
STU_14154,2.461666666666667,87.16666666666667,108,6
STU_14416,2.52,79.7,9,1
STU_14596,2.7,82.3,18,1
STU_15030,2.5433333333333334,86.0,36,3
STU_15035,2.485,85.75000000000001,123,8
STU_15073,2.7925,75.2,57,4
STU_15557,2.6350000000000002,77.61250000000001,117,8
STU_15596,1.92,82.55,33,2
STU_15630,2.6162499999999995,89.1875,141,8
STU_15769,2.6825,86.6,48,4
STU_15779,2.7512499999999998,79.85,117,8
STU_16075,2.9349999999999996,85.975,117,8
STU_16205,2.17,86.3,18,1
STU_16281,2.5825,84.35,48,4
STU_16555,2.768333333333333,80.7,93,6
STU_16631,2.94,94.1,15,1
STU_16697,3.14,89.2,18,1
STU_17175,2.6750000000000003,83.48333333333333,81,6
STU_17229,2.7214285714285715,85.74285714285715,87,7
STU_15249,2.9200000000000004,87.47999999999999,75,5
STU_15718,3.054,93.74,78,5
STU_09020,2.892857142857143,82.84285714285714,111,7
STU_09096,2.8499999999999996,87.9,24,2
STU_09237,2.20625,79.2125,93,8
STU_09532,3.0425,79.19999999999999,63,4
STU_09623,2.8175,91.325,60,4
STU_09800,2.76,86.58000000000001,54,5
STU_10271,3.292857142857143,88.97142857142856,87,7
STU_10314,2.9233333333333333,79.01666666666667,72,6
STU_10472,2.32,77.96666666666665,48,3
STU_10541,3.13,86.0,18,1
STU_10681,2.13,84.2,15,1
STU_10724,3.11,94.6,18,1
STU_10802,3.078,82.93999999999998,63,5
STU_10845,2.2199999999999998,88.69999999999999,36,2
STU_11202,2.7533333333333334,88.09999999999998,42,3
STU_11414,2.88,84.2,33,2
STU_11641,2.6559999999999997,83.88000000000001,72,5
STU_12491,2.41,91.0,12,1
STU_12602,2.396666666666667,88.06666666666666,48,3
STU_13110,3.3533333333333335,94.26666666666667,51,3
STU_13152,3.115,89.95,30,2
STU_13236,3.1,83.2,15,1
STU_14371,3.76,88.5,15,1
STU_14693,2.7612499999999995,82.48749999999998,99,8
STU_14844,2.6937499999999996,87.725,117,8
STU_15194,2.1166666666666667,88.0,45,3
STU_15468,2.372,80.55999999999999,93,5
STU_15856,2.0233333333333334,85.11666666666667,108,6
STU_15891,1.94,83.1,15,1
STU_15913,2.84,90.55,30,2
STU_16181,2.556,78.72,69,5
STU_16871,3.065000000000001,83.85000000000001,72,6
STU_16917,1.23,85.1,18,1
STU_17032,2.5749999999999997,83.93333333333334,87,6
STU_17390,3.136,89.02000000000001,78,5
STU_17499,2.8,80.775,48,4
STU_16598,2.42,89.0,12,1
STU_17202,1.8099999999999998,80.46666666666667,48,3
STU_08894,2.83,89.18333333333332,87,6
STU_09399,3.2350000000000003,90.35,57,4
STU_09672,2.314,80.28,75,5
STU_09750,3.2075,85.825,48,4
STU_09763,3.05,91.7,15,1
STU_10533,2.2249999999999996,83.25,27,2
STU_10821,2.625,89.4,60,4
STU_11106,2.98125,85.7,129,8
STU_11107,3.1199999999999997,87.7,57,3
STU_11433,2.7875,84.3375,147,8
STU_11445,3.1075,85.475,51,4
STU_11533,3.135,97.4,30,2
STU_11819,2.385,82.0,123,8
STU_12010,2.355,92.8,69,6
STU_12272,2.8,89.2,12,1
STU_12669,3.14,94.5,15,1
STU_12836,3.0949999999999998,81.125,51,4
STU_13255,1.6875,83.1,60,4
STU_13308,2.41,80.23333333333333,90,6
STU_13457,2.62,84.28,78,5
STU_13656,2.605,86.28750000000001,138,8
STU_14039,2.3,86.6,36,2
STU_14186,3.03,81.1,12,1
STU_14372,2.3433333333333333,87.56666666666666,39,3
STU_14401,2.3316666666666666,82.66666666666666,93,6
STU_14526,2.5480000000000005,85.66,75,5
STU_15070,2.94,87.12,78,5
STU_15267,2.63,83.1,18,1
STU_15782,2.1574999999999998,82.125,72,4
STU_15795,2.8016666666666663,92.21666666666665,102,6
STU_15797,2.89,76.91666666666667,90,6
STU_16339,3.67,90.4,12,1
STU_17215,2.793333333333333,90.59999999999998,45,3
STU_17246,2.4616666666666664,84.95,111,6
STU_17560,2.9050000000000002,93.5,30,2
STU_12799,2.9725,85.225,48,4
STU_16808,2.44,90.19999999999999,33,2
STU_17020,1.64,85.33333333333333,45,3
STU_09069,3.261428571428571,84.37142857142858,108,7
STU_09190,3.41,93.55,30,2
STU_09231,3.03,95.2,12,1
STU_09384,3.2100000000000004,83.43333333333334,45,3
STU_09633,2.6733333333333333,83.18333333333334,108,6
STU_09728,2.8775,86.52499999999999,114,8
STU_09860,2.6950000000000003,87.14999999999999,60,4
STU_09871,2.3049999999999997,89.2,39,2
STU_10004,2.6275,87.6,54,4
STU_10027,2.97,87.5,15,1
STU_10586,2.2833333333333337,85.3,48,3
STU_10705,2.91,82.5,51,3
STU_10982,2.39,82.53333333333335,30,3
STU_11303,2.9633333333333334,95.59999999999998,48,3
STU_11327,2.6133333333333333,86.75,90,6
STU_11364,2.22,84.95,36,2
STU_11439,2.76,79.19999999999999,39,3
STU_11531,1.8533333333333335,85.03333333333333,48,3
STU_11916,3.18,89.33333333333333,114,6
STU_12013,2.8049999999999997,90.30000000000001,21,2
STU_12037,2.4425,91.44999999999999,45,4
STU_12609,2.88,95.9,12,1
STU_13136,2.974285714285714,82.15714285714284,105,7
STU_13197,1.8699999999999999,91.0,39,2
STU_14519,2.15,95.05000000000001,27,2
STU_14560,3.0533333333333332,88.39999999999999,45,3
STU_14704,2.861666666666667,88.55,93,6
STU_14707,1.92,87.5,18,1
STU_14714,2.981666666666667,85.55,93,6
STU_14808,2.1999999999999997,90.36666666666667,36,3
STU_14888,3.415,90.9,30,2
STU_14927,2.556,85.34,69,5
STU_15435,2.42,80.3,15,1
STU_15463,2.905714285714286,84.45714285714287,108,7
STU_15786,2.736666666666667,88.91666666666667,90,6
STU_16223,2.9537500000000003,82.45,117,8
STU_16538,1.66,92.5,18,1
STU_16773,2.514,85.63999999999999,78,5
STU_16793,2.684,83.72,78,6
STU_16951,2.95,90.1,30,2
STU_17121,2.7633333333333336,84.83333333333334,42,3
STU_17176,2.145,88.12499999999999,75,4
STU_12737,2.47,84.26666666666667,42,3
STU_15206,2.5933333333333333,88.7,42,3
STU_17142,2.6220000000000003,84.34,81,5
STU_09122,2.62,88.4,15,1
STU_09418,2.595,84.56666666666666,90,6
STU_10056,2.334,80.38,63,5
STU_10098,2.502,85.88,75,5
STU_10126,2.4059999999999997,82.67999999999999,69,5
STU_10142,2.25,86.2,36,2
STU_10214,2.8800000000000003,83.26666666666667,45,3
STU_10236,1.44,87.8,36,2
STU_10266,2.6562500000000004,88.17500000000001,117,8
STU_10371,2.4425,81.92499999999998,63,4
STU_10467,3.16,92.9,15,1
STU_10529,3.21,86.0,36,2
STU_11347,3.24,88.5,15,1
STU_11357,2.4675000000000002,87.725,60,4
STU_11401,3.08,87.46666666666665,45,3
STU_11437,2.7487500000000002,83.37499999999999,120,8
STU_11742,3.22,97.2,12,1
STU_11964,1.9766666666666666,85.23333333333333,51,3
STU_11971,2.936666666666667,87.3,45,3
STU_12576,3.2266666666666666,88.13333333333334,48,3
STU_12598,2.286,80.97999999999999,93,5
STU_12630,2.865,84.3,24,2
STU_12704,2.6814285714285715,87.51428571428572,123,7
STU_12891,3.1100000000000003,87.45,30,2
STU_12922,2.66,88.575,57,4
STU_13391,1.79,90.8,15,1
STU_13561,3.075,82.6,24,2
STU_13577,2.366,83.58000000000001,81,5
STU_13622,2.48,86.83333333333333,45,3
STU_13908,2.93,95.2,18,1
STU_14102,3.14,92.4,15,1
STU_14357,1.68,95.6,15,1
STU_14444,3.033333333333333,93.53333333333335,33,3
STU_14534,3.17,92.7,15,1
STU_14625,3.74,90.65,30,2
STU_14774,3.1799999999999997,86.55,72,6
STU_15436,2.81,85.35,30,2
STU_16236,2.1966666666666668,82.03333333333333,45,3
STU_16245,2.8333333333333335,84.18333333333334,75,6
STU_16942,2.301428571428571,86.0,105,7
STU_17115,2.8100000000000005,88.7,63,4
STU_17154,2.731666666666667,83.88333333333334,90,6
STU_17283,2.725,87.91666666666667,75,6
STU_16007,2.46,90.6,18,1
STU_08924,2.77,91.9,18,1
STU_09001,2.5228571428571427,77.32857142857142,105,7
STU_09619,2.955,86.325,60,4
STU_10022,2.51,86.57500000000002,60,4
STU_10148,2.9299999999999997,86.5,42,3
STU_10221,2.3325,76.05000000000001,60,4
STU_10351,3.0700000000000003,88.46666666666665,39,3
STU_10488,1.9049999999999998,86.6,27,2
STU_10569,2.875,83.18333333333332,87,6
STU_10652,2.555,81.73333333333333,90,6
STU_10670,2.2266666666666666,91.36666666666667,51,3
STU_10860,3.29,93.4,12,1
STU_10891,2.3033333333333332,88.2,33,3
STU_11182,3.325,90.2,33,2
STU_11279,3.1500000000000004,88.85,27,2
STU_11488,3.3483333333333327,77.21666666666665,75,6
STU_11704,3.16,85.36666666666667,39,3
STU_11842,2.65,88.8,18,1
STU_11891,2.405,83.9,60,4
STU_11977,2.07,87.06666666666666,48,3
STU_12378,2.725,84.4,60,4
STU_12873,2.8800000000000003,89.10000000000001,45,3
STU_12927,3.1783333333333332,83.96666666666667,87,6
STU_13036,2.32,92.7,15,1
STU_13256,2.7439999999999998,86.22,60,5
STU_13641,2.5666666666666664,92.7,45,3
STU_13733,2.8449999999999998,86.05,24,2
STU_13853,2.873333333333333,87.76666666666667,48,3
STU_14204,2.055,80.30000000000001,36,2
STU_14360,2.87,93.35,30,2
STU_14421,2.318,78.16,75,5
STU_14437,2.745,76.15,63,4
STU_14448,2.4775,90.275,78,4
STU_14576,2.29,84.5,18,1
STU_14673,2.89875,77.80000000000001,114,8
STU_14812,3.44,77.35,30,2
STU_15522,3.1740000000000004,85.92000000000002,72,5
STU_15713,3.58,90.4,15,1
STU_15716,2.8066666666666666,89.5,60,3
STU_15896,2.946,81.75999999999999,75,5
STU_15997,2.335,87.21666666666665,93,6
STU_16264,2.4099999999999997,85.08333333333333,72,6
STU_16455,2.3600000000000003,79.05000000000001,36,2
STU_16659,2.485,84.16666666666667,72,6
STU_16740,2.0766666666666667,83.83333333333333,45,3
STU_16806,2.8085714285714283,81.3142857142857,105,7
STU_16814,2.41,81.4,15,1
STU_16892,2.9939999999999998,86.96,78,5
STU_17309,3.0185714285714282,84.84285714285714,105,7
STU_17397,2.59,90.09999999999998,45,3
STU_12845,3.016666666666666,84.30000000000001,93,6
STU_08896,2.4880000000000004,81.06,69,5
STU_09223,2.6325,86.85,57,4
STU_09419,2.646666666666667,88.71666666666668,78,6
STU_09908,2.62,85.2,15,1
STU_09914,1.96,80.2,15,1
STU_10476,2.9875,87.7,57,4
STU_10804,3.07,94.2,18,1
STU_10936,3.13,86.5,75,5
STU_11382,2.9200000000000004,90.62,69,5
STU_11697,2.2439999999999998,83.44,66,5
STU_12528,2.9375000000000004,91.57500000000002,57,4
STU_12624,2.4600000000000004,85.7,33,3
STU_12759,3.28,90.4,15,1
STU_14095,2.757142857142857,80.37142857142858,78,7
STU_14427,2.6975000000000002,82.3,99,8
STU_14502,3.51,95.3,15,1
STU_14631,3.32,92.3,15,1
STU_14731,1.705,85.5,30,2
STU_14877,2.7249999999999996,87.28333333333332,78,6
STU_15440,2.392857142857143,80.74285714285715,105,7
STU_15733,2.8066666666666666,83.4,48,3
STU_15840,2.8000000000000003,83.53333333333335,48,3
STU_15883,1.985,82.425,72,4
STU_15945,2.0300000000000002,90.1,30,2
STU_16180,2.67,86.7,30,2
STU_16622,2.31,93.1,9,1
STU_16975,2.9225,92.075,60,4
STU_17125,2.0700000000000003,82.7,24,2
STU_15145,2.265,80.375,96,8
STU_15906,3.4225,89.1,63,4
STU_08987,2.5700000000000003,87.5,30,2
STU_09163,2.8433333333333337,86.73333333333335,36,3
STU_09979,3.12,95.2,15,1
STU_10019,3.16,86.60000000000001,105,7
STU_10039,2.8985714285714286,85.38571428571427,84,7
STU_10188,2.5416666666666665,86.85000000000001,75,6
STU_10196,3.495,84.9,30,2
STU_10379,2.8757142857142854,86.35714285714286,102,7
STU_10633,2.7449999999999997,81.0625,99,8
STU_10654,2.22,85.8,18,1
STU_10934,2.89,89.47142857142856,135,7
STU_10976,3.0949999999999998,86.35000000000001,48,4
STU_11030,2.7585714285714285,83.18571428571428,126,7
STU_11244,2.195,79.375,48,4
STU_11481,3.2299999999999995,88.35000000000001,60,4
STU_11597,2.3074999999999997,79.9,75,4
STU_11937,3.194,91.3,69,5
STU_12079,2.63875,80.22500000000001,120,8
STU_12254,2.3649999999999998,81.45,93,6
STU_12316,2.6342857142857143,80.24285714285713,78,7
STU_12720,2.7012500000000004,86.4375,123,8
STU_12842,2.7183333333333337,87.84999999999998,93,6
STU_12872,2.8560000000000003,87.47999999999999,57,5
STU_12984,2.924285714285714,78.5,81,7
STU_12990,2.64,91.4,21,1
STU_13856,1.75,96.1,18,1
STU_14098,2.2875,87.47500000000001,63,4
STU_14350,2.9566666666666666,87.89999999999999,48,3
STU_14367,2.94,81.0125,90,8
STU_14439,3.13,85.75,36,2
STU_14443,2.762857142857143,77.54285714285713,108,7
STU_14469,3.1624999999999996,85.2875,90,8
STU_14486,2.6100000000000003,81.0,66,4
STU_14620,2.79,84.17999999999999,72,5
STU_14801,3.526666666666667,93.83333333333333,54,3
STU_15068,2.58375,78.7875,123,8
STU_15089,2.56,92.3,15,1
STU_15505,2.5216666666666665,84.26666666666667,90,6
STU_15851,2.94,85.23333333333333,42,3
STU_15859,3.215,89.425,60,4
STU_15876,2.825,78.25,30,2
STU_16251,2.1999999999999997,86.27142857142856,90,7
STU_16447,1.79,87.95,36,2
STU_16624,3.4525,85.4,45,4
STU_16805,2.045,91.19999999999999,36,2
STU_16837,2.785,78.9,24,2
STU_16992,2.966666666666667,83.10000000000001,33,3
STU_16998,2.36,83.8,12,1
STU_17090,2.89,96.3,18,1
STU_17260,2.562857142857143,84.08571428571427,108,7
STU_17363,2.835,76.4875,144,8
STU_17461,1.8399999999999999,80.30000000000001,72,4
STU_15208,2.51,75.85,48,4
STU_09044,2.7099999999999995,84.89999999999999,45,3
STU_09284,2.4266666666666663,91.06666666666668,45,3
STU_09361,2.102,84.03999999999999,87,6
STU_09588,2.654,85.82,69,5
STU_09662,2.4219999999999997,85.4,81,5
STU_09690,2.366,86.72,72,5
STU_09993,1.79,85.9,15,1
STU_10558,2.782857142857143,83.37142857142858,84,7
STU_10574,2.6733333333333333,79.88333333333333,111,6
STU_11172,2.91,87.4,15,1
STU_11267,3.2,80.7,12,1
STU_11341,2.29,85.4125,93,8
STU_11444,2.7837499999999995,78.7875,90,8
STU_11998,2.5387500000000003,84.075,117,8
STU_12232,3.1825,87.18749999999999,117,8
STU_12346,2.776666666666667,85.43333333333334,45,3
STU_12621,2.8120000000000003,81.4,60,5
STU_13111,2.54,85.4,12,1
STU_13365,3.2439999999999998,80.72,63,5
STU_13446,2.1987500000000004,81.83749999999999,129,8
STU_13996,2.7800000000000002,86.32000000000001,72,5
STU_14390,2.9725,85.8,120,8
STU_14454,2.79,83.1,120,8
STU_14848,2.775,81.275,57,4
STU_15022,3.36,94.5,30,2
STU_15180,3.4500000000000006,87.03333333333335,36,3
STU_15609,1.7799999999999998,88.35,36,2
STU_15711,2.285,80.39999999999999,63,4
STU_16474,2.7119999999999997,85.12,66,5
STU_16635,2.825,90.8,33,2
STU_16781,2.1933333333333334,76.38333333333333,93,6
STU_16786,2.3049999999999997,82.0,33,2
STU_17007,2.6766666666666663,82.33333333333333,84,6
STU_17186,2.94,85.75,30,2
STU_17299,2.565,85.675,63,4
STU_17391,3.355,91.35,27,2
STU_14602,2.925,90.45,36,2
STU_15189,2.4560000000000004,85.62,75,5
STU_15319,3.06,91.6,15,1
STU_16009,2.5300000000000002,87.88000000000001,78,5
STU_16505,2.77,86.13333333333334,45,3
STU_09057,2.865,87.69999999999999,24,2
STU_09288,3.22,87.8,15,1
STU_10085,3.0833333333333335,87.43333333333332,45,3
STU_10163,2.4850000000000003,84.9,33,2
STU_10285,2.35,89.1,18,1
STU_10501,2.9050000000000002,88.025,60,4
STU_10701,1.842,77.5,93,5
STU_10873,2.745,88.2,27,2
STU_11058,2.618,81.7,75,5
STU_11333,2.5300000000000002,85.975,48,4
STU_11506,2.8016666666666663,82.90000000000002,90,6
STU_11587,2.65,84.1,15,1
STU_11590,2.615,84.35,33,2
STU_11873,3.0700000000000003,85.94000000000001,72,5
STU_11960,2.46,82.0,30,2
STU_12062,2.406,81.28,72,5
STU_12126,2.315,84.125,54,4
STU_12324,3.018333333333333,81.95,90,6
STU_12394,3.0040000000000004,81.44,75,5
STU_12727,2.604,88.54,78,5
STU_13149,2.9,92.5,18,1
STU_13164,3.32,76.7,30,2
STU_13175,2.01,81.0,15,1
STU_13337,2.785,84.94999999999999,36,2
STU_13587,2.5100000000000002,89.48333333333333,84,6
STU_13705,3.188333333333333,86.91666666666667,87,6
STU_13969,3.195,86.45,39,2
STU_14016,2.87,86.8,21,1
STU_14052,2.4675,85.175,60,4
STU_14546,2.815,86.75,36,2
STU_14592,3.0749999999999997,88.18333333333334,87,6
STU_14634,2.33,88.60000000000001,33,3
STU_14836,3.063333333333333,90.59999999999998,48,3
STU_15012,2.80125,77.15,114,8
STU_15176,1.9833333333333332,89.06666666666666,93,6
STU_15723,2.84125,87.775,120,8
STU_15787,2.875,87.0,30,2
STU_15800,2.164285714285714,81.94285714285715,108,7
STU_15839,2.51,85.4,15,1
STU_15877,2.9375000000000004,87.4375,120,8
STU_15881,2.625,75.4,60,4
STU_16752,3.1,94.2,18,1
STU_17198,2.55875,92.95000000000002,147,8
STU_13225,2.97,88.39999999999999,123,8
STU_08958,1.84,77.76666666666667,45,3
STU_09047,2.563333333333333,84.71666666666667,90,6
STU_09746,3.114,90.58,72,5
STU_09942,3.69,94.9,15,1
STU_10002,2.8833333333333333,85.10000000000001,48,3
STU_10049,2.88,79.2,12,1
STU_10373,2.585714285714286,83.92857142857142,105,7
STU_10572,2.4966666666666666,84.63333333333333,42,3
STU_10983,2.548,91.97999999999999,60,5
STU_11485,3.0300000000000002,87.75,24,2
STU_11535,2.6325,87.12500000000001,57,4
STU_11959,2.8,82.925,60,4
STU_12084,2.26,88.0,18,1
STU_12288,2.592857142857143,84.2,105,7
STU_12454,2.61,87.65714285714286,120,7
STU_12596,2.4,83.1,45,3
STU_12760,1.9175,83.475,99,8
STU_13234,2.7157142857142857,84.95714285714287,105,8
STU_13602,2.6250000000000004,77.7,69,6
STU_13623,3.15,89.6,18,1
STU_13638,2.444,84.2,72,5
STU_13769,2.79,88.9,30,2
STU_13879,3.54,90.4,15,1
STU_14562,2.6775,81.8,114,8
STU_14563,3.465,82.5,30,2
STU_14965,2.322,92.75999999999999,78,5
STU_15091,2.214,78.08000000000001,93,5
STU_15403,2.705714285714286,81.88571428571427,102,8
STU_15474,2.7239999999999998,84.17999999999999,87,5
STU_15897,2.8366666666666673,83.48333333333333,90,6
STU_16085,2.01,82.7,18,1
STU_16089,2.298,82.75999999999999,90,5
STU_16348,2.668333333333333,83.10000000000001,99,6
STU_16437,2.4979999999999998,88.54,90,5
STU_17006,3.1266666666666665,89.76666666666667,36,3
STU_17031,3.09,85.7,15,1
STU_17448,2.87,89.94999999999999,33,2
STU_17543,2.9633333333333334,87.13333333333333,93,6
STU_12729,3.0725,79.32499999999999,99,8
STU_13022,3.2824999999999998,87.275,72,4
STU_14611,2.455,81.80000000000001,63,4
STU_15903,2.705,83.10000000000001,57,4
STU_16596,3.13,92.7,12,1
STU_09058,2.33,86.59999999999998,36,3
STU_09150,2.56,92.2,15,1
STU_09378,2.835,88.475,57,4
STU_09449,2.7416666666666667,86.46666666666665,87,6
STU_10038,3.085,91.15,33,2
STU_10353,2.3833333333333333,85.93333333333334,48,3
STU_10377,3.1825,88.95,51,4
STU_10909,2.452,82.14,93,5
STU_11156,2.13,92.5,18,1
STU_11363,2.0237499999999997,83.4625,120,8
STU_12317,2.562,76.9,75,5
STU_12444,2.45,84.2,15,1
STU_12485,3.206666666666667,84.83333333333333,45,3
STU_12551,3.1050000000000004,92.7,33,2
STU_12587,3.51,90.3,42,3
STU_13327,2.822,84.91999999999999,93,5
STU_13888,2.825,93.85,33,2
STU_14118,3.6550000000000002,86.35,30,2
STU_14376,3.0319999999999996,80.74000000000001,75,5
STU_14465,3.13,89.3,15,1
STU_14873,2.5385714285714287,81.77142857142857,105,7
STU_14898,2.423333333333334,82.33333333333334,39,3
STU_15169,3.13,92.5,12,1
STU_15193,2.3833333333333333,93.66666666666667,45,3
STU_16540,2.05,79.72,93,5
STU_16713,2.125,87.44999999999999,33,2
STU_17274,3.2249999999999996,87.075,69,4
STU_17399,2.6966666666666668,86.61666666666667,114,6
STU_15939,2.9166666666666665,85.39999999999999,33,3
STU_08897,2.3916666666666666,85.58333333333333,90,6
STU_09584,2.491428571428571,80.17142857142858,102,7
STU_09661,3.07,92.175,45,4
STU_09957,1.98,85.5,15,1
STU_10241,3.33,92.0,15,1
STU_10352,2.5566666666666666,89.23333333333333,36,3
STU_10368,2.5342857142857143,81.41428571428573,111,7
STU_10650,2.7642857142857147,80.01428571428572,102,7
STU_10690,2.8325,79.1,60,4
STU_10952,2.5124999999999997,84.525,63,4
STU_11513,2.312857142857143,89.3142857142857,105,7
STU_11693,2.455,91.175,60,4
STU_11870,2.7399999999999998,86.5625,96,8
STU_12097,2.77,88.6,12,2
STU_12295,2.8557142857142854,82.35714285714286,123,7
STU_12407,2.465,76.65,30,2
STU_12622,3.053333333333333,84.83333333333333,105,6
STU_12684,2.5883333333333334,84.35000000000001,93,6
STU_12804,2.49,87.6,18,1
STU_12856,1.666,89.6,90,5
STU_12970,2.795,90.85,39,2
STU_13004,2.72,82.6,84,6
STU_13267,2.31,84.05999999999999,72,5
STU_13277,2.855,83.75,27,2
STU_13334,2.415,86.05000000000001,30,2
STU_13574,2.9999999999999996,79.02857142857142,87,7
STU_13647,2.9400000000000004,81.0,24,2
STU_13702,2.6774999999999998,85.275,57,4
STU_14635,3.021666666666667,80.73333333333333,90,6
STU_14751,3.1550000000000002,89.55,30,2
STU_14907,2.7699999999999996,87.425,51,4
STU_14926,2.61,92.1,15,1
STU_14955,3.2733333333333334,86.71666666666668,69,6
STU_15095,2.95,80.9,18,1
STU_15510,2.6279999999999997,80.46000000000001,57,5
STU_15712,3.51,88.325,60,4
STU_15735,2.4174999999999995,87.61250000000001,117,8
STU_15933,2.66,85.375,48,4
STU_16235,2.08,85.2,18,1
STU_16357,3.2725,85.97500000000001,69,4
STU_16440,2.06,83.01666666666667,114,6
STU_17318,2.391666666666667,86.21666666666665,93,6
STU_17611,3.35,78.425,48,4
STU_12072,2.715,90.35,36,2
STU_15123,2.8360000000000003,83.84,75,5
STU_09086,2.64,85.3,15,1
STU_09855,2.968,80.84,75,5
STU_10099,2.405,83.2,57,4
STU_10140,3.48,89.6,36,2
STU_10660,3.25,96.9,12,1
STU_10770,2.5624999999999996,90.17499999999998,117,8
STU_10788,3.0687499999999996,81.15,102,8
STU_10851,2.6450000000000005,93.825,48,4
STU_11203,2.7133333333333334,84.55,90,6
STU_11578,3.075,82.35,117,8
STU_11745,2.97875,80.8625,120,8
STU_11962,2.5949999999999998,86.6,33,2
STU_12095,2.74,86.6,12,1
STU_12273,2.6199999999999997,81.39999999999999,45,3
STU_12412,2.3614285714285717,78.12857142857142,108,7
STU_12468,2.8362499999999997,86.6625,120,8
STU_12525,3.355,89.8,27,2
STU_12938,3.2833333333333337,80.10000000000001,45,3
STU_13059,2.5949999999999998,90.25,30,2
STU_13564,2.4379999999999997,86.4,75,5
STU_13582,2.154285714285714,83.85714285714286,81,7
STU_13646,3.15,84.94,75,5
STU_13711,3.075,83.7,30,2
STU_13971,2.29,92.65,30,2
STU_14193,3.426666666666667,90.43333333333334,48,3
STU_14462,3.3825000000000003,85.975,60,4
STU_14566,2.8200000000000003,90.92499999999998,120,8
STU_14691,1.4275,85.92500000000001,72,4
STU_14760,2.6449999999999996,83.825,60,4
STU_15094,3.0100000000000002,78.8,48,4
STU_15756,2.1250000000000004,87.83333333333333,111,6
STU_15780,2.7428571428571433,85.54285714285713,105,7
STU_15888,2.73,89.89999999999999,102,7
STU_16010,3.3,88.8,24,2
STU_16220,2.55875,88.025,123,8
STU_16372,2.66,82.1,15,1
STU_16374,2.39,92.0,18,1
STU_17010,3.025,82.0,30,2
STU_17127,2.6340000000000003,87.64,90,5
STU_17280,2.3725,91.475,57,4
STU_17477,2.2933333333333334,81.03333333333333,87,6
STU_12714,3.11,86.85714285714286,105,7
STU_12798,3.052,84.81999999999998,75,5
STU_15999,2.8,93.80000000000001,30,2
STU_17145,3.1,93.1,18,1
STU_17204,3.43,90.5,15,1
STU_17506,3.325,88.55,27,2
STU_17511,2.4,78.4,30,2
STU_08925,3.21,87.7,18,1
STU_09045,3.31,92.95,30,2
STU_09155,2.3337499999999998,79.45000000000002,147,8
STU_09323,2.905,86.0125,120,8
STU_09489,1.825,85.85,36,2
STU_09495,2.43,90.0,18,1
STU_09498,3.1775,93.35,60,4
STU_09551,3.545,84.95,27,2
STU_09977,2.915714285714286,82.97142857142856,102,7
STU_10113,2.6,87.1,30,2
STU_10412,2.8699999999999997,82.14285714285712,105,7
STU_10708,2.85625,86.54999999999998,144,8
STU_10720,2.2199999999999998,87.45,24,2
STU_10864,2.776666666666667,88.43333333333332,57,3
STU_10913,2.31,90.0,12,1
STU_10935,3.1185714285714283,85.12857142857142,108,7
STU_10965,2.6214285714285714,82.24285714285715,87,7
STU_11648,2.2,100.0,18,1
STU_11685,3.3899999999999997,84.4,63,4
STU_11785,3.06,90.6,15,1
STU_11936,3.0460000000000003,79.84,75,5
STU_12296,1.315,75.44999999999999,36,2
STU_12831,2.435,85.45,30,2
STU_12881,2.0733333333333333,87.0,36,3
STU_12911,2.41,89.09999999999998,48,3
STU_13134,2.9771428571428573,81.8,81,7
STU_13191,3.2037500000000003,85.875,150,8
STU_13292,2.934,81.03999999999999,75,5
STU_13435,2.77,96.7,12,1
STU_13691,2.725,79.85,72,6
STU_13721,3.2271428571428564,87.87142857142855,102,7
STU_13854,2.67,92.8,15,1
STU_14073,2.645,80.65,24,2
STU_14929,2.5100000000000002,80.825,60,4
STU_15347,2.86,92.1,15,1
STU_15470,2.326,81.67999999999999,72,5
STU_15666,2.85,88.83333333333333,45,3
STU_15772,2.5420000000000003,78.32000000000001,75,5
STU_15932,2.6599999999999997,86.06250000000001,120,8
STU_16048,3.1559999999999997,85.96,60,5
STU_16487,2.916,90.84,75,5
STU_16638,2.0287499999999996,83.075,117,8
STU_16855,2.7399999999999998,88.875,102,8
STU_17113,2.77,89.05,39,2
STU_17155,2.215,81.25,33,2
STU_17427,2.73,91.7,12,1
STU_12854,2.94,83.82,75,5
STU_13525,3.127142857142857,85.75714285714287,108,7
STU_15926,2.9166666666666665,93.40000000000002,108,6
STU_08883,2.37,79.675,57,4
STU_08887,3.1362499999999995,85.16250000000001,102,8
STU_08957,3.405,85.4,24,2
STU_09028,2.4524999999999997,90.44999999999999,60,4
STU_09134,2.0833333333333335,81.5,45,3
STU_09215,3.4,85.1,15,1
STU_09373,2.6037500000000002,86.7,120,8
STU_09481,2.5450000000000004,90.02499999999999,123,8
STU_09684,2.51375,84.175,114,8
STU_09767,2.375,84.95,30,2
STU_10145,3.03,88.4,18,1
STU_10159,3.0066666666666664,79.7,45,3
STU_10171,3.35,94.5,18,1
STU_10309,3.3533333333333335,90.93333333333334,48,3
STU_10669,3.65,82.2,18,1
STU_10899,3.15125,84.55,102,8
STU_11049,2.2150000000000003,76.53333333333335,90,6
STU_11219,3.55,87.19999999999999,30,2
STU_11307,2.37,83.725,60,4
STU_11483,2.745,91.05,33,2
STU_12022,2.89375,84.5625,138,8
STU_12312,2.6425,82.625,60,4
STU_12510,2.6,84.6,15,1
STU_12516,1.9914285714285715,82.11428571428573,135,7
STU_12745,1.55,91.0,21,1
STU_13104,2.23,87.5,60,3
STU_13518,2.6500000000000004,84.25,30,2
STU_13816,3.77,88.9,18,1
STU_13884,2.642857142857143,80.22857142857143,84,7
STU_14001,2.5375,93.125,54,4
STU_14175,3.2125,86.02499999999999,63,4
STU_14214,2.5533333333333332,88.56666666666666,45,3
STU_14235,2.1750000000000003,73.85,57,4
STU_14268,1.88,74.5,15,1
STU_14426,2.836,92.86,78,5
STU_14923,2.94,92.67999999999999,75,5
STU_15031,2.1,93.5,15,1
STU_16123,2.8,90.6,15,1
STU_16204,2.4899999999999998,88.93333333333334,54,3
STU_16210,3.0,85.9,18,1
STU_16286,2.08,85.1,18,1
STU_16466,2.65,83.64,84,5
STU_16801,2.35,90.1,15,1
STU_17574,2.674,75.14000000000001,81,5
STU_17589,2.875,83.11666666666666,96,6
STU_13322,3.2199999999999998,84.8,21,2
STU_15128,2.0862499999999997,71.4125,117,8
STU_16627,2.45,84.4,15,1
STU_17157,2.6550000000000002,89.55000000000001,24,2
STU_17340,3.01,93.7,15,1
STU_17342,2.925714285714286,84.74285714285713,105,7
STU_17356,3.0575,85.65,51,4
STU_08990,2.5300000000000002,88.96,72,5
STU_09139,2.255,87.31666666666668,105,6
STU_09182,2.542,84.52000000000001,72,5
STU_09671,2.57,92.3,18,1
STU_09694,2.5866666666666664,87.78333333333332,69,6
STU_09741,2.1333333333333333,83.83333333333333,54,3
STU_10031,2.235,90.3,78,4
STU_10288,2.255,87.30000000000001,36,2
STU_10526,3.24,84.85,30,2
STU_10832,3.7,99.3,18,1
STU_11457,2.065,85.67500000000001,75,4
STU_11529,1.67,79.95,36,2
STU_11726,1.9799999999999998,88.8,45,3
STU_11852,2.893333333333333,83.83333333333333,36,3
STU_12372,2.74,83.725,63,4
STU_12462,2.44,84.05,30,2
STU_12523,2.707142857142857,78.48571428571428,87,7
STU_12625,3.313333333333333,88.56666666666668,45,3
STU_12656,3.1225,81.25,63,4
STU_12937,2.1333333333333333,82.93333333333334,45,3
STU_13044,3.0216666666666665,85.86666666666667,90,6
STU_13157,2.66,83.47500000000001,60,4
STU_13253,2.6912500000000006,84.4625,141,8
STU_13290,3.1725,82.39999999999999,60,4
STU_13389,2.715,87.95,30,2
STU_13514,3.0933333333333333,90.06666666666666,42,3
STU_13608,2.5,82.8,15,1
STU_13715,2.525,90.375,60,4
STU_13745,2.38,88.05000000000001,36,2
STU_13957,1.906666666666667,82.06666666666668,54,3
STU_14433,2.95,79.925,60,4
STU_14733,1.8733333333333333,84.2,45,3
STU_14770,2.3440000000000003,80.88,72,5
STU_15261,1.66,86.5,18,1
STU_15305,2.71,83.2,120,8
STU_15338,2.55,92.6,12,1
STU_15386,2.7649999999999997,85.925,63,4
STU_15428,3.03,93.6,12,1
STU_15460,2.79,81.6,12,1
STU_15464,3.025,86.15,30,2
STU_15516,2.4,95.4,15,1
STU_15607,2.7359999999999998,83.17999999999999,84,5
STU_15726,3.62,97.7,15,1
STU_15943,2.423333333333334,83.43333333333332,33,3
STU_16001,3.49,91.7,18,1
STU_16004,2.6025,83.55,117,8
STU_16019,3.31,90.23333333333333,51,3
STU_16192,2.4850000000000003,90.3,39,2
STU_16209,2.44125,91.525,114,8
STU_16269,3.4050000000000002,89.95000000000002,57,4
STU_17086,1.87,91.55000000000001,33,2
STU_17267,2.9499999999999997,92.0,45,3
STU_17289,3.08,90.8,15,1
STU_17446,2.41,94.7,12,1
STU_13320,2.6999999999999997,80.41666666666667,90,6
STU_16159,2.9424999999999994,86.98749999999998,120,8
STU_16954,2.6675,80.07499999999999,45,5
STU_17259,1.8866666666666667,85.51666666666665,90,6
STU_08869,3.0875,88.19999999999999,72,4
STU_09439,2.5866666666666664,78.78333333333333,90,6
STU_09591,2.0233333333333334,87.7,51,3
STU_09668,2.99,94.6,15,1
STU_09765,2.8725,82.95000000000002,57,4
STU_09772,3.1566666666666663,91.96666666666665,36,3
STU_09817,2.51375,85.75000000000001,144,8
STU_09872,2.694,80.14,75,5
STU_09909,2.54,96.3,15,1
STU_09928,2.9557142857142855,83.84285714285714,105,7
STU_10082,2.785,91.1,30,2
STU_10160,3.0324999999999998,83.62500000000001,123,8
STU_10193,2.3175,87.725,57,4
STU_10347,3.0016666666666665,83.13333333333334,87,6
STU_10535,2.725,93.1,24,2
STU_10668,3.425,83.8,30,2
STU_10798,3.1366666666666667,82.60000000000001,36,3
STU_10910,3.4925,86.3,60,4
STU_11005,3.01,92.0,15,1
STU_11232,3.2657142857142856,82.88571428571429,105,7
STU_11467,2.5985714285714283,82.47142857142858,102,7
STU_11518,3.3049999999999997,85.32500000000002,60,4
STU_11643,2.6485714285714286,83.72857142857143,102,7
STU_11746,2.493333333333333,91.0,51,3
STU_11855,2.2566666666666664,84.46666666666668,90,6
STU_12190,2.6333333333333333,83.03333333333335,93,6
STU_12385,3.0425,85.05000000000001,45,4
STU_12515,3.07,86.1,18,1
STU_13009,2.355,92.75,27,2
STU_13102,2.7133333333333334,86.43333333333334,45,3
STU_13710,3.625,87.95,30,2
STU_13809,3.28,85.4,18,1
STU_13990,2.6179999999999994,87.54,72,5
STU_14030,2.99,76.4,15,1
STU_14578,2.8433333333333333,80.43333333333334,45,3
STU_14960,2.8466666666666662,86.86666666666667,45,3
STU_15238,2.4566666666666666,85.68333333333334,105,6
STU_15365,2.6466666666666665,88.83333333333333,54,3
STU_15801,3.1279999999999997,88.4,72,5
STU_16381,2.675,90.3,30,2
STU_17114,2.43,88.5,18,1
STU_17263,3.0675,84.9625,123,8
STU_17358,3.39,81.2,12,1
STU_08956,2.7249999999999996,90.75,24,2
STU_09050,2.7712499999999998,84.0125,123,8
STU_09334,3.43,88.13333333333333,45,3
STU_09660,2.6799999999999997,89.6,30,2
STU_09840,2.07625,77.66250000000001,150,8
STU_09886,2.755,86.6,30,2
STU_10124,2.255,83.625,63,4
STU_10591,2.4899999999999998,89.90000000000002,54,3
STU_10858,2.925,87.95,30,2
STU_10874,2.9812499999999997,87.0875,123,8
STU_10996,2.5524999999999998,82.85,57,4
STU_11181,2.3233333333333333,88.13333333333333,57,3
STU_11207,2.745,92.9,33,2
STU_11402,2.6233333333333335,83.83333333333333,45,3
STU_11434,3.428,88.22,75,5
STU_11519,2.273333333333333,79.99999999999999,30,3
STU_11579,2.6474999999999995,87.21249999999999,102,8
STU_11713,2.55,86.9,15,1
STU_11758,3.216666666666667,87.33333333333333,45,3
STU_11968,2.5500000000000003,82.60000000000001,33,3
STU_12111,2.2975000000000003,85.85,60,5
STU_12482,2.58875,85.07499999999999,138,8
STU_12652,3.23,88.10000000000001,45,3
STU_12898,3.05,95.05,30,2
STU_12997,2.1,80.77499999999999,60,4
STU_13006,2.8049999999999997,93.15,36,2
STU_13017,3.095,86.94999999999999,60,4
STU_13278,3.09,81.63333333333334,42,3
STU_13376,1.6683333333333332,80.65,105,6
STU_13434,2.6499999999999995,88.46,75,5
STU_13493,2.4233333333333333,86.56666666666666,48,3
STU_13616,3.1500000000000004,87.9,30,2
STU_13703,2.88,77.5,15,1
STU_13795,2.966666666666667,85.53333333333335,42,3
STU_13850,2.5,86.93333333333332,45,3
STU_13985,3.158333333333333,90.3,90,6
STU_14470,3.03,85.8,15,1
STU_14559,2.8375,86.725,75,4
STU_14777,2.316666666666667,88.96666666666668,54,3
STU_15049,2.175,83.1,33,2
STU_15330,2.91,92.4,15,1
STU_15571,2.513333333333333,85.68333333333334,90,6
STU_15575,2.703333333333333,91.26666666666667,54,3
STU_16120,2.956,81.1,60,5
STU_16496,2.5575,85.825,57,4
STU_16524,2.8362499999999997,81.55,102,8
STU_16642,3.4075,88.02499999999999,57,4
STU_16966,3.2825,85.35,57,4
STU_16983,2.4450000000000003,89.75,27,2
STU_17306,3.175,92.4,30,2
STU_15248,2.46625,85.48750000000001,93,8
STU_09295,3.224285714285714,89.62857142857142,84,7
STU_09469,2.4475,79.6125,117,8
STU_09556,2.5300000000000002,78.85,63,4
STU_09595,2.78875,82.9625,123,8
STU_09722,2.893333333333333,79.43333333333334,45,3
STU_10009,2.5585714285714283,82.72857142857141,129,7
STU_10152,2.982,89.52000000000001,72,5
STU_10179,2.23,92.0,15,1
STU_10307,2.746,81.96000000000001,75,5
STU_10444,2.702,84.16,78,5
STU_10494,3.0975,82.55000000000001,60,4
STU_10607,3.0485714285714285,89.35714285714286,102,7
STU_10640,3.224285714285714,91.64285714285714,111,7
STU_10763,2.48125,83.825,123,8
STU_10908,2.93,86.3,18,1
STU_11266,2.72,91.2,15,1
STU_11313,2.69,89.9,15,1
STU_11316,2.83375,86.61250000000001,90,8
STU_11438,2.75,83.75,24,2
STU_11681,1.6460000000000001,84.4,75,5
STU_11744,2.5783333333333336,87.48333333333333,90,6
STU_11809,3.44,86.35,21,2
STU_11930,3.2300000000000004,90.9,60,4
STU_12015,2.8466666666666662,84.43333333333334,45,3
STU_12058,2.11,84.45,27,2
STU_12096,2.2,76.1,18,1
STU_12143,3.0866666666666664,84.0,33,3
STU_12348,3.074,87.42,69,5
STU_12882,3.29,87.6,12,1
STU_12935,2.956666666666667,83.60000000000001,36,3
STU_12949,2.28,84.1,15,1
STU_13055,2.16,90.4,15,1
STU_13066,2.985,92.53333333333332,108,6
STU_13393,2.185,90.6,30,2
STU_13427,2.768,88.62,78,5
STU_13554,2.885,83.02499999999999,63,4
STU_13960,2.948571428571429,89.74285714285713,90,7
STU_13987,2.856,88.42,60,5
STU_14009,1.9799999999999998,84.7,51,3
STU_14018,2.9616666666666664,84.2,72,6
STU_14231,2.75,81.9,18,1
STU_14305,3.32,96.0,15,1
STU_14581,2.46,86.5,12,1
STU_14937,2.7062500000000007,82.2375,96,8
STU_14999,2.2575,92.39999999999999,117,8
STU_15570,3.1900000000000004,81.14999999999999,60,4
STU_15687,1.6560000000000001,85.46000000000001,90,5
STU_15700,2.6133333333333333,85.60000000000001,51,3
STU_15784,3.403333333333333,86.63333333333334,57,3
STU_16351,2.225,88.35,24,2
STU_17272,2.7199999999999998,83.61428571428571,111,7
STU_08893,1.8733333333333333,79.23333333333333,108,6
STU_09203,2.63,91.16666666666667,36,3
STU_09320,2.225,86.06250000000001,144,8
STU_09360,2.75,83.3,15,1
STU_09520,2.38,86.2,15,1
STU_09550,2.4225,87.49999999999999,42,4
STU_09798,3.51,84.6,15,1
STU_10151,1.99,84.7,18,1
STU_10413,2.8200000000000003,90.7,30,2
STU_10543,3.2271428571428578,88.25714285714285,102,7
STU_10561,2.7733333333333334,85.63333333333333,33,3
STU_10664,2.4085714285714284,78.84285714285714,108,7
STU_10966,3.0025,85.075,123,8
STU_11012,2.45625,83.95,120,8
STU_11630,2.3871428571428575,82.8,87,7
STU_11709,3.22,91.725,48,4
STU_12159,2.37,91.1,30,2
STU_12211,2.04,97.0,33,2
STU_12230,2.25,85.1,18,1
STU_12245,1.99,81.56666666666668,111,6
STU_12924,2.79,91.0,18,1
STU_12988,2.815,85.46249999999999,138,8
STU_13182,2.575,83.65,30,2
STU_13540,3.1224999999999996,82.1125,120,8
STU_13756,2.8649999999999998,86.78333333333332,111,6
STU_13774,3.1975,80.14999999999999,60,4
STU_13793,2.438,81.8,90,5
STU_14089,2.9124999999999996,82.35,141,8
STU_14210,3.203333333333333,97.96666666666665,45,3
STU_14512,2.37,81.875,60,4
STU_14588,3.125,90.975,57,4
STU_14621,2.74,78.94999999999999,27,2
STU_14811,2.785,84.125,60,4
STU_14866,2.8,87.0,12,1
STU_15210,3.235,91.69999999999999,27,2
STU_15420,3.58,90.55000000000001,30,2
STU_15454,3.1325,88.8,48,4
STU_15469,2.6533333333333333,85.56666666666666,42,3
STU_15619,2.493333333333333,85.33333333333333,54,3
STU_15652,3.01,88.7,15,1
STU_15880,2.3983333333333334,83.58333333333333,90,6
STU_16058,2.73,86.5,12,1
STU_16124,3.1550000000000002,79.725,51,4
STU_16338,2.37875,77.3125,126,8
STU_16428,2.47,87.3,18,1
STU_16501,2.8825000000000003,78.825,45,4
STU_16742,2.3449999999999998,83.575,72,4
STU_17045,2.77,95.23333333333333,45,3
STU_17076,2.67,98.0,15,1
STU_17273,3.255,90.6,33,2
STU_17449,2.8242857142857143,89.39999999999999,99,7
STU_17452,2.7314285714285718,80.22857142857141,84,7
STU_14616,2.9850000000000003,79.65,27,2
STU_08947,2.21,81.45,33,2
STU_08985,3.15,87.5,18,1
STU_09100,3.066,92.16,72,5
STU_09346,2.72,86.6,18,1
STU_09450,2.29,85.1,18,1
STU_09605,2.5362500000000003,81.275,117,8
STU_09711,3.1385714285714283,85.07142857142856,105,7
STU_10596,2.8724999999999996,83.625,96,8
STU_10609,2.6999999999999997,83.28333333333333,84,6
STU_11076,2.66,90.44999999999999,30,2
STU_11284,2.832,80.76000000000002,57,5
STU_11468,2.74875,84.9375,120,8
STU_11706,2.5866666666666664,84.60000000000001,48,3
STU_11875,2.95,89.4,15,1
STU_12053,2.936666666666667,82.68333333333334,69,6
STU_12404,2.8833333333333333,83.43333333333332,90,6
STU_12628,2.233333333333334,87.16666666666667,45,3
STU_12947,2.6914285714285713,86.42857142857143,135,7
STU_13359,1.4,89.5,18,1
STU_13381,3.04,94.2,12,1
STU_13467,2.685,79.325,63,4
STU_13865,2.5175,82.42500000000001,60,4
STU_13966,2.8833333333333333,86.56666666666668,45,3
STU_14325,2.69,87.9,15,1
STU_15398,3.2,91.8,15,1
STU_15498,3.4500000000000006,87.63333333333333,45,3
STU_15501,1.4733333333333334,88.23333333333335,42,3
STU_15539,3.22,83.63333333333334,45,3
STU_15886,3.15,91.7,15,1
STU_15938,2.4825,79.19999999999999,60,4
STU_15951,2.69,83.0,15,1
STU_16043,2.722,83.08,66,5
STU_16239,2.78,83.85000000000001,123,8
STU_16369,3.1950000000000003,97.15,30,2
STU_16832,2.515,91.25,66,4
STU_16906,2.588,87.42,75,5
STU_17150,2.36,84.76666666666667,45,3
STU_17595,2.39,77.78571428571429,120,7
STU_13522,2.7712499999999998,75.5,93,8
STU_16175,2.8033333333333332,88.36666666666667,45,3
STU_08964,2.1266666666666665,87.73333333333333,42,3
STU_09307,2.6162499999999995,87.9625,123,8
STU_09411,2.218571428571429,79.25714285714285,102,7
STU_09422,2.8525,80.7,72,4
STU_10147,2.91,89.1,18,1
STU_10182,2.831666666666667,85.78333333333332,69,6
STU_10207,2.9266666666666663,77.18333333333332,93,6
STU_10343,2.96,83.32500000000002,147,8
STU_10746,3.4749999999999996,86.25,30,2
STU_11102,3.1037500000000002,88.94999999999999,120,8
STU_11213,2.78,88.5,15,1
STU_11550,2.18,93.4,15,1
STU_12376,2.3242857142857143,83.97142857142858,114,7
STU_12805,2.255,83.6,30,2
STU_12917,2.5625,85.17500000000001,48,4
STU_12944,2.7,84.35,27,2
STU_12987,3.216666666666667,87.56666666666666,36,3
STU_13083,3.29,89.0,15,1
STU_13441,2.82,88.2,15,1
STU_13654,2.737142857142857,81.65714285714286,105,7
STU_14082,2.64,96.3,12,1
STU_14735,2.84,93.9,12,1
STU_15039,3.49,87.95,30,2
STU_15053,2.7399999999999998,80.0,51,4
STU_15098,2.7775,89.44999999999999,63,4
STU_15310,2.2350000000000003,85.9,24,2
STU_15634,2.6233333333333335,80.23333333333333,54,3
STU_15679,3.375,89.95,30,2
STU_15691,2.956666666666667,88.66666666666667,45,3
STU_16142,2.733333333333333,82.16666666666667,45,3
STU_16646,2.89625,84.92499999999998,138,8
STU_16661,3.042857142857143,86.05714285714285,102,7
STU_17054,2.12,89.15,36,2
STU_17124,2.99,96.9,15,1
STU_17140,2.37,85.65,36,2
STU_17221,1.6099999999999999,86.85,36,2
STU_17617,3.0149999999999997,84.475,60,4
STU_12736,2.255,87.55000000000001,93,6
STU_12858,3.02,82.36666666666666,87,6
STU_12889,2.9,85.7,18,1
STU_14609,2.39,74.5,18,1
STU_15908,1.9,85.175,63,4
STU_15916,2.7,90.05000000000001,30,2
STU_09092,2.655,85.1,24,2
STU_09121,3.565,85.65,30,2
STU_09379,2.58,89.2,12,1
STU_10319,3.07,84.0,12,2
STU_10639,2.3850000000000002,84.92500000000001,60,4
STU_10761,2.4659999999999997,83.64,78,5
STU_11117,2.64,80.7,15,1
STU_11276,2.565,83.125,57,4
STU_11390,2.6900000000000004,84.10000000000001,105,7
STU_11466,2.1566666666666667,81.0,51,3
STU_11563,2.0140000000000002,77.76,78,5
STU_11778,2.31,91.2,12,1
STU_12303,1.69,80.28571428571429,108,7
STU_12359,2.2175,85.575,72,4
STU_12365,2.594,87.14000000000001,78,5
STU_12469,2.6012500000000003,83.33749999999999,102,8
STU_12543,2.3925,77.35,63,4
STU_12747,2.84375,87.44999999999999,120,8
STU_12752,2.765,82.35,33,2
STU_12775,2.25,84.0,48,3
STU_12818,2.5220000000000002,93.92,75,5
STU_12835,3.0628571428571427,83.0,123,7
STU_12986,2.285,88.3,30,2
STU_13162,2.1566666666666667,87.76666666666665,54,3
STU_13377,3.0612500000000002,81.7125,93,8
STU_13875,2.98375,84.69999999999999,123,8
STU_14023,1.9,83.0,18,1
STU_14172,2.3975,83.45,60,4
STU_14240,3.0533333333333332,86.3,45,3
STU_14548,3.0549999999999997,76.95,33,2
STU_14697,2.92,79.9,18,1
STU_14839,2.84,82.8,33,2
STU_15541,2.72,90.42500000000001,60,4
STU_15754,2.34,88.5,69,6
STU_15936,3.032857142857143,84.6,105,7
STU_16117,2.48,91.44,90,5
STU_16276,2.6266666666666665,79.26666666666665,72,6
STU_16329,2.0949999999999998,92.3,36,2
STU_16360,3.16,80.75,27,2
STU_16664,3.15,84.65,24,2
STU_17009,3.33,95.5,57,4
STU_17262,2.965,90.43333333333332,90,6
STU_17308,3.2350000000000003,86.42500000000001,57,4
STU_12888,2.8137499999999998,76.3,99,8
STU_09158,3.085,89.55000000000001,57,4
STU_09400,2.21,83.18749999999999,120,8
STU_09454,3.1966666666666668,86.73333333333335,42,3
STU_09483,2.5742857142857143,79.34285714285714,105,7
STU_09778,3.102,86.17999999999999,78,5
STU_09799,3.026666666666667,76.88333333333334,90,6
STU_09879,2.7300000000000004,84.85,30,2
STU_09934,2.793333333333333,77.03333333333333,45,3
STU_09956,2.5433333333333334,81.23333333333333,90,6
STU_10206,2.63,85.3,18,1
STU_10244,2.52875,91.4375,117,8
STU_10305,1.886,79.32000000000001,78,5
STU_10449,2.926,87.86000000000001,72,5
STU_10645,2.57,83.0,12,1
STU_10647,2.5100000000000002,88.45714285714284,132,7
STU_10949,2.5783333333333336,90.85000000000001,93,6
STU_11158,2.1075,81.55,57,4
STU_11512,2.6612500000000003,86.27499999999999,120,8
STU_11679,2.6128571428571425,85.25714285714285,102,7
STU_12129,3.4400000000000004,83.6,48,4
STU_12153,2.5533333333333332,77.39999999999999,93,6
STU_13101,2.9925,90.85,126,8
STU_13294,2.7824999999999998,88.25,60,4
STU_13373,1.91,88.3,18,1
STU_13688,3.2079999999999997,81.7,72,5
STU_13827,3.3899999999999997,93.0,36,2
STU_13930,2.11,90.4,12,1
STU_14084,2.295,77.9,24,2
STU_14173,2.78875,80.225,126,8
STU_14495,2.35,89.1,15,1
STU_15494,3.275,81.25,24,2
STU_15495,2.5016666666666665,84.96666666666665,93,6
STU_15870,2.1,89.6,21,1
STU_15892,2.0766666666666667,83.13333333333334,48,3
STU_16006,3.08,86.625,72,4
STU_16115,2.8724999999999996,84.275,57,4
STU_16425,3.245,91.55,30,2
STU_16548,2.23,91.0,18,1
STU_17041,2.936666666666667,80.88333333333334,93,7
STU_17210,3.052,90.22,72,5
STU_17601,2.816666666666667,86.08333333333333,93,6
STU_12846,3.314,84.84,78,5
STU_15307,1.7449999999999999,81.53333333333333,96,6
STU_15375,2.7800000000000002,88.825,60,4
STU_15967,3.284,87.78,90,5
STU_09496,3.0320000000000005,79.47999999999999,75,5
STU_09678,3.125,86.5,21,2
STU_09719,3.58,93.9,21,1
STU_09809,3.0700000000000003,82.96,72,5
STU_09890,2.6133333333333333,80.56666666666666,36,3
STU_10824,2.525,87.25,39,2
STU_11328,2.94,93.6,15,1
STU_11339,2.9000000000000004,88.88333333333333,93,6
STU_11479,2.444,86.76,90,5
STU_11660,2.572,74.76000000000002,75,5
STU_12057,2.0966666666666667,91.76666666666667,69,6
STU_12151,2.71125,73.77499999999999,93,8
STU_12371,3.2514285714285713,92.42857142857143,129,7
STU_12392,2.6042857142857145,80.01428571428572,108,7
STU_12480,2.775714285714286,82.41428571428571,105,7
STU_12608,2.704285714285714,84.8142857142857,108,7
STU_12712,2.42,78.92500000000001,93,8
STU_12723,1.9839999999999995,84.48,75,5
STU_13073,2.9,87.6,12,1
STU_13105,2.493333333333333,88.3,39,3
STU_13141,2.0380000000000003,85.2,93,5
STU_14274,2.875,87.82499999999999,45,4
STU_14310,2.5566666666666666,83.6,90,6
STU_14359,2.5625,84.475,60,4
STU_14528,2.46,81.92857142857143,78,7
STU_15293,2.7462500000000007,89.7625,150,8
STU_15332,2.81,87.2,15,1
STU_15497,2.5416666666666665,93.63333333333333,108,6
STU_15665,3.68,93.9,12,1
STU_15855,3.0525,86.675,60,4
STU_15863,3.178333333333333,78.25,81,6
STU_16109,2.408,81.16,90,5
STU_16273,2.805,84.1,30,2
STU_16279,2.684,92.0,90,5
STU_16355,2.97,91.46666666666665,51,3
STU_16565,3.00625,89.03750000000001,93,8
STU_16594,2.85,82.64,87,5
STU_16913,3.09,94.0,30,2
STU_16964,1.05,78.4,36,2
STU_17598,2.2825,90.42500000000001,63,4
STU_17606,3.115,83.66666666666667,90,6
STU_09102,2.74,84.44999999999999,27,2
STU_09610,2.31,93.76666666666667,45,3
STU_11031,2.782857142857143,78.88571428571429,111,7
STU_11145,3.69,94.6,15,1
STU_11505,2.3375,86.1,60,4
STU_11508,2.11,89.5,15,1
STU_11549,3.23,97.7,15,1
STU_11634,2.69125,83.8,144,8
STU_11983,2.3449999999999998,83.45,24,2
STU_12225,2.38375,75.525,117,8
STU_12282,2.6100000000000003,84.68,75,5
STU_12463,3.1350000000000002,89.64999999999999,93,6
STU_12500,2.828333333333333,89.26666666666665,90,6
STU_12613,2.4,87.36666666666667,42,3
STU_12675,2.673333333333334,86.18333333333334,87,6
STU_13443,2.3975,87.72499999999998,129,8
STU_13455,2.8162499999999997,86.075,96,8
STU_13677,3.03,82.03333333333332,39,3
STU_13871,2.29,80.39999999999999,54,3
STU_14011,2.892857142857143,89.61428571428573,117,7
STU_14122,2.262857142857143,76.08571428571429,102,7
STU_14205,2.216666666666667,81.66666666666667,42,3
STU_14300,3.21,79.8,33,2
STU_14711,2.685,90.85,24,2
STU_14747,2.69,86.5,15,1
STU_14817,2.575,90.8,24,2
STU_14921,2.8600000000000003,96.0,24,2
STU_15224,1.9485714285714286,87.67142857142856,105,7
STU_15331,2.263333333333333,84.3,57,3
STU_15682,2.5,77.15,36,2
STU_15751,2.446,87.22,81,5
STU_15901,2.7533333333333325,89.26666666666667,90,6
STU_16000,3.0175,88.275,60,4
STU_16162,1.42,89.03333333333335,54,3
STU_16385,2.54,79.25714285714285,123,7
STU_16682,2.7885714285714287,78.44285714285714,123,7
STU_16707,2.4850000000000003,87.1,33,2
STU_16769,3.24,85.3,33,2
STU_17298,2.8400000000000003,88.01428571428572,108,7
STU_17435,2.67,93.3,45,3
STU_13214,3.0,91.2,15,1
STU_15923,3.35,86.4,15,1
STU_16807,2.3925,87.57499999999999,57,4
STU_08937,2.78,96.5,18,1
STU_09080,3.1633333333333336,85.2,45,3
STU_09349,2.216666666666667,85.39999999999999,45,3
STU_09453,2.2,88.8,12,1
STU_09529,2.82,90.33333333333333,48,3
STU_09794,2.763333333333333,89.98333333333333,102,6
STU_09988,2.67,86.4,72,4
STU_10001,2.71,95.9,18,1
STU_10043,2.46,82.68333333333332,102,6
STU_10120,3.01,81.6,12,1
STU_10495,3.025,88.0125,138,8
STU_10680,2.7350000000000003,85.3,24,2
STU_10718,3.1425,89.3125,123,8
STU_10933,2.79,86.8,30,2
STU_10977,3.2400000000000007,87.4,78,5
STU_11134,2.17125,85.35000000000001,120,8
STU_11151,2.9524999999999997,86.67500000000001,60,4
STU_11699,2.8775,76.725,57,4
STU_11701,2.28,91.25,27,2
STU_11815,2.3899999999999997,78.55,30,2
STU_12187,2.566666666666667,86.73333333333333,45,3
STU_12305,2.6449999999999996,86.75,60,4
STU_12389,2.7133333333333334,86.14999999999999,72,6
STU_12779,3.15,90.9,15,1
STU_12814,3.1299999999999994,85.36666666666667,48,3
STU_13093,2.2,95.5,15,1
STU_13138,2.3214285714285716,85.35714285714286,96,7
STU_13410,3.3674999999999997,78.325,57,4
STU_13453,2.955714285714286,80.82857142857142,108,7
STU_13604,2.7685714285714282,85.3142857142857,108,7
STU_13664,1.9,78.9,18,1
STU_13782,2.5250000000000004,87.15,60,4
STU_14008,2.866,84.76,75,5
STU_14343,1.5933333333333335,82.43333333333332,51,3
STU_15400,2.9528571428571424,81.75714285714287,78,7
STU_15402,2.1375,81.025,75,4
STU_15626,2.3757142857142854,86.88571428571429,102,7
STU_15976,2.32,86.1,9,1
STU_16971,2.9749999999999996,86.4,57,4
STU_17389,2.44,93.1,12,1
STU_17455,2.69,82.76666666666667,51,3
STU_17457,2.457142857142857,85.51428571428572,126,7
STU_12847,2.495,88.5,30,2
STU_13200,3.215,91.85,36,2
STU_13224,2.8987499999999997,85.97500000000001,120,8
STU_15147,2.1733333333333333,79.94999999999999,93,6
STU_15905,3.2424999999999997,87.325,45,4
STU_16953,3.01,76.8,27,2
STU_08885,2.8020000000000005,88.4,69,5
STU_09039,2.0833333333333335,86.23333333333333,39,3
STU_09246,2.856666666666667,91.89999999999999,48,3
STU_09500,3.1725,87.9,57,4
STU_09530,2.4375,81.92500000000001,63,4
STU_09927,2.795714285714286,82.77142857142857,108,7
STU_10132,2.9,87.1,15,1
STU_10172,2.767142857142857,77.67142857142858,105,7
STU_10470,2.6799999999999997,89.66666666666667,45,3
STU_10585,3.126,84.33999999999999,63,5
STU_10608,3.0,82.5,21,2
STU_10881,3.15,95.9,18,1
STU_10882,3.096,79.56,72,5
STU_11385,2.2566666666666664,90.76666666666667,36,3
STU_11584,2.8975,84.87499999999999,123,8
STU_12086,2.65,93.0,30,2
STU_12213,1.9471428571428573,82.22857142857143,126,7
STU_12223,1.77,84.8,15,1
STU_12344,2.412,83.16,78,5
STU_12592,2.807499999999999,77.4125,93,8
STU_13459,2.3,81.475,147,8
STU_13481,2.425,84.5,36,2
STU_14393,3.0575,79.325,57,4
STU_14645,2.84,89.89999999999999,54,3
STU_14656,2.59,94.7,21,1
STU_14709,2.938,87.94,81,5
STU_14732,2.3728571428571428,77.3,123,7
STU_14885,3.09,94.1,12,1
STU_14980,2.48125,87.98750000000001,90,8
STU_15242,2.1950000000000003,93.55,36,2
STU_15256,2.88,89.95,36,2
STU_15799,2.57,89.46666666666668,90,6
STU_16017,2.8375000000000004,84.0125,120,8
STU_16526,3.15,84.98571428571427,108,7
STU_09103,1.74,92.10000000000001,57,3
STU_09245,2.8600000000000003,78.4,60,4
STU_09306,2.105,91.6,30,2
STU_09659,2.72,96.2,15,1
STU_09820,2.6333333333333333,89.06666666666666,48,3
STU_09826,2.7524999999999995,75.1875,96,8
STU_09984,2.135,84.35,72,4
STU_10452,2.9314285714285715,85.71428571428571,84,7
STU_11066,2.9240000000000004,77.66,60,5
STU_11154,2.6719999999999997,91.56000000000002,63,5
STU_11222,2.89,80.46666666666667,45,3
STU_11356,3.17,80.9,75,6
STU_11502,2.5362500000000003,79.23750000000001,117,8
STU_11782,3.08,78.44999999999999,24,2
STU_12201,3.0,85.94999999999999,24,2
STU_12309,3.14,91.6,15,1
STU_12380,2.915,85.44999999999999,27,2
STU_12648,2.03,87.0,18,1
STU_12774,2.8466666666666662,81.68333333333332,72,6
STU_13140,3.16,90.8,18,1
STU_13231,2.67,86.675,60,4
STU_13520,2.73625,81.44999999999999,120,8
STU_14277,2.9599999999999995,81.75000000000001,69,6
STU_14301,2.685,82.82499999999999,60,4
STU_14951,2.16,90.6,36,2
STU_14979,2.9385714285714286,86.57142857142857,105,7
STU_15678,2.0500000000000003,77.12857142857145,84,7
STU_15755,2.4600000000000004,94.93333333333334,33,3
STU_15953,2.9175000000000004,84.4875,99,8
STU_16097,1.82,93.0,18,1
STU_16340,2.786,84.84,78,5
STU_16383,2.78,85.6,15,1
STU_16819,2.5500000000000003,79.26666666666667,45,3
STU_16868,2.33,89.2,15,1
STU_17016,2.968,80.55999999999999,66,5
STU_17248,2.5149999999999997,94.6,30,2
STU_17361,2.89,82.125,57,4
STU_17462,2.7633333333333336,86.76666666666667,45,3
STU_17615,1.6966666666666663,83.14999999999999,105,6
STU_12787,2.7359999999999998,85.78,78,5
STU_13025,2.8074999999999997,81.5,144,8
STU_15246,2.75,85.45000000000002,69,4
STU_16148,3.1,81.6,60,4
STU_17302,2.8800000000000003,95.83333333333333,45,3
STU_09029,2.4425,82.05000000000001,60,4
STU_09201,2.3499999999999996,79.475,57,4
STU_09217,2.527142857142857,82.84285714285714,102,7
STU_09313,3.5133333333333336,85.56666666666666,45,3
STU_09846,3.09,83.525,72,4
STU_09877,1.9466666666666665,89.2,57,3
STU_09920,2.48,82.25,75,4
STU_09959,2.86,85.1,15,1
STU_09978,2.97,89.4,18,1
STU_10155,2.145,93.19999999999999,36,2
STU_10185,2.87,94.5,18,1
STU_10846,3.14,88.0,15,1
STU_11152,2.92,79.7,15,1
STU_11421,2.2750000000000004,89.175,57,4
STU_11619,3.65,92.0,15,1
STU_11686,3.026666666666667,92.23333333333333,54,3
STU_11966,2.51,90.325,60,4
STU_11975,2.9575000000000005,84.65,57,4
STU_12145,2.7100000000000004,89.05,141,8
STU_12222,2.07,84.88,87,5
STU_12539,2.5680000000000005,90.32,57,5
STU_12553,3.0149999999999997,86.45,30,2
STU_13046,2.467142857142857,78.84285714285716,105,7
STU_13127,2.52,94.0,15,1
STU_13259,2.492,81.52000000000001,75,5
STU_13533,2.6614285714285715,87.37142857142858,102,7
STU_13790,2.19,91.6,87,5
STU_14103,2.295714285714286,87.10000000000001,108,7
STU_15061,2.65,89.77499999999999,117,8
STU_15120,2.9175,84.825,60,4
STU_15260,3.28,91.1,15,1
STU_15311,2.716249999999999,83.8625,120,8
STU_15432,2.5549999999999997,93.19999999999999,33,2
STU_15439,2.0,84.73333333333333,54,3
STU_15842,2.9566666666666666,84.86666666666667,57,3
STU_16098,3.2266666666666666,88.26666666666665,39,3
STU_16318,2.95625,81.39999999999999,144,8
STU_16448,2.87375,82.11250000000001,114,8
STU_16549,2.72,99.0,15,1
STU_16748,2.198,79.46000000000001,57,5
STU_16858,2.83,84.25,21,2
STU_17084,2.902857142857143,83.14285714285714,108,7
STU_17613,3.0014285714285713,92.04285714285716,105,7
STU_12718,2.7542857142857144,80.87142857142858,111,7
STU_17059,3.175,98.15,27,2
STU_09624,2.8185714285714285,83.38571428571429,105,8
STU_09745,3.2399999999999998,88.725,63,4
STU_09981,2.8339999999999996,77.94,72,5
STU_10228,3.231428571428571,85.21428571428571,87,7
STU_10301,2.285,86.55,30,2
STU_10350,2.672857142857143,83.68571428571428,102,7
STU_10378,2.70875,84.125,117,8
STU_10672,2.8766666666666665,84.91666666666667,69,6
STU_10702,2.3966666666666665,80.43333333333334,48,3
STU_10779,2.98,95.0,15,1
STU_10990,1.99,88.4,18,1
STU_11712,3.2499999999999996,89.11428571428571,117,7
STU_11941,2.858,79.34,78,5
STU_12274,2.585,81.25,30,2
STU_12323,2.76,86.5,18,1
STU_12443,3.1633333333333336,85.0,45,3
STU_12508,2.69,86.33333333333333,36,3
STU_12601,3.335,88.19999999999999,48,4
STU_12756,2.63,88.3,12,1
STU_12828,2.832,88.9,72,5
STU_12834,2.9,93.2,15,1
STU_12972,3.0520000000000005,88.03999999999999,72,5
STU_13834,2.175,84.9,36,2
STU_14105,2.24,87.3,15,1
STU_14123,2.99,86.4,21,2
STU_14279,2.8899999999999997,85.35,30,3
STU_14406,3.18,90.8,18,1
STU_14594,3.4,89.5,18,1
STU_15882,2.7266666666666666,85.96666666666665,75,6
STU_15948,2.46375,85.14999999999999,120,8
STU_15993,2.5733333333333333,80.66666666666667,48,3
STU_16119,2.53625,86.76249999999999,123,8
STU_16420,2.83,85.7,15,1
STU_16751,3.11,86.53999999999999,60,5
STU_16799,2.2485714285714287,84.52857142857142,111,7
STU_16835,2.5300000000000002,90.75,27,2
STU_17421,2.9775,87.25,54,4
STU_12029,2.9,86.15,30,2
STU_15988,2.85,91.46666666666665,36,3
STU_16927,3.0300000000000002,83.0,33,2
STU_17326,2.0100000000000002,82.98333333333333,96,6
STU_17527,2.9166666666666665,85.43333333333334,48,3
STU_08868,2.55,91.75,90,6
STU_09181,2.39625,87.15,96,8
STU_09907,2.1783333333333332,87.06666666666668,90,6
STU_10130,2.43,89.0,15,1
STU_10210,2.7575000000000003,86.875,54,4
STU_10462,2.584,85.43999999999998,63,5
STU_10616,2.9966666666666666,83.03333333333335,45,3
STU_10648,2.8575,84.80000000000001,63,4
STU_10683,2.2849999999999997,81.38333333333334,90,6
STU_11139,3.2100000000000004,82.46666666666667,45,3
STU_11306,2.8825000000000003,90.85,63,4
STU_11369,3.4775,88.625,48,4
STU_11553,3.43,84.30000000000001,30,2
STU_11987,3.0449999999999995,80.80000000000001,45,4
STU_12483,2.9699999999999998,86.7,30,2
STU_12604,3.4000000000000004,88.5,27,2
STU_13269,3.0725000000000002,87.39999999999999,60,4
STU_13676,2.7999999999999994,84.46666666666665,45,3
STU_13726,2.54,90.2,18,1
STU_13896,3.29,87.95,24,2
STU_13999,2.57,91.17999999999999,75,5
STU_14049,1.79,89.1,36,2
STU_14107,2.4939999999999998,79.0,57,5
STU_14642,3.108333333333334,91.46666666666665,93,6
STU_14881,2.5100000000000002,81.26666666666667,36,3
STU_15198,2.31,88.4,12,1
STU_15390,2.8314285714285714,78.11428571428571,105,7
STU_15649,2.8385714285714285,85.64285714285714,84,7
STU_15714,2.8285714285714287,80.3142857142857,129,7
STU_15998,2.76,90.69999999999999,30,2
STU_16079,2.99,96.2,48,3
STU_16365,2.568333333333333,82.25,87,6
STU_16558,2.2816666666666663,88.48333333333333,108,6
STU_16792,3.241666666666667,83.88333333333334,90,6
STU_17109,2.947142857142857,83.01428571428572,84,7
STU_17588,3.4233333333333333,86.13333333333333,36,3
STU_12068,2.9433333333333334,82.46666666666667,45,3
STU_15159,2.8633333333333333,77.85000000000001,90,7
STU_08895,2.625,80.7,24,2
STU_09314,2.4466666666666668,87.53333333333335,36,3
STU_09538,2.5300000000000002,91.25,33,2
STU_09597,3.65,91.2,18,1
STU_09723,2.4737500000000003,83.18750000000001,99,8
STU_09738,2.2916666666666665,83.53333333333333,87,6
STU_09932,2.8400000000000003,82.32499999999999,57,4
STU_09941,2.577142857142857,83.38571428571429,126,7
STU_10106,2.7633333333333336,88.53333333333335,105,6
STU_10209,2.68,89.2,18,1
STU_10256,2.65125,87.4,114,8
STU_10320,2.805,84.35,36,2
STU_10447,3.1133333333333333,81.56666666666668,48,3
STU_10474,3.73,84.4,9,1
STU_10549,1.98,87.7,18,1
STU_10673,2.52,82.18333333333334,87,6
STU_10884,2.4475000000000002,90.03750000000001,141,8
STU_10928,2.3249999999999997,85.275,66,4
STU_10961,3.1399999999999997,85.53999999999999,72,5
STU_11538,1.9214285714285713,79.34285714285714,129,7
STU_11761,2.13,92.9,18,1
STU_11898,2.614,82.16,69,5
STU_12217,1.7566666666666666,83.76666666666667,57,3
STU_12280,3.03,90.0,48,3
STU_12363,3.106666666666667,84.11666666666666,87,6
STU_12710,2.3000000000000003,80.44999999999999,90,6
STU_12767,2.718,85.0,72,5
STU_12806,1.82,93.2,21,1
STU_12964,2.8242857142857143,84.38571428571427,105,7
STU_13394,2.42625,76.1625,120,8
STU_13632,3.07,96.5,12,1
STU_14471,2.6375,84.925,60,4
STU_14532,2.8,81.45,60,4
STU_14788,2.5033333333333334,86.43333333333334,51,3
STU_14893,3.3200000000000003,91.47500000000001,72,4
STU_15552,3.23,83.8,60,4
STU_15647,1.7874999999999999,88.22500000000001,72,4
STU_15826,3.021666666666667,82.45,90,6
STU_16183,2.97625,78.13750000000002,120,8
STU_16242,3.2375000000000003,94.42500000000001,51,4
STU_16377,2.39,88.875,72,4
STU_16411,2.8337499999999998,84.14999999999999,120,8
STU_16453,2.56,87.8,12,1
STU_16462,3.38,84.5,15,1
STU_16772,2.03,84.93333333333334,45,3
STU_16865,2.813333333333334,85.76666666666665,90,6
STU_16985,3.1849999999999996,88.75,30,2
STU_17297,2.31,82.97999999999999,78,5
STU_12859,2.2800000000000002,84.44999999999999,30,2
STU_13314,1.945,80.5,27,2
STU_15979,2.44,86.3,15,1
STU_16587,3.55,84.75,24,2
STU_09059,3.2199999999999998,81.9,30,2
STU_09147,3.165,85.475,48,4
STU_09440,3.0787500000000003,80.19999999999999,96,8
STU_10276,2.5700000000000003,89.35000000000001,63,4
STU_10637,3.39,85.0,30,2
STU_10762,2.64,84.52857142857142,78,7
STU_11161,2.9000000000000004,92.15,30,2
STU_11326,2.085,75.075,63,4
STU_11589,1.6666666666666667,82.60000000000001,54,3
STU_11958,3.51,94.1,12,1
STU_12275,1.7366666666666666,80.60000000000001,54,4
STU_12440,3.445,79.8,30,2
STU_12686,2.75,76.575,57,4
STU_13371,3.02,85.89999999999999,45,3
STU_13511,2.43,87.18571428571428,87,7
STU_13581,2.8366666666666664,81.7,48,3
STU_13585,3.21,84.9,72,4
STU_13758,2.85,91.4,15,1
STU_14192,2.81,85.0,30,2
STU_14335,3.0500000000000003,84.86666666666666,48,3
STU_14749,2.673749999999999,85.16250000000001,114,8
STU_14789,2.8575,84.475,57,4
STU_14975,2.6175,82.35,45,4
STU_15085,2.98,93.8,15,1
STU_15204,2.6616666666666666,89.30000000000001,108,6
STU_15387,1.7266666666666666,76.39999999999999,42,3
STU_15730,3.25,91.675,57,4
STU_15935,2.74,92.7,15,1
STU_16082,2.8166666666666664,89.11666666666667,105,7
STU_16107,2.892857142857143,83.5142857142857,84,7
STU_16313,2.2,93.2,15,1
STU_16446,2.9850000000000003,91.5,60,4
STU_16481,2.6550000000000002,88.825,60,4
STU_16761,2.7925000000000004,87.15,60,4
STU_16826,2.4025,77.8,60,4
STU_16844,3.135,93.05000000000001,24,2
STU_17005,2.87,84.05000000000001,27,2
STU_17036,2.685,89.025,60,4
STU_17063,1.605,84.55,69,4
STU_17078,2.56,83.8,15,1
STU_17285,2.146,84.6,90,5
STU_17286,2.7533333333333334,77.36666666666667,54,3
STU_17396,2.6457142857142855,88.31428571428572,105,7
STU_15925,2.533333333333333,83.58333333333333,93,6
STU_17146,3.03,84.8,12,1
STU_08959,2.7642857142857147,80.62857142857142,84,7
STU_08977,2.7550000000000003,91.96666666666665,96,6
STU_09000,2.5175,86.4,63,4
STU_09132,2.78,81.325,120,8
STU_09354,3.27,85.0,60,4
STU_09493,2.95,83.8,18,1
STU_09675,2.19,86.1,15,1
STU_09699,3.143333333333333,84.66666666666667,45,3
STU_09835,2.74,82.9,12,1
STU_10168,1.83375,84.47500000000001,126,8
STU_10326,2.6833333333333336,91.09999999999998,48,3
STU_10475,2.7733333333333334,87.63333333333333,39,3
STU_10676,2.623333333333333,76.83333333333334,48,3
STU_11196,1.95,87.2,15,1
STU_11337,2.85,82.6,15,1
STU_11471,3.0479999999999996,91.32000000000001,78,5
STU_11789,2.8,91.99999999999999,60,4
STU_12000,3.045714285714286,92.71428571428571,102,7
STU_12036,2.6485714285714286,87.91428571428571,102,7
STU_12121,2.13,81.2,15,1
STU_12673,2.3259999999999996,77.78,87,5
STU_12786,2.964,85.88000000000001,69,5
STU_12914,2.89,92.7,21,1
STU_13040,3.01,85.95,69,6
STU_13295,2.536,85.22,60,5
STU_13374,3.38,81.8,15,1
STU_13916,2.7199999999999998,88.8,39,2
STU_14020,2.512,85.2,75,5
STU_14127,2.8775000000000004,82.39999999999999,63,4
STU_14222,2.6174999999999997,81.51249999999999,117,8
STU_14423,2.386,86.54,72,5
STU_14561,2.41,80.46,75,5
STU_14646,2.595,81.13333333333334,69,6
STU_14743,2.567142857142857,84.38571428571429,81,7
STU_14857,2.936,82.58,72,5
STU_14961,2.495,88.6,30,2
STU_15227,2.8316666666666666,85.81666666666666,84,6
STU_15296,2.586,84.53999999999999,60,5
STU_15354,3.0650000000000004,85.35,27,2
STU_15809,2.7657142857142856,86.35714285714288,84,7
STU_15822,2.3033333333333332,84.39999999999999,45,3
STU_16050,2.76,91.5,15,1
STU_16285,2.7433333333333336,90.63333333333333,45,3
STU_16312,2.714,83.3,78,5
STU_16875,2.5675,83.725,69,4
STU_16922,2.995,85.75,33,2
STU_17089,2.6,84.86666666666666,54,3
STU_17288,2.5766666666666667,80.33333333333333,51,3
STU_17378,2.4299999999999997,86.55000000000001,27,2
STU_17380,2.694285714285715,85.28571428571429,105,7
STU_17411,2.4,93.8,36,2
STU_17413,3.0612500000000002,92.1,96,8
STU_17585,3.2399999999999998,84.46000000000001,75,5
STU_15358,2.654285714285714,85.92857142857143,81,7
STU_09002,3.4,96.2,18,1
STU_09327,2.7159999999999997,88.53999999999999,75,5
STU_09427,2.17,79.75,117,6
STU_09451,2.075,81.725,45,4
STU_09485,1.778,79.19999999999999,72,5
STU_09488,2.66,82.91428571428571,81,7
STU_10066,2.996,87.0,78,5
STU_10197,2.5883333333333334,81.78333333333335,90,6
STU_10357,2.6233333333333335,84.36666666666667,51,3
STU_10725,2.8742857142857146,91.47142857142856,87,7
STU_10839,2.6350000000000002,78.175,60,4
STU_11037,2.7520000000000002,83.82000000000001,60,5
STU_11190,2.0466666666666664,89.86666666666667,36,3
STU_11252,3.0549999999999997,83.75,69,6
STU_11627,2.6599999999999997,82.6875,126,8
STU_11824,3.3,89.35,36,2
STU_12064,3.45,85.9,18,1
STU_12094,3.365,87.1,24,2
STU_12276,2.5366666666666666,86.13333333333333,45,3
STU_12635,3.07,89.9,9,1
STU_12791,2.535,84.65,30,2
STU_13035,3.55,96.8,24,2
STU_13151,2.34,86.6,30,2
STU_13270,2.545,78.3,33,2
STU_13408,2.457142857142857,84.61428571428571,87,7
STU_13456,3.2800000000000002,92.15,24,2
STU_13532,3.2,77.0,12,1
STU_14445,3.13,91.9,15,1
STU_14523,2.9539999999999997,89.74000000000001,63,5
STU_14571,2.8325,88.0375,123,8
STU_14815,2.742857142857143,85.04285714285713,105,7
STU_14935,2.036,85.64000000000001,78,5
STU_15415,2.75,86.9,27,2
STU_15715,3.37,92.1,12,1
STU_16047,2.29,82.2875,120,8
STU_16138,2.715,80.05,21,2
STU_16275,2.3233333333333337,85.36666666666666,45,3
STU_16778,3.0587500000000003,85.5125,117,8
STU_15179,2.6625,83.65,60,4
STU_16934,1.9214285714285713,87.38571428571427,84,7
STU_16959,3.4175,91.775,45,4
STU_09376,2.8200000000000003,81.2,54,3
STU_09845,3.10875,83.64999999999999,117,8
STU_09950,2.62,86.05,27,2
STU_10073,2.615,82.72500000000001,114,8
STU_10239,2.126666666666667,77.5,39,3
STU_10411,3.15,88.5,60,4
STU_10451,2.73,90.4,15,1
STU_10478,3.3,92.55,30,2
STU_10646,2.8785714285714286,78.87142857142858,108,7
STU_11014,2.938,83.74,87,5
STU_11116,2.5412500000000002,87.1875,147,8
STU_11173,2.331666666666667,79.10000000000001,93,6
STU_11188,2.64,84.4,15,1
STU_11224,2.758333333333333,88.94999999999999,69,6
STU_11360,2.5566666666666666,79.76666666666667,45,3
STU_11450,3.63,80.65,27,2
STU_11603,2.9657142857142857,76.95714285714287,99,7
STU_11827,3.4875000000000003,90.94999999999999,63,4
STU_11923,3.75,89.4,18,1
STU_12138,3.2039999999999997,83.66,78,5
STU_12388,3.11,97.3,15,1
STU_12436,2.69,95.25,24,2
STU_12533,2.686666666666667,83.31666666666666,75,6
STU_12691,3.36,89.6,18,1
STU_12724,2.27,85.7,48,3
STU_12909,3.353333333333333,86.3,45,3
STU_12995,2.175,78.05000000000001,30,2
STU_14151,2.47,79.56666666666666,42,3
STU_14473,3.05,85.8,15,1
STU_14632,3.77,96.4,18,1
STU_15026,2.3100000000000005,77.425,144,8
STU_15096,2.276666666666667,84.53333333333333,39,3
STU_15664,2.6387500000000004,90.2,120,8
STU_15667,2.54,85.6,12,1
STU_16032,2.9699999999999998,83.4,30,2
STU_16353,2.39,82.0,21,1
STU_16674,2.6425,76.44999999999999,60,4
STU_16696,2.3862500000000004,81.58749999999999,99,8
STU_16911,2.41,82.7,15,1
STU_16912,2.58,83.3,15,1
STU_17539,2.3433333333333333,79.63333333333334,36,3
STU_14618,2.18,88.15,33,2
STU_15245,2.968,85.4,81,5
STU_16609,3.15,80.1,27,2
STU_16932,3.045,88.5125,93,8
STU_17316,3.0425,84.975,60,4
STU_17335,3.13,84.7,15,1
STU_17608,2.0975,90.575,69,4
STU_08906,2.815,91.1,36,2
STU_09188,2.643333333333333,91.16666666666667,48,3
STU_09504,2.862,89.44000000000001,60,5
STU_09581,2.44125,83.44999999999999,99,8
STU_09701,2.0866666666666664,85.63333333333334,90,6
STU_09818,2.1799999999999997,87.2,30,2
STU_09949,2.6500000000000004,91.35999999999999,81,5
STU_09953,2.745,79.35,30,2
STU_09999,2.5366666666666666,87.26666666666667,45,3
STU_10217,3.47,90.8,45,3
STU_10336,2.825,84.375,60,4
STU_10642,2.585,81.4,24,2
STU_11331,2.41,91.4,12,1
STU_11458,2.84,90.17500000000001,51,4
STU_11696,3.0749999999999997,86.83333333333333,87,6
STU_12227,2.4200000000000004,80.07142857142857,78,7
STU_12247,2.8200000000000003,85.86666666666667,36,3
STU_12255,2.3,84.57999999999998,87,5
STU_12574,2.53,78.75,72,4
STU_12840,2.5228571428571427,79.38571428571427,81,7
STU_13002,2.575,90.45,144,8
STU_13388,2.59125,87.875,123,8
STU_13907,3.0999999999999996,86.65,21,2
STU_14191,2.705,88.15,33,2
STU_14227,2.4857142857142853,88.3,126,7
STU_14303,3.23,94.0,15,1
STU_14671,2.7733333333333334,87.53333333333335,48,3
STU_14686,2.415,84.85000000000001,87,6
STU_15382,2.801428571428571,82.42857142857143,120,7
STU_15391,2.42625,84.92500000000001,120,8
STU_15401,3.17,89.7,15,1
STU_15442,2.85,90.1,12,1
STU_15484,2.34,83.9,18,1
STU_15526,2.658,83.4,90,5
STU_15540,2.84,84.3,42,3
STU_16025,3.58,85.9,15,1
STU_16356,2.35,86.7,12,1
STU_16556,2.62875,88.33749999999999,147,8
STU_16660,1.93,85.1,15,1
STU_16723,3.545,91.5,30,2
STU_16821,3.06,98.8,18,1
STU_16831,2.8433333333333337,87.71666666666665,87,6
STU_16838,2.3949999999999996,86.66250000000001,120,8
STU_16890,3.368,96.1,63,5
STU_17194,2.77125,80.63749999999999,96,8
STU_17541,2.7566666666666664,92.8,45,3
STU_12087,3.0033333333333334,89.23333333333333,75,6
STU_15357,2.1375,87.19999999999999,72,4
STU_09617,2.2983333333333333,75.71666666666667,78,6
STU_09807,2.3125,87.125,66,4
STU_09960,2.5733333333333337,83.4,48,3
STU_10107,2.3819999999999997,89.1,78,5
STU_10157,2.86,94.7,15,1
STU_10418,2.335,81.42500000000001,48,4
STU_10465,2.5900000000000003,81.225,120,8
STU_10698,1.7,85.5,21,1
STU_10707,2.67,88.7,72,5
STU_10883,2.58,90.75,30,2
STU_11056,2.7475,88.425,63,4
STU_11340,3.63,94.1,15,1
STU_11732,2.925,87.55000000000001,36,2
STU_11946,3.1425,88.575,72,4
STU_12202,2.615,76.9,24,2
STU_12206,3.4200000000000004,86.0,60,4
STU_12426,2.838,87.14000000000001,75,5
STU_12573,2.91,82.65,30,2
STU_12977,2.63375,80.8375,126,8
STU_13226,2.1,85.9,21,1
STU_13352,3.06,81.4,30,3
STU_14456,2.175,78.71666666666665,90,6
STU_14685,2.9866666666666664,76.05,69,6
STU_14698,2.07,83.4,15,1
STU_14870,2.5033333333333334,82.36666666666666,39,3
STU_14993,2.2685714285714282,83.21428571428571,99,7
STU_15234,2.64,96.6,12,1
STU_15744,3.1133333333333333,92.56666666666666,45,3
STU_16232,2.1675,90.55,72,4
STU_16268,2.6812499999999995,84.53750000000001,120,8
STU_16380,3.194,90.5,78,5
STU_16471,2.813333333333333,88.16666666666667,42,3
STU_17094,2.2849999999999997,75.6375,117,8
STU_17132,2.9166666666666665,86.63333333333334,48,3
STU_13024,2.44,80.3,54,3
STU_15316,2.875,91.45,27,2
STU_08939,3.0119999999999996,82.14000000000001,72,5
STU_09089,3.12125,81.175,96,8
STU_09247,2.2800000000000002,86.2,27,2
STU_09640,2.5,82.3,15,1
STU_09652,2.55,84.45,36,2
STU_09906,2.3,86.65,36,2
STU_10006,2.4066666666666667,95.63333333333333,45,3
STU_10237,2.6533333333333338,88.7,42,3
STU_10420,2.97,93.6,15,1
STU_10436,2.204,79.24,75,5
STU_10510,2.79,88.0,18,1
STU_11124,2.75,91.15,57,4
STU_11368,2.523333333333333,86.93333333333334,36,3
STU_11613,2.21,88.16666666666667,48,3
STU_11632,2.1799999999999997,82.89999999999999,69,4
STU_11754,2.93,84.94000000000001,60,5
STU_11832,2.4,84.7,24,2
STU_12157,2.66,93.4,18,1
STU_12215,2.71,93.04,75,5
STU_12233,2.63,87.7,15,1
STU_12689,3.0520000000000005,84.94000000000001,69,5
STU_12744,3.7,82.4,12,1
STU_12813,2.75,88.92857142857143,105,7
STU_13050,3.1,87.46666666666665,36,3
STU_13869,2.25,81.31249999999999,129,8
STU_14033,3.105,81.4375,120,8
STU_14262,2.4425,86.775,72,4
STU_14638,2.4050000000000002,85.5,36,2
STU_14768,1.9,83.1,24,2
STU_14946,2.49,94.2,12,1
STU_15100,2.4475,90.725,63,4
STU_15492,2.615,89.96666666666665,90,6
STU_15597,2.86375,80.7,120,8
STU_15708,2.3899999999999997,82.49999999999999,111,8
STU_16295,2.23,82.06666666666666,36,3
STU_16967,2.11,75.4,18,1
STU_17162,2.9483333333333337,86.36666666666667,87,6
STU_09166,3.526666666666667,80.4,45,3
STU_09397,2.63,81.60000000000001,51,4
STU_09785,3.06,96.1,15,1
STU_09866,2.11,77.325,60,4
STU_10131,3.064,83.26,63,5
STU_10313,2.06,75.7375,123,8
STU_10367,2.924285714285714,78.82857142857144,105,7
STU_10460,2.3449999999999998,91.05,27,2
STU_10627,2.33,85.0,12,1
STU_11133,2.6625,82.2,42,4
STU_11302,2.92,89.81250000000001,123,8
STU_11792,2.8524999999999996,87.55,63,4
STU_11803,2.7800000000000002,84.0,30,2
STU_12229,2.3625,83.125,48,4
STU_12607,2.67,83.5,12,1
STU_12725,2.6649999999999996,85.43333333333334,90,6
STU_12819,2.956666666666667,78.10000000000001,45,3
STU_12975,2.7128571428571426,82.71428571428571,84,7
STU_13047,2.785,88.6,24,2
STU_13144,2.625,82.05,48,4
STU_13375,2.838,83.55999999999999,66,5
STU_13400,2.688333333333333,75.83333333333333,90,6
STU_13483,2.83,83.55000000000001,33,2
STU_13796,2.375,89.075,51,4
STU_13866,2.3200000000000003,82.9,30,2
STU_14091,2.6375,80.625,120,8
STU_14497,2.7175,88.19999999999999,48,4
STU_14772,3.1,93.5,15,1
STU_14833,2.185,89.44999999999999,36,2
STU_15004,2.64,88.65,30,2
STU_16271,2.2666666666666666,82.63333333333334,45,3
STU_16423,2.87,91.9,12,1
STU_16750,2.391428571428572,84.5,102,8
STU_16879,1.8633333333333333,83.13333333333333,54,3
STU_17567,2.8674999999999997,89.35,60,4
STU_13800,1.49,81.1,30,2
STU_13813,2.49,81.5,18,1
STU_15313,2.276666666666667,88.06666666666666,51,3
STU_17345,2.26,81.0,15,1
STU_09035,2.123333333333333,83.63333333333333,36,3
STU_09146,2.4566666666666666,86.3,42,3
STU_09184,2.3699999999999997,83.3,45,3
STU_09255,1.93,85.75,42,2
STU_09706,2.436666666666667,80.43333333333334,36,3
STU_10339,2.7125,87.3125,114,8
STU_10388,2.5149999999999997,82.7,75,4
STU_10390,3.0,88.05000000000001,48,4
STU_10659,2.998,79.38000000000001,72,5
STU_10773,2.6566666666666667,91.36666666666667,111,6
STU_10924,2.4633333333333334,80.98333333333333,90,6
STU_11029,3.0140000000000002,92.2,72,5
STU_11193,2.2199999999999998,80.4,30,2
STU_11274,2.8099999999999996,83.64000000000001,75,5
STU_11309,2.2,89.0,15,1
STU_11441,2.56,78.8,9,1
STU_11523,2.8142857142857145,82.71428571428574,105,7
STU_11637,2.346,79.7,75,5
STU_11807,2.21,75.63333333333334,51,3
STU_12422,3.45,86.80000000000001,24,2
STU_12619,2.4425,80.75,60,4
STU_12820,2.4850000000000003,82.5,30,2
STU_12860,2.44,99.0,18,1
STU_13116,2.6725,82.65,72,4
STU_13132,3.34,94.2,30,2
STU_13674,2.2074999999999996,81.875,48,4
STU_13768,2.605,81.4,30,2
STU_13849,2.5749999999999997,79.95,87,6
STU_14682,3.2783333333333338,90.2,87,6
STU_14809,2.795,85.375,63,4
STU_14934,1.9133333333333333,76.36666666666666,54,3
STU_15240,1.9900000000000002,86.875,60,4
STU_15488,2.185,79.05000000000001,33,2
STU_15950,2.5733333333333337,87.96666666666665,48,3
STU_16112,3.0774999999999997,87.77499999999999,123,8
STU_16531,2.6585714285714284,75.41428571428571,108,7
STU_17075,2.632857142857143,91.78571428571429,126,7
STU_17275,2.892857142857143,87.27142857142857,129,7
STU_17433,2.705,85.11666666666667,90,6
STU_17619,2.88,88.6,15,1
STU_12868,2.233333333333333,87.3,33,3
STU_13313,2.891428571428572,91.38571428571427,120,7
STU_17327,2.6550000000000002,78.4375,120,8
STU_08962,3.24,89.7,15,1
STU_08965,2.65,97.4,12,1
STU_09117,2.46,83.19999999999999,36,2
STU_09128,3.0319999999999996,85.46000000000001,60,5
STU_09282,2.955,91.65,30,2
STU_09370,2.125,81.15,30,2
STU_09712,2.263333333333333,87.83333333333333,42,3
STU_10506,2.77,81.65,93,6
STU_10534,2.2675,83.95,60,4
STU_10759,2.11,87.0,30,2
STU_10814,2.585,89.6,36,2
STU_10829,3.016666666666666,90.45,111,6
STU_11119,2.204,81.82000000000001,75,5
STU_11171,2.79,88.55,24,2
STU_11498,2.43,86.5,66,6
STU_11588,2.915,94.69999999999999,24,2
STU_11635,2.564,91.28,78,5
STU_11674,2.52,85.54,78,5
STU_11826,3.0,84.8,27,2
STU_12197,2.625,83.80000000000001,27,2
STU_12434,1.6766666666666667,81.50000000000001,54,3
STU_12481,2.174285714285714,74.94285714285715,111,7
STU_12499,2.47,91.26666666666667,57,3
STU_12558,3.005,87.75,30,2
STU_12807,2.73,87.86,96,5
STU_12895,2.7600000000000002,91.6,45,4
STU_12998,2.77,82.55,108,6
STU_13063,3.335,94.30000000000001,30,2
STU_13492,2.8975,77.85,57,4
STU_13624,3.42,77.3,15,1
STU_13684,2.3975,84.48750000000001,117,8
STU_13789,2.7866666666666666,80.36666666666666,54,3
STU_14076,2.678,76.49999999999999,75,5
STU_14224,3.0100000000000002,88.17999999999999,84,5
STU_14333,3.22,93.1,12,1
STU_14511,1.97,92.25,30,2
STU_14798,2.3349999999999995,80.73333333333333,90,6
STU_14825,1.9975,90.0,72,4
STU_14828,2.97,94.3,18,1
STU_14841,2.46,82.2,15,1
STU_15225,2.6374999999999997,83.81250000000001,123,8
STU_15231,3.1325000000000003,81.275,60,4
STU_15362,2.3,85.05000000000001,30,2
STU_15394,1.925,88.1,54,4
STU_15747,2.9800000000000004,82.06666666666668,36,3
STU_16203,2.88,86.0,15,1
STU_16391,2.78,86.26666666666667,93,6
STU_16485,1.575,86.225,75,4
STU_16560,3.4133333333333336,90.89999999999999,33,3
STU_17319,2.53,87.0,42,3
STU_17450,2.7139999999999995,89.25999999999999,90,5
STU_17586,1.7433333333333332,81.46666666666667,45,3
STU_15389,2.62,90.0,15,1
STU_16957,1.48,78.9,12,1
STU_09285,2.275,84.25,36,2
STU_09629,2.742,84.97999999999999,57,5
STU_09730,2.4614285714285713,83.87142857142855,87,7
STU_09810,2.7825,79.62500000000001,99,8
STU_10595,2.685,86.15,30,2
STU_10726,3.0575,88.875,45,4
STU_11125,3.1100000000000003,88.79999999999998,126,7
STU_11233,2.1525,83.6375,123,8
STU_11264,2.248571428571428,82.57142857142857,108,7
STU_11290,2.76,86.35,30,2
STU_11415,1.93,91.2,18,1
STU_11548,2.81,92.73333333333333,45,3
STU_11612,2.633333333333333,83.7,90,6
STU_11616,2.9299999999999997,87.95,93,6
STU_12198,2.71,80.3,15,1
STU_12205,2.908,85.9,75,5
STU_12968,2.47,90.7,15,1
STU_13169,2.801666666666667,90.13333333333333,72,6
STU_13332,2.885,89.6,24,2
STU_13414,3.128,77.25999999999999,75,5
STU_13454,2.935,93.0,36,2
STU_13478,3.075,87.55,30,2
STU_13695,2.87,79.75,45,4
STU_13732,3.2600000000000002,82.5,54,3
STU_13739,2.4360000000000004,84.73999999999998,75,5
STU_13779,3.2,90.8,18,1
STU_13934,2.69,85.3,18,1
STU_14153,3.025,90.2,30,2
STU_14745,2.4959999999999996,85.78,72,5
STU_14847,2.7325,80.25,63,4
STU_14854,2.36,91.6,12,1
STU_14959,2.9466666666666668,88.53333333333335,108,7
STU_15007,2.3025,84.65,60,4
STU_15084,2.3899999999999997,81.5,48,4
STU_15254,3.33,87.94999999999999,36,2
STU_15465,2.3,93.1,15,1
STU_15543,2.985,86.875,57,4
STU_15558,2.8825,83.6125,117,8
STU_15685,1.6475,85.89999999999999,72,4
STU_16139,3.1350000000000002,81.36250000000001,96,8
STU_16144,2.6574999999999998,84.725,42,4
STU_16334,2.1066666666666665,84.56666666666666,45,3
STU_16632,2.9739999999999998,88.22,72,5
STU_17240,2.5714285714285716,79.29999999999998,81,7
STU_17614,3.22,95.0,15,1
STU_12709,2.26875,87.7625,90,8
STU_13201,3.1950000000000003,93.9,27,2
STU_13324,2.8200000000000003,92.25,30,2
STU_08938,2.49,90.9,15,1
STU_09263,3.1,88.39999999999999,48,4
STU_09333,2.3775,80.5625,123,8
STU_09580,2.2824999999999998,84.3875,120,8
STU_09948,2.1475,81.725,66,4
STU_10407,2.7400000000000007,88.34285714285714,78,7
STU_10414,2.2675,83.57500000000002,129,8
STU_10542,2.3850000000000002,85.23333333333333,69,6
STU_11278,2.5420000000000003,78.5,60,5
STU_11294,3.0300000000000002,82.55,33,2
STU_11755,2.9562500000000003,89.45,123,8
STU_12131,2.4625,85.825,60,4
STU_12177,2.64,87.9,36,2
STU_12285,3.4233333333333333,89.36666666666667,36,3
STU_12741,3.16,76.73333333333333,36,3
STU_12776,2.7637499999999995,87.42499999999998,96,8
STU_13097,2.7133333333333334,82.8,36,3
STU_13266,2.835,86.5,33,2
STU_13405,2.91,87.15,36,2
STU_14323,3.35,82.4,21,2
STU_14385,2.3475,80.35000000000001,147,8
STU_14659,2.646,86.64,66,5
STU_14702,3.0466666666666664,86.83333333333333,33,3
STU_15048,2.5066666666666664,84.83333333333333,54,3
STU_15078,2.77,86.3,15,2
STU_15161,3.25,94.62,75,5
STU_15406,2.138333333333333,84.41666666666667,93,6
STU_15578,2.53,78.43333333333334,54,3
STU_15617,2.8800000000000003,83.86666666666667,39,3
STU_15720,2.9,81.86666666666666,42,3
STU_16225,2.987142857142857,84.44285714285715,129,7
STU_16640,3.355,84.8,33,2
STU_16704,3.675,85.65,30,2
STU_16763,2.853333333333333,83.33333333333333,48,3
STU_17185,2.8760000000000003,87.82000000000001,75,5
STU_17252,2.6425,79.4,51,4
STU_17495,2.66,84.85,30,2
STU_17584,2.48,91.05000000000001,33,2
STU_09010,3.255,88.3,21,2
STU_09351,2.15,86.1,18,1
STU_09573,2.6900000000000004,84.65,24,2
STU_09815,2.4316666666666666,82.25,96,6
STU_09873,2.7071428571428564,86.32857142857144,105,7
STU_09929,3.09375,78.73749999999998,96,8
STU_10118,2.396,88.52,54,5
STU_10180,2.5199999999999996,90.0,30,2
STU_10220,3.1950000000000003,86.19999999999999,30,2
STU_10925,2.918333333333333,89.89999999999999,90,6
STU_11169,2.6119999999999997,89.8,69,5
STU_11273,3.2949999999999995,87.3,57,4
STU_11477,1.5366666666666668,83.10000000000001,51,3
STU_11567,1.8579999999999999,88.61999999999999,87,5
STU_11576,2.56,83.32000000000001,75,5
STU_11939,2.455,89.58333333333333,90,6
STU_12018,2.7100000000000004,77.83333333333333,96,6
STU_12114,2.855,88.45,30,2
STU_12421,3.475,91.375,69,4
STU_12473,2.6185714285714288,77.29999999999998,111,7
STU_12683,2.9971428571428578,80.99999999999999,102,7
STU_12960,2.82,92.4,15,1
STU_13198,2.51,88.09999999999998,48,3
STU_13418,2.775,83.19999999999999,63,5
STU_13843,2.9,93.9,15,1
STU_14162,2.782,88.41999999999999,75,5
STU_14181,2.3733333333333335,91.2,36,3
STU_14407,3.166,91.14000000000001,57,5
STU_14410,2.29375,85.41250000000001,123,8
STU_14490,2.69,83.9,12,1
STU_14827,2.95125,88.6375,147,8
STU_14904,2.12,83.4,18,1
STU_15013,2.5324999999999998,83.525,72,4
STU_15182,1.571666666666667,80.35,114,6
STU_16036,3.25,90.0,15,1
STU_16375,2.873333333333333,82.16666666666667,45,3
STU_16715,3.186666666666666,88.26666666666667,36,3
STU_13205,3.0933333333333333,89.7,57,3
STU_16958,3.386,85.0,78,5
STU_17238,2.7875,81.875,51,4
STU_09140,3.64,90.6,18,1
STU_09260,1.9099999999999997,89.65,72,4
STU_09513,2.5300000000000002,86.15,24,2
STU_09539,2.4925,94.35,57,4
STU_09774,2.99375,86.95,126,8
STU_09897,2.8366666666666664,79.23333333333333,54,3
STU_10161,3.0133333333333336,87.66666666666667,90,6
STU_10246,2.06,89.30000000000001,36,2
STU_10281,2.5683333333333334,83.86666666666666,96,6
STU_10799,3.0033333333333334,86.06666666666666,42,3
STU_11194,2.6612500000000003,90.4625,117,8
STU_11229,2.23,90.7,18,1
STU_11399,2.765,93.6,24,2
STU_11618,2.145,85.35,63,4
STU_11822,2.6683333333333334,88.89999999999999,93,6
STU_11840,2.42,90.05,30,2
STU_11865,2.3733333333333335,82.23333333333333,39,3
STU_11950,2.9,84.0,15,1
STU_12185,1.7700000000000002,79.7,51,3
STU_12284,2.6799999999999997,90.03333333333335,42,3
STU_12676,2.804,88.6,63,5
STU_12790,2.6100000000000003,83.5,30,2
STU_13064,2.708,77.74,60,5
STU_13536,2.48,86.3,15,1
STU_13913,2.535,98.30000000000001,30,2
STU_13927,2.45,87.66,69,5
STU_13983,1.8900000000000001,79.85,30,2
STU_14032,3.0375,91.1625,99,8
STU_14069,3.08,84.55000000000001,30,2
STU_14124,2.96,87.45,36,3
STU_14318,2.6737500000000005,78.6625,120,8
STU_14358,2.4333333333333336,88.2,48,3
STU_14453,2.915,93.6,30,2
STU_14800,2.93,92.6,15,1
STU_15113,2.99,87.66666666666667,54,3
STU_15663,2.1879999999999997,78.58,90,5
STU_15743,2.3600000000000003,87.69999999999999,33,2
STU_15804,2.34125,82.93750000000001,99,8
STU_15955,2.48,86.7,15,1
STU_16060,2.90875,91.42500000000001,120,8
STU_16274,3.16,82.07142857142857,108,7
STU_16813,2.525,84.2,36,2
STU_17216,3.75,95.9,15,1
STU_17382,2.91,87.66666666666667,48,3
STU_17359,2.96,91.1,18,1
STU_17521,2.95,92.8,15,1
STU_09228,2.61,82.25,57,4
STU_09278,3.065,80.58333333333333,90,6
STU_09377,2.3033333333333332,87.36666666666667,48,3
STU_09604,2.975714285714286,90.25714285714285,108,7
STU_09857,2.8533333333333335,84.60000000000001,39,3
STU_09865,2.46,75.52857142857142,108,7
STU_10198,2.6750000000000003,77.4,57,4
STU_10434,3.61,91.8,12,1
STU_11305,3.2199999999999998,82.45,27,2
STU_11375,2.3739999999999997,90.96000000000001,60,5
STU_11397,3.25,88.3,15,1
STU_11408,2.6166666666666667,85.13333333333334,45,3
STU_11639,2.1466666666666665,90.3,54,3
STU_11773,1.9566666666666668,78.86666666666666,36,3
STU_12103,1.25,89.26666666666667,54,3
STU_12117,2.236666666666667,83.76666666666667,45,3
STU_12326,2.7,87.65,30,2
STU_12479,3.13,90.0,12,1
STU_13411,3.19,90.8,15,1
STU_13412,1.35,81.4,18,1
STU_13436,2.3666666666666667,86.33333333333333,45,3
STU_14155,2.285,82.3,30,2
STU_14518,2.315,86.69999999999999,24,2
STU_15019,2.335,77.8,33,2
STU_15081,3.0999999999999996,83.63333333333334,90,6
STU_15191,2.495,92.4,30,2
STU_15250,2.538,80.72,78,5
STU_15879,2.6466666666666665,86.41666666666667,81,6
STU_16046,2.915,87.875,48,4
STU_16709,2.418,87.46,63,5
STU_16716,2.16,84.4,36,2
STU_17425,3.5,84.6,15,1
STU_17538,2.4133333333333336,81.7,69,6
STU_17577,2.76,92.7,15,1
STU_17414,2.6025,88.4,57,4
STU_08912,2.855,83.0125,126,8
STU_09043,2.045,78.35,30,2
STU_09099,3.0625,88.2375,117,8
STU_09578,2.9349999999999996,79.75,30,2
STU_10342,1.9333333333333333,88.73333333333335,45,3
STU_10432,2.3266666666666667,83.73333333333333,42,3
STU_10564,2.235,86.1,30,2
STU_10927,2.685714285714286,80.95714285714284,108,7
STU_11101,2.934,77.97999999999999,66,5
STU_11130,2.6000000000000005,87.2,78,7
STU_11344,2.82,92.5,15,1
STU_11810,3.39,81.7,12,1
STU_12054,2.4525,80.92500000000001,57,4
STU_12291,2.7733333333333334,84.16666666666667,99,6
STU_12478,2.4775,73.725,60,4
STU_12501,2.792,82.72,90,5
STU_12520,2.3075,84.07499999999999,123,8
STU_12802,2.53,88.9,15,1
STU_12880,2.4,87.60000000000001,36,3
STU_13029,3.09,83.48571428571428,102,7
STU_13090,2.7975000000000003,74.88749999999999,120,8
STU_13163,3.016666666666666,87.78333333333332,87,6
STU_13404,2.46,94.5,30,2
STU_13551,2.6266666666666665,85.76666666666665,96,6
STU_13634,2.5949999999999998,86.75,36,2
STU_13837,2.0566666666666666,85.7,54,3
STU_13947,2.857142857142857,86.85714285714285,105,7
STU_14244,2.7899999999999996,82.03333333333333,42,3
STU_14545,3.17,83.38000000000001,75,5
STU_14624,2.25,80.25,63,4
STU_14905,3.24,77.5,27,2
STU_14936,2.205,83.6,30,2
STU_15259,2.532857142857143,83.51428571428572,81,7
STU_15287,3.092,83.69999999999999,72,5
STU_15457,2.8287500000000003,85.025,117,8
STU_15472,3.1933333333333334,85.10000000000001,36,3
STU_15721,2.85,81.83333333333333,45,3
STU_15865,3.0399999999999996,90.275,72,4
STU_16133,2.437142857142857,84.28571428571429,105,7
STU_16182,3.125,88.35,30,2
STU_16237,2.8774999999999995,84.7,87,8
STU_16265,2.9528571428571433,81.82857142857144,84,7
STU_16404,2.61,87.73333333333333,45,3
STU_16678,2.205,81.31666666666668,87,6
STU_16720,3.32,87.3,12,1
STU_16914,2.284,86.34,75,5
STU_17354,2.7779999999999996,84.34,75,5
STU_12793,2.73,92.3,12,1
STU_13125,2.9066666666666667,90.23333333333333,45,3
STU_08900,2.81,90.225,72,4
STU_09266,2.92,82.89999999999999,45,3
STU_09582,3.087142857142857,85.5,99,7
STU_09608,2.48,78.75,30,2
STU_09613,3.0637499999999998,83.56249999999999,120,8
STU_09864,3.0316666666666663,83.76666666666667,78,6
STU_10562,3.28,93.2,15,1
STU_10764,2.88,88.2,15,1
STU_10940,2.355,85.1,30,2
STU_11022,2.762857142857143,83.98571428571428,108,7
STU_11185,2.7328571428571427,85.82857142857142,87,7
STU_11455,3.094285714285714,84.17142857142858,120,7
STU_11490,3.1875,84.275,57,4
STU_11743,2.2800000000000002,79.9,75,5
STU_11938,3.18,89.3,9,1
STU_11989,2.74,85.6,33,2
STU_12127,2.342857142857143,80.01428571428572,108,7
STU_12168,3.2649999999999997,79.25,60,4
STU_12530,2.795,87.325,57,4
STU_13114,2.876,83.97999999999999,72,5
STU_13272,3.015,90.35,30,2
STU_13297,2.68,93.2,15,1
STU_13552,2.7337499999999997,77.9125,123,8
STU_13598,2.6816666666666666,92.88333333333334,96,6
STU_13785,2.62,90.4,15,1
STU_14648,2.275,78.6,60,4
STU_14687,2.7039999999999997,80.7,63,5
STU_15294,2.95125,89.46250000000002,123,8
STU_15818,2.6550000000000002,84.925,48,4
STU_15849,2.733333333333333,91.46666666666665,33,3
STU_16126,3.62,83.8,30,2
STU_16402,2.7487500000000002,79.97500000000001,135,8
STU_16444,3.045,86.95,60,4
STU_16571,2.0866666666666664,79.56666666666666,45,3
STU_16722,2.788,84.44000000000001,78,5
STU_16789,3.035,92.05000000000001,30,2
STU_16866,3.465,85.15,24,2
STU_16970,2.79,86.85,126,8
STU_17099,2.6125,92.15,78,4
STU_16528,3.43,83.5,63,4
STU_09036,2.753333333333334,87.06666666666666,54,3
STU_09328,2.4450000000000003,86.05,30,2
STU_09395,3.026666666666667,83.23333333333333,54,3
STU_09463,2.8775,88.95,120,8
STU_09564,2.9139999999999997,83.76,57,5
STU_09833,2.8814285714285712,84.34285714285714,84,7
STU_09919,3.3,90.8,12,1
STU_10036,2.22,87.9,18,1
STU_10223,2.35,84.7,30,2
STU_10290,2.4966666666666666,81.71666666666667,93,6
STU_10299,2.7975000000000003,87.5125,144,8
STU_10601,2.895,86.55000000000001,57,4
STU_10643,2.641428571428572,84.62857142857142,84,7
STU_10713,2.696,80.78,84,5
STU_10809,2.81,85.49999999999999,93,6
STU_10836,2.7350000000000003,88.2,30,2
STU_11135,2.75,81.2,15,1
STU_11486,2.4975,87.02499999999999,51,4
STU_11600,3.57,97.3,12,1
STU_11689,2.5714285714285716,86.82857142857144,108,7
STU_11757,2.898,84.8,60,5
STU_12075,2.7925,81.9,48,4
STU_12301,3.0100000000000002,94.475,60,4
STU_12321,2.837142857142857,86.60000000000001,105,7
STU_12699,2.9325,74.3,63,4
STU_13058,2.741666666666667,84.2,72,6
STU_13208,2.8440000000000003,82.94,75,5
STU_13440,1.8024999999999998,80.4,60,4
STU_13709,2.87,86.9,15,1
STU_13840,2.56,80.73333333333333,48,3
STU_14093,2.4557142857142855,80.48571428571428,81,7
STU_14378,2.932,88.18,75,5
STU_14579,2.66,80.15,102,8
STU_14878,3.1050000000000004,95.75,60,4
STU_14968,2.1885714285714286,83.3,126,7
STU_14978,3.0074999999999994,89.375,60,4
STU_15074,3.14,91.0,12,1
STU_15168,2.5480000000000005,81.47999999999999,75,5
STU_15323,2.468,85.72,93,5
STU_15579,2.785,84.58333333333333,87,6
STU_15974,2.94,92.5,24,2
STU_16102,2.52,82.775,57,4
STU_16244,2.4842857142857144,81.5,105,7
STU_16291,2.5425,75.01249999999999,114,8
STU_17141,2.902,85.35999999999999,75,5
STU_17266,2.97,86.06666666666666,45,3
STU_13120,2.62,85.5,15,1
STU_15108,2.725,83.70000000000002,63,4
STU_15376,1.615,91.25,36,2
STU_08944,3.473333333333333,88.43333333333332,54,3
STU_09337,3.144,84.1,75,5
STU_09523,2.8049999999999997,90.05,27,2
STU_09566,2.05375,77.6375,96,8
STU_09677,2.58,91.7,12,1
STU_09894,2.42,82.85,30,2
STU_09973,2.5975,81.175,48,5
STU_10417,2.623333333333333,82.63333333333334,45,3
STU_10525,2.3162500000000006,84.6,120,8
STU_10530,2.93,86.8,18,1
STU_11032,3.0224999999999995,89.14999999999999,120,8
STU_11574,2.7237500000000003,85.5125,141,8
STU_11751,2.8625,86.72500000000001,60,4
STU_11918,2.69,90.30000000000001,30,2
STU_12035,3.0,95.7,15,1
STU_12144,2.875,90.8,27,2
STU_12262,2.19,85.9,33,2
STU_12369,2.74,81.41666666666667,72,6
STU_12697,3.41,89.5,12,1
STU_13100,3.0700000000000003,90.6,30,2
STU_13355,1.84,83.9,21,1
STU_13531,2.9033333333333338,87.10000000000001,105,6
STU_13586,2.896,85.02000000000001,72,5
STU_13724,2.8733333333333335,80.60000000000001,42,3
STU_13797,2.8016666666666663,74.43333333333332,93,6
STU_13912,2.95,87.5,18,1
STU_14128,2.7516666666666665,81.7,96,6
STU_14446,2.8800000000000003,82.2,57,3
STU_14600,3.3275,86.30000000000001,75,4
STU_14627,2.678,82.25999999999999,75,5
STU_14973,3.0949999999999998,82.25,30,2
STU_14987,2.4050000000000002,81.14999999999999,72,4
STU_15002,2.8025,86.1,63,4
STU_15044,2.625,89.575,48,4
STU_15058,2.08,86.7,12,1
STU_15559,2.856666666666667,93.83333333333333,45,3
STU_15561,2.245,85.0,33,2
STU_16287,2.8375,82.80000000000001,144,8
STU_16343,3.54,89.1,12,1
STU_16681,2.8600000000000003,86.22,75,5
STU_17184,2.3180000000000005,91.92,72,5
STU_17494,2.83,88.2,42,3
STU_17612,2.615,86.05000000000001,60,4
STU_17332,2.22,90.0,18,1
STU_09014,2.966,83.6,60,5
STU_09055,2.7,85.42,75,5
STU_09137,2.8216666666666668,78.58333333333333,84,6
STU_09149,2.513333333333333,84.96666666666665,36,3
STU_09244,3.0087500000000005,86.01249999999999,120,8
STU_09635,2.635,83.05,51,4
STU_10080,2.16,89.0,39,2
STU_10331,2.7733333333333334,85.80000000000001,45,3
STU_10389,3.02,84.5,18,1
STU_11292,2.3133333333333335,81.16666666666667,57,3
STU_11562,1.9049999999999998,90.69999999999999,36,2
STU_11935,1.3833333333333335,89.43333333333334,54,3
STU_11969,2.876666666666667,85.13333333333334,51,3
STU_12238,3.09,84.16666666666667,45,3
STU_12270,3.1300000000000003,87.36666666666667,54,3
STU_12433,3.0233333333333334,78.26666666666667,93,6
STU_12445,2.73,97.5,15,1
STU_13129,1.8975,78.0,63,4
STU_13158,2.72,87.06666666666666,45,3
STU_13366,3.26,90.7,15,1
STU_13611,2.6550000000000002,87.75,33,2
STU_13972,2.87875,81.43749999999999,138,8
STU_14329,2.87,88.1,30,2
STU_14415,2.521666666666667,80.18333333333334,72,7
STU_14483,2.7375,85.375,60,4
STU_14799,2.39,86.7,15,1
STU_15135,2.19,92.9,18,1
STU_16186,3.1028571428571428,83.87142857142858,108,7
STU_16430,3.425,88.35,39,2
STU_16516,2.926,88.84,72,5
STU_16547,2.393333333333333,79.06666666666666,45,3
STU_16695,3.21,84.1,27,2
STU_16775,3.19,90.7,18,1
STU_17255,3.65,96.0,15,1
STU_08882,2.625,79.71666666666665,90,7
STU_08890,2.6166666666666667,80.86666666666667,54,3
STU_09011,2.676666666666667,81.4,33,3
STU_09225,2.6933333333333334,86.93333333333334,45,3
STU_09374,3.016,89.42,75,5
STU_09472,2.75,81.43999999999998,78,5
STU_09503,2.7900000000000005,90.13333333333334,48,3
STU_09705,2.8885714285714283,83.04285714285713,105,7
STU_10980,2.452,86.62,69,5
STU_11088,3.143333333333333,89.01666666666667,108,6
STU_11108,2.474285714285714,85.57142857142857,129,7
STU_11110,3.06,88.075,60,4
STU_11947,2.6,87.0,15,1
STU_12133,3.1316666666666664,80.8,93,6
STU_12319,3.64,85.3,18,1
STU_12340,3.01,97.1,30,2
STU_12809,2.7216666666666662,82.64999999999999,90,6
STU_12926,3.295,90.35,27,2
STU_12931,2.56,99.6,15,1
STU_12978,2.13,84.9,15,1
STU_13640,2.1999999999999997,87.2,48,3
STU_13751,3.1142857142857143,86.67142857142858,105,7
STU_13895,2.69,100.0,15,1
STU_14007,2.5385714285714287,77.0,105,7
STU_14285,2.4812499999999997,77.5125,117,8
STU_14432,2.4971428571428573,83.8142857142857,111,7
STU_14584,2.8512500000000003,89.025,126,8
STU_14669,2.8233333333333337,92.40000000000002,45,3
STU_14910,2.7037500000000003,76.95,123,8
STU_15009,2.23,88.4,18,1
STU_15573,2.9566666666666666,90.43333333333334,48,3
STU_15623,2.9257142857142853,88.27142857142859,102,7
STU_15864,3.55,84.75,27,2
STU_15937,3.106666666666667,89.23333333333333,33,3
STU_16346,2.87,86.55,36,2
STU_16944,2.722857142857143,82.05714285714285,108,7
STU_17097,2.663333333333333,81.78333333333333,90,6
STU_17105,2.998,82.1,90,5
STU_17110,2.56625,86.4625,123,8
STU_17233,2.64,83.43333333333334,45,3
STU_17509,2.9159999999999995,89.12,78,5
STU_13323,3.15,94.6,36,2
STU_15308,2.46,80.7,15,1
STU_15902,2.575,80.9875,120,8
STU_16174,2.765,79.325,114,8
STU_09066,2.7375000000000003,87.225,72,4
STU_09104,2.4850000000000003,90.775,57,4
STU_09111,3.07,88.67500000000001,96,8
STU_09607,3.0542857142857147,86.07142857142857,111,7
STU_10433,3.1525,80.075,54,4
STU_10614,3.04,87.2,15,1
STU_10657,2.935,83.55,57,4
STU_11253,3.3575,78.71249999999999,117,8
STU_11412,2.84,82.2,33,2
STU_11517,3.6,98.2,15,1
STU_11608,2.957142857142857,72.18571428571428,105,7
STU_11692,2.7725000000000004,85.6,63,4
STU_11869,3.165,90.75,27,2
STU_11896,3.5949999999999998,87.85,21,2
STU_12246,2.357142857142857,83.41428571428571,105,7
STU_12294,2.31,89.1,60,4
STU_12453,3.1500000000000004,91.55,30,2
STU_12643,2.5262499999999997,89.08749999999999,120,8
STU_12844,3.168,91.78,75,5
STU_12976,2.48,84.75,60,4
STU_13128,2.5575,85.95,120,8
STU_13651,2.5100000000000002,79.93333333333334,54,3
STU_13819,1.675,76.2625,144,8
STU_14174,3.18,94.2,15,1
STU_14384,2.5999999999999996,84.725,117,8
STU_14695,1.78,87.0,15,1
STU_14719,2.55,80.41428571428571,105,7
STU_14867,2.5774999999999997,83.95,42,4
STU_15348,2.93,89.9,15,1
STU_15757,1.815,84.55,30,2
STU_15810,2.026666666666667,86.76666666666667,48,3
STU_15844,2.83,90.0,36,3
STU_16053,1.85,93.2,12,1
STU_16473,3.1485714285714286,82.47142857142858,126,7
STU_17431,2.53875,84.52499999999999,105,8
STU_17557,2.41,89.2,15,1
STU_17568,2.7962499999999997,77.775,117,8
STU_13524,2.718571428571429,91.98571428571428,105,7
STU_17522,3.115,85.94999999999999,24,2
STU_08917,3.14375,88.9,114,8
STU_08967,2.3000000000000003,81.16250000000001,138,8
STU_09212,2.53,94.6,12,1
STU_09253,2.0025000000000004,86.57500000000002,66,4
STU_09265,2.2925,82.65,60,4
STU_09559,2.566666666666667,77.76666666666667,48,3
STU_09598,2.2600000000000002,91.37142857142858,102,7
STU_09764,2.2,86.19999999999999,90,5
STU_09795,2.65125,79.72500000000001,117,8
STU_09839,2.938,83.04,72,5
STU_09918,2.92,87.6,12,1
STU_09945,2.6,92.5,42,3
STU_10090,2.995,91.32500000000002,60,4
STU_11089,3.435,92.75,30,2
STU_11104,2.2725,83.4,72,4
STU_11509,2.1775,81.72500000000001,123,8
STU_11559,2.5949999999999998,81.44999999999999,30,2
STU_11887,2.1425,89.17500000000001,75,4
STU_12011,2.565,82.9,36,2
STU_12105,2.7,79.44999999999999,30,2
STU_12172,2.77,83.65,87,6
STU_12297,2.5,86.025,117,8
STU_13189,1.88,87.075,75,4
STU_13497,2.8825,91.3625,96,8
STU_13621,3.1,92.0,12,1
STU_13740,2.255,87.525,60,4
STU_13765,2.675,86.0,24,2
STU_13921,3.196,86.58,81,5
STU_13958,2.46,90.1,18,1
STU_14005,3.18,82.9,30,2
STU_14408,2.36,86.9,12,1
STU_15592,2.5000000000000004,89.34,90,5
STU_15972,3.215,84.0,33,2
STU_16035,2.52,87.9,15,1
STU_16103,2.055,87.80000000000001,30,2
STU_16399,3.1275,87.05,57,4
STU_16757,3.15,82.1,12,1
STU_16996,2.6585714285714284,89.0,102,7
STU_17497,2.4419999999999997,85.76000000000002,63,5
STU_17618,2.74,83.0,63,4
STU_13312,2.5399999999999996,88.06666666666666,111,6
STU_08871,1.955,81.725,48,4
STU_08876,2.8633333333333333,86.06666666666666,36,3
STU_09563,2.535,93.5,30,2
STU_09789,2.524,74.14,69,5
STU_10081,3.32,95.8,45,4
STU_10396,2.2299999999999995,90.225,66,4
STU_10641,2.7399999999999998,84.73333333333333,36,3
STU_11008,2.5475,84.7375,117,8
STU_11017,2.44,84.5,18,1
STU_11249,2.5324999999999998,82.89999999999999,69,4
STU_11544,2.7100000000000004,87.86666666666667,93,6
STU_11580,3.1857142857142855,93.50000000000001,90,7
STU_11795,2.4675000000000002,90.5,48,4
STU_11797,2.6875,82.775,45,4
STU_11844,3.3000000000000003,82.89999999999999,36,3
STU_11864,2.52875,83.0375,120,8
STU_11981,2.5575,81.56250000000001,120,8
STU_12004,2.6762499999999996,82.425,144,8
STU_12408,2.8466666666666662,88.56666666666666,36,3
STU_12547,3.21125,81.3875,126,8
STU_12659,2.7562500000000005,81.77499999999999,141,8
STU_13117,2.35,80.9,15,1
STU_13180,2.607142857142857,80.24285714285713,102,7
STU_13890,2.7733333333333334,78.7,84,6
STU_14021,2.28,83.125,60,4
STU_14031,3.0149999999999997,82.5,33,2
STU_14075,2.3983333333333334,87.38333333333333,69,6
STU_14136,2.9933333333333336,84.5,45,3
STU_14236,2.8762499999999998,81.91249999999998,120,8
STU_14438,1.9839999999999995,78.62,93,5
STU_14696,2.9,92.3,21,1
STU_15991,2.9675,89.85,48,4
STU_16310,2.58,81.675,123,8
STU_16345,2.473333333333333,80.86666666666667,33,3
STU_16387,2.462,80.54,60,5
STU_16644,2.99,82.16666666666667,54,3
STU_16833,2.4233333333333333,89.36666666666667,33,3
STU_16878,2.605,88.7,30,2
STU_17376,2.7680000000000002,83.38000000000001,75,5
STU_17558,2.29,90.3,18,1
STU_17582,2.86125,86.88750000000002,144,8
STU_09218,2.775,78.55,27,2
STU_09300,2.575,80.58749999999999,123,8
STU_09575,2.435,80.38333333333333,84,6
STU_09842,2.9450000000000003,94.1,33,2
STU_10021,2.4266666666666667,88.5,42,3
STU_10230,3.475,90.2,27,2
STU_10315,2.4450000000000003,83.05000000000001,24,2
STU_10329,1.5479999999999998,85.8,90,5
STU_10503,2.685,84.0,27,2
STU_10671,1.395,76.0,36,3
STU_10693,3.2466666666666666,77.13333333333333,48,3
STU_11242,3.395,91.44999999999999,42,2
STU_11766,2.73,85.0,12,1
STU_12059,2.498,82.6,75,5
STU_12498,3.115,88.7,24,2
STU_13448,2.45,89.6,18,1
STU_13504,2.7887500000000003,87.5875,117,8
STU_13637,3.0925000000000002,88.99999999999999,57,4
STU_13693,2.703333333333333,83.76666666666667,33,3
STU_13944,2.9050000000000002,93.4,30,2
STU_13964,2.024,88.24,93,5
STU_14217,3.025,84.4,27,2
STU_14309,2.565,83.8,36,2
STU_14982,2.66375,81.12499999999999,102,8
STU_14984,2.31,85.25,36,2
STU_15174,2.1719999999999997,86.9,75,5
STU_15326,2.6233333333333335,88.40000000000002,45,3
STU_16429,3.62,90.8,15,1
STU_16452,2.5833333333333335,89.56666666666666,54,3
STU_16652,2.4133333333333336,78.55,102,6
STU_16690,3.1550000000000002,80.55,30,2
STU_16774,2.9987500000000002,76.55,120,8
STU_16834,2.9975,90.1,60,4
STU_17486,2.4899999999999998,83.52,78,5
STU_17550,1.8575,87.15,60,4
STU_13013,2.8,91.05000000000001,33,2
STU_16499,2.2471428571428573,82.7142857142857,102,7
STU_17343,3.205,84.44999999999999,30,2
STU_08927,2.95,91.3,24,2
STU_09040,2.8725,87.7,63,4
STU_09070,3.58,91.2,12,1
STU_09336,2.8649999999999993,79.3125,120,8
STU_09743,2.58,86.05000000000001,75,4
STU_10117,2.7257142857142855,79.14285714285712,108,7
STU_10370,3.1550000000000002,84.825,60,4
STU_10931,3.1475,84.94999999999999,63,4
STU_11020,2.9114285714285715,81.64285714285714,105,7
STU_11042,2.52,91.95,36,2
STU_11698,2.0124999999999997,76.475,63,4
STU_11828,2.12,80.7,12,1
STU_12006,2.7075000000000005,79.14999999999999,60,4
STU_12184,2.41,85.5,18,1
STU_12441,2.85,84.03333333333333,51,3
STU_12651,2.6900000000000004,82.9,45,4
STU_13156,2.9619999999999997,78.82000000000001,75,5
STU_13415,2.468,78.52,63,5
STU_13495,2.561666666666667,90.36666666666667,93,6
STU_13720,2.665,85.1,36,2
STU_13924,2.97,86.8,15,1
STU_13965,2.8125,89.19999999999999,63,4
STU_13978,1.8385714285714287,86.54285714285713,108,7
STU_14040,2.878571428571429,82.62857142857142,81,7
STU_14322,2.455,88.35,30,2
STU_14610,2.953333333333333,85.53333333333335,45,3
STU_14641,2.45,96.7,18,1
STU_14776,2.625,85.05,90,6
STU_14784,2.16,86.2,15,1
STU_14962,3.135,96.75,30,2
STU_15268,3.172,85.26,60,5
STU_15532,2.55,89.6,15,1
STU_15615,3.276,87.78,78,5
STU_15819,3.1479999999999997,87.44,78,5
STU_16567,2.994285714285714,85.24285714285713,108,7
STU_16841,2.72,89.05999999999999,75,5
STU_16864,2.52,92.73333333333333,36,3
STU_16870,2.61,87.7,48,3
STU_17135,2.39,82.6,36,2
STU_17440,2.56,88.725,45,4
STU_15188,2.75,89.7,15,1
STU_08873,2.93,80.3,12,1
STU_08942,2.1100000000000003,81.6,21,2
STU_09098,1.95,89.85,33,2
STU_09294,2.3674999999999997,81.625,60,4
STU_09352,2.71,89.6,15,1
STU_09713,3.64,92.7,15,1
STU_10053,2.82,74.7,15,1
STU_10581,2.845,85.15,30,2
STU_10590,2.75,81.93333333333332,45,3
STU_10780,2.93,94.1,18,1
STU_10987,2.51,81.2,18,1
STU_11044,2.805714285714285,86.95714285714284,105,7
STU_11215,1.9300000000000002,85.0,63,4
STU_11312,3.245,93.9,39,2
STU_11604,2.925,82.375,72,4
STU_11901,2.31,92.5,15,1
STU_12354,2.32,80.3,15,1
STU_12382,2.77,91.30000000000001,30,2
STU_12455,2.4662499999999996,86.01249999999999,120,8
STU_12538,2.2,86.25,30,2
STU_12620,2.71,91.0,12,1
STU_12708,2.96,84.55,27,2
STU_12722,2.518571428571429,85.25714285714285,84,7
STU_12781,2.6833333333333336,89.10000000000001,39,3
STU_12803,3.55,89.3,15,1
STU_13045,1.8166666666666667,79.76666666666667,57,3
STU_13784,2.855,87.35,30,2
STU_14413,1.968333333333333,84.9,108,6
STU_14570,2.85,89.45,36,2
STU_14706,2.8200000000000003,85.0,33,2
STU_14823,3.51,87.8,12,1
STU_15000,2.336,85.25999999999999,75,5
STU_15006,2.688571428571428,90.41428571428571,105,7
STU_15455,2.645,93.0,30,2
STU_15648,2.69,89.10000000000001,42,3
STU_15740,2.4416666666666664,83.3,111,6
STU_15862,3.1628571428571424,84.3142857142857,108,7
STU_16218,2.1257142857142854,76.32857142857144,105,8
STU_16330,3.63,86.7,15,1
STU_16349,2.48,88.1,21,1
STU_16573,2.688,84.26000000000002,90,5
STU_16591,2.025,82.65,36,2
STU_16634,2.9057142857142857,85.92857142857143,102,7
STU_17534,2.9899999999999998,88.02000000000001,90,5
STU_17579,3.3466666666666662,93.06666666666668,33,3
STU_17600,2.334,83.67999999999999,72,5
STU_09309,2.2612499999999995,84.00000000000001,120,8
STU_09315,2.8442857142857143,89.34285714285714,105,7
STU_09526,2.4600000000000004,83.73333333333333,57,3
STU_09667,3.045,89.9,36,2
STU_09917,2.7249999999999996,82.95,30,2
STU_10007,2.55,92.3,30,2
STU_10144,2.8816666666666664,89.14999999999999,87,6
STU_10528,2.645,96.4,30,2
STU_10747,2.75,84.5,30,2
STU_10751,3.205,87.4,36,2
STU_11920,2.8433333333333333,83.7,42,3
STU_12052,2.83,89.1,30,2
STU_12104,2.6533333333333338,80.05,90,6
STU_12228,2.5225,76.52499999999999,120,8
STU_12593,2.9757142857142855,89.57142857142856,108,7
STU_12674,3.2840000000000003,81.96,69,5
STU_12950,2.52,71.3,36,2
STU_13242,3.0,86.93333333333332,39,3
STU_13251,3.323333333333333,87.13333333333333,45,3
STU_13881,2.558333333333333,82.31666666666666,87,6
STU_14046,3.1133333333333333,85.03333333333335,48,3
STU_14283,2.69,92.9,36,2
STU_14447,2.87,75.8,15,1
STU_14477,2.81,88.0,18,1
STU_14489,2.4575,83.15,72,4
STU_14717,2.8099999999999996,78.35,30,2
STU_15101,2.49,84.25,36,2
STU_15236,2.3000000000000003,87.26666666666665,45,3
STU_15408,2.9325,84.275,42,4
STU_15517,2.965,82.13333333333334,108,6
STU_15572,2.0066666666666664,86.56666666666666,48,3
STU_15734,2.8414285714285716,84.92857142857143,108,7
STU_16416,2.6,96.9,15,1
STU_16563,2.7433333333333336,98.5,39,3
STU_16572,1.84,81.03333333333333,45,3
STU_16811,2.855,88.8,21,2
STU_16849,3.19,77.3,15,1
STU_16880,2.348,83.24,81,5
STU_17451,3.23,83.25,36,2
STU_15374,2.662857142857143,86.45714285714287,87,7
STU_15965,3.26,84.0,15,1
STU_17512,2.705,77.91250000000001,96,8
STU_08970,1.89,79.5,18,1
STU_09261,2.2,87.1,33,2
STU_09321,3.56,92.0,15,1
STU_09726,2.6599999999999997,88.75,111,6
STU_10437,1.6940000000000002,75.35999999999999,90,5
STU_12493,2.29,87.8,57,3
STU_12572,2.315,82.0625,123,8
STU_12730,2.815,87.7,24,2
STU_12929,2.2339999999999995,88.66,96,5
STU_13183,2.827142857142857,87.02857142857142,105,7
STU_13346,2.8887500000000004,85.3375,120,8
STU_14101,2.09,94.69999999999999,27,2
STU_14911,2.91,81.7,15,1
STU_15071,2.7975,88.0,57,4
STU_15528,2.28,86.7,15,1
STU_15594,2.8049999999999997,87.6,60,4
STU_15670,2.20375,79.1875,84,8
STU_15861,2.902857142857143,88.07142857142857,102,7
STU_16016,2.5242857142857145,87.32857142857144,129,8
STU_16184,2.54,90.16666666666667,42,3
STU_16363,3.4379999999999997,93.22000000000001,90,5
STU_16603,3.0439999999999996,89.54,87,5
STU_16611,2.74,87.7,18,1
STU_17042,2.14,94.4,15,1
STU_17049,2.755,91.9,30,2
STU_17104,2.3871428571428566,81.9857142857143,123,7
STU_08948,3.3,90.3,15,1
STU_09108,2.4050000000000002,85.85,75,4
STU_10064,2.41,87.5,15,1
STU_10069,2.785,87.4,33,2
STU_10268,3.06,95.2,12,1
STU_10380,2.4266666666666667,84.91666666666667,87,6
STU_10455,2.8,90.375,60,4
STU_10479,2.53,90.5,15,1
STU_10556,3.108333333333333,82.56666666666668,90,6
STU_10894,2.2975000000000003,78.69999999999999,57,5
STU_10939,2.955,87.7,30,2
STU_10964,2.635,95.15,63,4
STU_11376,2.486666666666667,87.10000000000001,42,3
STU_11582,3.0385714285714287,86.24285714285715,126,7
STU_11678,2.5324999999999998,79.15,57,4
STU_11682,2.925,85.30000000000001,24,2
STU_12046,2.2,88.76666666666667,45,3
STU_12186,2.39,93.9,9,1
STU_12315,2.166,83.62,90,5
STU_12757,2.8866666666666667,84.35,78,6
STU_12841,2.424285714285714,81.87142857142855,105,7
STU_12951,3.76,91.0,15,1
STU_13178,2.3200000000000003,89.80000000000001,30,2
STU_13190,2.68,90.9,12,1
STU_13261,2.19,81.175,63,4
STU_14010,2.205,91.5375,147,8
STU_14265,2.5375,88.625,60,4
STU_14395,1.8875000000000002,87.4,63,4
STU_14544,2.5414285714285714,79.08571428571429,102,7
STU_14721,1.714,81.42,87,5
STU_14849,2.41,91.69999999999999,63,4
STU_15087,3.22,92.7,18,1
STU_15173,2.91,96.1,15,1
STU_15177,2.835,93.25,33,2
STU_15197,2.7512499999999998,82.85,120,8
STU_15263,2.475,84.85000000000001,60,4
STU_15274,2.331666666666667,90.19999999999999,66,6
STU_15322,2.8950000000000005,90.575,153,8
STU_15438,2.9859999999999998,84.56,78,5
STU_15838,1.97,86.1,27,2
STU_15958,3.085,82.15,30,2
STU_16136,2.86,86.55000000000001,60,4
STU_16304,2.6960000000000006,88.94000000000001,93,5
STU_17091,2.586,86.24000000000001,75,5
STU_12796,2.79375,85.3875,126,8
STU_15919,3.1449999999999996,90.45,93,6
STU_17607,2.45,90.9,30,2
STU_08953,2.7175000000000002,74.17499999999998,123,8
STU_09236,2.7475,92.85000000000001,42,4
STU_09343,2.5949999999999998,89.85,48,4
STU_09829,2.7387500000000005,81.8125,126,8
STU_10644,2.99,86.0,18,1
STU_10813,1.93,83.07499999999999,72,4
STU_11063,2.46,89.8,18,1
STU_11282,2.35,88.58333333333333,90,6
STU_11381,2.7340000000000004,89.68,72,5
STU_11664,3.1500000000000004,84.32499999999999,96,8
STU_12298,2.353333333333333,83.13333333333333,45,3
STU_12438,2.49375,77.85,114,8
STU_12627,2.536,90.96,60,5
STU_12952,2.6471428571428572,83.47142857142858,87,7
STU_13067,2.5014285714285713,90.12857142857145,129,7
STU_13501,3.21,86.025,54,4
STU_13788,1.7385714285714287,84.1,105,7
STU_13818,2.995,81.1875,120,8
STU_14628,1.975,89.7,27,2
STU_15351,2.6950000000000003,89.15,30,2
STU_15741,2.68,88.175,144,8
STU_15790,2.3,88.35,33,2
STU_15941,2.55,83.4,60,4
STU_15973,2.455,84.96666666666667,72,6
STU_16083,3.16,92.6,15,1
STU_16096,2.7783333333333338,79.38333333333334,69,6
STU_16602,2.51,86.25,36,2
STU_17469,1.9899999999999998,92.1,24,2
STU_13204,2.7699999999999996,83.75,72,4
STU_17017,2.4600000000000004,90.06666666666666,36,3
STU_17167,2.953333333333333,84.76666666666667,48,3
STU_17314,3.1279999999999997,92.2,75,5
STU_09022,2.966666666666667,85.1,45,3
STU_09200,2.775,90.9,30,2
STU_09358,3.08375,82.7625,123,8
STU_09367,2.88,94.9,18,1
STU_09394,2.893333333333333,85.86666666666667,45,3
STU_09412,3.53,88.4,15,1
STU_09630,2.9766666666666666,92.95,90,6
STU_09636,2.18,94.0,18,1
STU_09903,2.9514285714285715,88.07142857142856,105,7
STU_10306,2.1733333333333333,86.83333333333333,108,6
STU_10619,2.44,81.1,15,1
STU_10825,2.9539999999999997,76.44,63,5
STU_11003,2.87,88.9,15,1
STU_11475,2.8049999999999997,91.7,21,2
STU_11665,3.02,82.41428571428571,126,7
STU_11841,2.2937499999999997,79.0625,123,8
STU_11879,3.0733333333333337,85.3,108,6
STU_11970,2.8499999999999996,87.96666666666665,54,3
STU_12355,3.28,84.7,15,1
STU_12451,2.92,94.45,48,4
STU_12561,2.885,82.6,60,4
STU_12568,2.5275,84.77499999999999,63,4
STU_12577,2.8433333333333333,88.10000000000001,45,3
STU_13018,2.435,87.45,33,2
STU_13217,2.9025,89.3,57,4
STU_13950,1.9666666666666668,84.63333333333334,48,3
STU_14006,2.17,87.25,30,2
STU_14149,2.5375,80.575,60,4
STU_14199,2.7199999999999998,83.9,24,2
STU_14263,2.68,88.9,45,4
STU_14853,3.2674999999999996,83.475,57,4
STU_15192,2.306,84.8,75,5
STU_15407,2.817142857142857,85.38571428571429,108,7
STU_15785,3.1675,82.25,60,4
STU_16038,2.475,80.3875,126,8
STU_16042,3.096,89.7,78,5
STU_16185,2.22,93.4,15,1
STU_16990,2.0759999999999996,81.16000000000001,75,5
STU_17096,2.8550000000000004,82.95,30,2
STU_15928,2.46,84.6,18,1
STU_17023,2.845714285714286,88.4,105,7
STU_17514,2.19,84.17500000000001,63,4
STU_09444,2.625,86.75,24,2
STU_09851,2.792857142857143,85.87142857142858,105,7
STU_10044,2.4,90.5,54,3
STU_10682,2.6950000000000003,82.1,33,2
STU_10803,2.528,87.28,78,5
STU_11383,2.648,75.86,57,5
STU_11566,2.0,86.2,12,1
STU_11573,2.608,88.5,69,5
STU_11749,2.94125,84.175,93,8
STU_11798,2.745,81.125,48,4
STU_11915,2.45,79.73333333333333,42,3
STU_11963,3.352857142857143,74.54285714285713,84,7
STU_12124,2.4887499999999996,79.55,99,8
STU_12886,2.396,85.33999999999999,72,5
STU_12907,3.02625,88.5875,126,8
STU_13068,2.0100000000000002,86.85,36,2
STU_13238,2.55,89.5,24,2
STU_13736,2.6166666666666667,85.01666666666667,114,6
STU_13792,3.265,85.05,69,4
STU_13826,2.26,85.55,21,2
STU_14061,2.7175000000000002,83.175,48,4
STU_14467,2.7466666666666666,92.01666666666665,90,6
STU_14554,3.5999999999999996,91.65,30,2
STU_15045,3.07,91.7,15,1
STU_15121,2.4074999999999998,82.5,57,4
STU_16306,2.224285714285714,87.45714285714284,105,7
STU_16480,3.47,90.2,9,1
STU_16613,3.175,87.35,30,2
STU_16979,3.29,79.84,75,5
STU_17050,2.8449999999999998,81.81250000000001,117,8
STU_17265,3.03,84.82499999999999,117,8
STU_12789,2.58,83.8,18,1
STU_15119,2.17,86.26666666666667,48,3
STU_16169,2.77,89.10000000000001,54,3
STU_16506,2.502857142857143,85.3,132,7
STU_08950,2.325,82.94999999999999,33,2
STU_09531,2.9928571428571433,86.44285714285715,105,7
STU_09634,3.24,91.6,15,1
STU_10078,2.4533333333333336,87.03333333333335,60,3
STU_10203,2.1300000000000003,83.76666666666667,54,3
STU_10587,2.83,85.8,72,4
STU_10589,2.855714285714286,84.41428571428571,111,7
STU_10603,1.64,92.0,9,1
STU_10677,2.71875,84.1875,117,8
STU_10919,3.41,87.9,15,1
STU_11223,3.2466666666666666,84.53333333333333,42,3
STU_11362,2.532,83.4,63,5
STU_11371,2.9025000000000003,85.425,63,4
STU_11435,1.7700000000000002,76.5,54,3
STU_13383,3.2,88.4,9,1
STU_13613,2.525,80.19999999999999,72,4
STU_13852,2.6025,82.4375,90,8
STU_14066,2.7399999999999998,80.43333333333332,54,3
STU_15040,3.646666666666667,83.2,54,3
STU_15266,3.18,89.5,15,1
STU_16034,2.5140000000000002,87.14,93,5
STU_16063,2.965,93.55000000000001,30,2
STU_16116,2.6366666666666663,84.2,48,3
STU_16350,2.47875,86.425,117,8
STU_16364,2.6325,84.1,72,4
STU_16636,2.3362499999999997,80.6625,96,8
STU_16760,3.39,90.7,12,1
STU_16762,3.2433333333333336,90.06666666666666,42,3
STU_16804,2.3925,90.97500000000001,48,4
STU_12067,3.0925,90.375,60,4
STU_12853,2.55875,83.775,150,8
STU_13206,2.57,87.38,78,5
STU_16525,2.4566666666666666,89.86666666666667,36,3
STU_08994,3.1042857142857136,82.35714285714285,126,7
STU_09234,3.4516666666666667,87.41666666666667,75,6
STU_09268,3.0,90.7,15,1
STU_09385,2.585,82.825,48,4
STU_09621,2.7266666666666666,91.86666666666667,45,3
STU_09696,2.065,85.75,39,2
STU_09704,2.59,95.4,15,1
STU_09834,3.38,81.9,15,1
STU_09868,2.565,88.75,30,2
STU_10067,2.70375,81.64999999999999,144,8
STU_10358,3.33,89.4,30,2
STU_10419,2.9949999999999997,87.9,60,4
STU_10508,2.5566666666666666,88.90000000000002,39,3
STU_10958,2.8800000000000003,89.89999999999999,45,3
STU_11079,2.2214285714285715,83.55714285714285,99,7
STU_11122,3.2966666666666664,84.83333333333333,48,3
STU_11752,2.75,87.3,84,6
STU_11839,2.836,90.22,66,5
STU_11917,2.455,88.45,33,2
STU_12107,2.9342857142857146,83.45714285714287,105,7
STU_12268,2.72875,81.075,117,8
STU_12307,2.73,83.55,30,2
STU_12358,2.576,86.78,78,5
STU_12762,3.4633333333333334,90.53333333333335,45,3
STU_12875,3.2199999999999998,84.25,21,2
STU_12930,3.12,78.375,60,4
STU_13470,2.2083333333333335,80.75,93,6
STU_13471,2.6950000000000003,85.59999999999998,108,6
STU_13558,3.28,85.43333333333332,42,3
STU_13584,3.106666666666667,92.59999999999998,42,3
STU_13631,2.68,91.2,27,2
STU_13781,2.1149999999999998,80.075,60,4
STU_13894,2.83375,86.81250000000001,93,8
STU_14063,3.235,93.0,30,2
STU_14896,3.2400000000000007,91.58,57,5
STU_14952,2.2425,83.375,57,4
STU_14970,3.3775,90.2,63,4
STU_15212,3.1425,87.35,72,4
STU_15388,2.83,86.65,30,2
STU_15681,2.91875,85.2875,147,8
STU_15695,3.064285714285714,86.37142857142858,102,7
STU_15775,2.82,86.8,15,1
STU_15802,3.35,89.7,18,1
STU_15978,3.09,82.44999999999999,33,2
STU_16040,2.61,86.73333333333333,48,3
STU_16442,2.54,85.25,33,2
STU_16512,2.643333333333333,81.43333333333332,45,3
STU_16908,2.52,82.94285714285715,126,7
STU_17047,2.19,85.93333333333332,54,3
STU_17174,3.03,81.63333333333333,48,3
STU_17287,2.857142857142857,81.25714285714287,114,7
STU_17374,3.54,92.3,15,1
STU_17487,2.584285714285714,89.54285714285716,105,7
STU_15314,2.3649999999999998,83.92500000000001,48,4
STU_17037,1.88,96.05,30,2
STU_08870,2.705,89.75,30,2
STU_08954,3.311666666666666,88.45,84,6
STU_08978,3.48,89.25,30,2
STU_09038,1.9249999999999998,77.05000000000001,33,2
STU_09073,2.4257142857142857,84.07142857142857,90,7
STU_09165,3.396666666666667,82.8,45,3
STU_09202,2.597142857142857,81.11428571428571,105,7
STU_09226,3.33,88.9,30,2
STU_09490,2.69,84.7,18,1
STU_09572,2.69,83.89999999999999,69,6
STU_10111,3.1150000000000007,82.29999999999998,96,8
STU_10778,3.1,78.05000000000001,30,2
STU_11027,3.2124999999999995,87.26249999999999,117,8
STU_11183,2.81,87.0,54,3
STU_11320,2.9675,83.3,60,4
STU_11565,2.9324999999999997,91.15,60,4
STU_11808,2.62875,84.91250000000001,99,8
STU_11903,2.7,88.8,36,2
STU_11933,2.7866666666666666,84.89999999999999,36,3
STU_12164,3.37,86.9,15,1
STU_12395,2.5766666666666667,88.69999999999999,45,3
STU_12600,2.7142857142857144,84.42857142857143,102,7
STU_12681,2.31,98.9,18,1
STU_13086,3.07,87.9,18,1
STU_13249,2.783333333333333,85.93333333333334,87,6
STU_13417,2.216666666666667,88.76666666666667,54,3
STU_13644,2.3899999999999997,84.95,24,2
STU_13690,2.2275,87.64999999999999,96,8
STU_13766,2.585,89.75,30,2
STU_13887,2.9325,83.64999999999999,96,8
STU_13963,2.66,76.0,18,1
STU_14428,2.935,81.85,33,2
STU_14715,2.304,75.82000000000001,60,5
STU_14736,2.703333333333333,92.76666666666667,48,3
STU_15143,2.146666666666667,86.83333333333333,54,3
STU_15444,2.9274999999999998,81.53750000000001,123,8
STU_15599,2.63875,85.275,123,8
STU_15616,2.5149999999999997,80.38749999999999,90,8
STU_16171,2.7866666666666666,87.56666666666666,36,3
STU_16216,2.44375,84.71249999999999,120,8
STU_16514,2.568333333333333,86.03333333333335,90,6
STU_16670,3.11375,79.86250000000001,120,8
STU_16680,2.6714285714285717,80.55714285714285,99,7
STU_16687,3.074,81.33999999999999,57,5
STU_16815,1.925,78.625,45,4
STU_16874,2.455,85.1,27,2
STU_17034,2.7525000000000004,84.7,60,4
STU_17244,3.0050000000000003,88.60000000000001,60,4
STU_12070,2.6633333333333336,88.8,42,3
STU_13221,2.59375,88.3625,126,8
STU_16629,2.5149999999999997,89.5875,123,8
STU_08930,2.71,91.0,21,2
STU_08983,3.09,85.9,12,1
STU_09017,2.7733333333333334,81.86666666666666,42,3
STU_09159,2.775,86.61249999999998,147,8
STU_09410,2.7175000000000002,88.74999999999999,123,8
STU_09492,1.906,82.46,90,5
STU_09546,2.4859999999999998,78.47999999999999,78,5
STU_10119,2.436666666666667,89.26666666666667,42,3
STU_10346,2.73,94.3,12,1
STU_10628,1.91,90.0,36,2
STU_10629,2.8879999999999995,93.36000000000001,54,5
STU_11016,2.5925,84.07499999999999,60,4
STU_11716,3.69,93.7,12,1
STU_11985,2.586,80.94,75,5
STU_12173,2.182,82.20000000000002,75,5
STU_12837,2.59,80.94999999999999,24,2
STU_12967,3.1024999999999996,81.525,60,4
STU_13091,2.1,76.9,15,1
STU_13348,2.49,83.5,18,1
STU_13487,3.3166666666666664,88.96666666666665,45,3
STU_13546,3.7350000000000003,89.85,30,2
STU_13592,3.5149999999999997,86.25,30,2
STU_13607,2.3000000000000003,95.13333333333333,48,3
STU_13891,1.995,86.7,57,4
STU_14057,2.44875,81.4625,123,8
STU_14326,2.9516666666666667,84.21666666666665,84,6
STU_14354,2.82,87.5,15,1
STU_14551,3.01,96.6,12,1
STU_14710,2.2328571428571427,90.48571428571428,90,7
STU_14814,2.7883333333333336,86.33333333333333,72,6
STU_14891,2.811666666666666,81.88333333333334,78,6
STU_15020,2.8000000000000003,83.33333333333333,75,6
STU_15255,3.233333333333333,97.2,45,3
STU_15344,1.8866666666666667,81.53333333333333,51,3
STU_15443,2.8966666666666665,83.26666666666667,36,3
STU_15482,2.7960000000000003,79.58,72,5
STU_15569,2.87,78.3,12,1
STU_15807,3.255,92.85,30,2
STU_15872,2.0416666666666665,80.95,105,6
STU_16014,2.33,91.5,30,2
STU_16057,2.4699999999999998,82.75,30,2
STU_16226,3.37,87.4,15,1
STU_16260,2.1959999999999997,83.41999999999999,87,5
STU_16294,2.4833333333333334,87.96666666666668,36,3
STU_16413,2.4539999999999997,83.34,81,5
STU_16515,2.607142857142857,82.8,87,7
STU_16683,3.09,93.9,12,1
STU_16725,2.66,90.25,24,2
STU_16897,2.6314285714285717,81.99999999999999,105,7
STU_16918,3.3066666666666666,85.13333333333334,33,3
STU_17403,3.2600000000000002,84.66666666666667,48,3
STU_17559,2.27,83.1,36,2
STU_15109,2.9080000000000004,90.14000000000001,93,5
STU_09332,3.27,91.3,15,1
STU_09362,3.2249999999999996,92.35,27,2
STU_09497,2.17,85.6,33,2
STU_09808,2.6,93.8,12,1
STU_09841,2.7920000000000003,74.94,57,5
STU_10076,2.2066666666666666,84.76666666666667,36,3
STU_10112,2.302857142857143,89.98571428571428,126,7
STU_10264,2.15,93.6,15,1
STU_10446,2.685,94.35,36,2
STU_10491,2.67625,81.3375,144,8
STU_10582,2.4285714285714284,81.22857142857143,105,7
STU_10719,2.62,81.8,30,2
STU_11021,1.7800000000000002,92.4,75,4
STU_11071,2.9528571428571433,81.58571428571427,123,7
STU_11601,2.885,83.2625,96,8
STU_11721,2.62,98.1,15,1
STU_11747,2.28,83.8,15,1
STU_12341,3.11,78.0,18,1
STU_12606,2.44125,78.6875,117,8
STU_12614,2.4266666666666663,79.46666666666665,45,3
STU_12632,2.016666666666666,87.53333333333335,111,6
STU_12688,2.70625,89.2,123,8
STU_12808,2.6060000000000003,81.24000000000001,72,5
STU_13109,2.2299999999999995,85.48,102,5
STU_13409,3.435,88.05000000000001,27,2
STU_13600,2.6425,85.17500000000001,123,8
STU_14746,1.8099999999999998,79.60000000000001,54,4
STU_14974,2.925,90.3,36,2
STU_15112,2.675,83.10000000000001,60,4
STU_15502,3.15,84.8,12,1
STU_15613,2.87,87.25,33,2
STU_15722,2.6271428571428572,82.24285714285713,102,7
STU_16059,2.5637499999999998,85.97500000000001,123,8
STU_16376,2.6350000000000002,86.10000000000001,120,8
STU_16390,2.8425,82.80000000000001,57,4
STU_16630,3.4299999999999997,89.46666666666665,36,3
STU_16712,2.533333333333333,88.23333333333333,45,3
STU_16767,2.911428571428572,85.85714285714286,105,7
STU_16830,2.7300000000000004,84.13333333333333,45,3
STU_16909,2.09,86.1,75,5
STU_17230,2.8925,78.7875,117,8
STU_17532,2.608333333333333,78.75,90,6
STU_13222,2.295,76.075,75,4
STU_16584,2.96125,79.31249999999999,87,8
STU_17024,2.77,85.61428571428573,84,7
STU_10077,2.4166666666666665,86.30000000000001,96,6
STU_10091,3.266666666666667,95.0,45,3
STU_10135,3.29875,83.92500000000001,90,8
STU_11403,2.992,82.9,78,5
STU_11801,3.08,87.6,15,1
STU_11834,2.99,89.3,15,1
STU_12447,2.575,87.25,60,4
STU_12584,2.82,84.5,30,2
STU_12701,2.6275,80.60000000000001,63,4
STU_12811,2.2971428571428576,81.51428571428572,87,7
STU_13257,3.4000000000000004,82.36666666666666,45,3
STU_13395,2.4699999999999998,82.325,114,8
STU_13559,3.44,87.25,24,2
STU_14097,2.98,89.1,27,2
STU_14141,3.1933333333333334,88.46666666666665,42,3
STU_14146,2.41,88.7,15,1
STU_14320,2.4966666666666666,84.33333333333333,105,6
STU_14396,2.645,83.15,36,2
STU_15021,2.5,91.1,30,2
STU_15033,3.23,81.13333333333334,39,3
STU_15170,3.4899999999999998,86.16666666666667,36,3
STU_15588,2.7733333333333334,93.60000000000001,45,3
STU_15778,2.53625,75.3,123,8
STU_15867,2.6733333333333333,80.76666666666667,54,3
STU_16054,2.0100000000000002,81.8125,117,8
STU_16344,2.7060000000000004,88.79999999999998,75,5
STU_16419,2.3,86.35,36,2
STU_16672,3.033333333333333,81.0,45,3
STU_16730,2.0025,82.15,72,4
STU_16907,2.414285714285714,82.27142857142857,108,7
STU_17093,2.6225,87.425,63,4
STU_17112,2.4799999999999995,82.1,78,5
STU_15118,2.0100000000000002,76.725,69,4
STU_16955,2.88,87.3,30,2
STU_09034,2.6942857142857144,86.84285714285714,102,7
STU_09250,2.6725,82.625,117,8
STU_09458,2.57,89.3,30,2
STU_09506,3.03375,83.8125,141,8
STU_09693,2.712857142857143,80.31428571428572,102,7
STU_09797,2.6550000000000002,89.8,147,8
STU_09858,3.12,94.3,15,1
STU_10083,2.42,86.6,15,1
STU_10855,2.483333333333333,87.3,48,3
STU_11176,3.215,89.25,30,2
STU_11663,3.2824999999999998,85.4,57,4
STU_11885,2.7819999999999996,81.12,75,5
STU_11924,2.085,89.75,36,2
STU_12314,2.908333333333333,86.91666666666667,111,6
STU_12360,2.05,85.7,18,1
STU_12370,2.455,76.1875,93,8
STU_12466,1.8250000000000002,88.4,36,2
STU_12526,3.516666666666667,90.13333333333333,54,3
STU_12696,2.626666666666667,80.7,72,6
STU_12948,2.33,90.5,18,1
STU_12973,2.825,84.55000000000001,135,8
STU_13043,2.4325,80.025,45,4
STU_13475,2.9133333333333336,92.10000000000001,57,3
STU_14291,3.02,90.9,60,4
STU_14679,3.61,95.5,15,1
STU_14699,2.615,92.69999999999999,30,2
STU_14942,2.995,91.15,24,2
STU_14948,2.7157142857142853,82.01428571428572,81,7
STU_15016,2.9233333333333333,84.14999999999999,90,6
STU_15536,2.158,85.88,72,5
STU_15764,3.0233333333333334,93.60000000000001,33,3
STU_15947,2.6142857142857143,80.55714285714285,78,7
STU_16301,3.175,90.2,30,2
STU_16317,2.745,91.9,27,2
STU_16550,3.02,85.73333333333333,36,3
STU_16744,2.075,80.35,33,2
STU_16787,2.6187499999999995,88.2625,123,8
STU_16950,3.13,82.2875,120,8
STU_17095,2.58,83.10000000000001,90,6
STU_17394,2.86,90.7,15,1
STU_17402,2.0,90.8,15,1
STU_17258,3.005,88.2875,90,8
STU_09220,2.526666666666667,86.06666666666666,54,3
STU_09254,2.81,78.35,72,6
STU_09338,2.46,81.65,30,2
STU_09380,2.6566666666666667,86.13333333333333,90,6
STU_09683,3.675,93.55,36,2
STU_10143,3.135,80.68333333333334,72,6
STU_10205,2.538,77.76,75,5
STU_10304,2.1133333333333333,82.86666666666667,87,6
STU_10531,2.2424999999999997,83.225,111,8
STU_10598,1.9666666666666668,78.93333333333334,54,3
STU_10902,2.6333333333333333,88.59999999999998,36,3
STU_10967,3.286666666666667,87.76666666666667,45,3
STU_11248,3.095,81.35,33,2
STU_11409,2.21375,86.8,114,8
STU_11474,2.6925,82.425,129,8
STU_11593,2.64,80.86666666666666,90,6
STU_12193,2.63375,85.9375,117,8
STU_12335,2.7199999999999993,84.34285714285714,87,7
STU_12375,2.723333333333333,81.16666666666667,84,6
STU_12519,2.3000000000000003,89.29999999999998,105,7
STU_12626,2.5225,83.025,63,4
STU_12647,2.7416666666666667,84.0,84,6
STU_12816,2.82,86.0,12,1
STU_13707,2.234285714285714,80.54285714285713,105,8
STU_14000,3.24,94.05,30,2
STU_14017,2.2350000000000003,90.15,24,2
STU_14286,3.3499999999999996,89.94999999999999,24,2
STU_14764,3.02,88.7,15,1
STU_14983,3.0785714285714287,84.65714285714286,105,7
STU_15051,2.805,85.3,24,2
STU_15567,2.912,89.82000000000001,78,5
STU_15816,2.9299999999999997,84.45,144,8
STU_16325,2.9500000000000006,87.10000000000001,69,6
STU_16434,2.4699999999999998,85.0,114,7
STU_16436,2.55,93.3,18,1
STU_16645,3.31,86.10000000000001,51,3
STU_17111,2.5033333333333334,87.66666666666667,51,3
STU_12849,2.98,86.8,12,1
STU_13023,2.2975,88.475,84,4
STU_16583,2.7685714285714282,83.67142857142856,102,7
STU_09030,2.4075,78.05,123,8
STU_09156,2.26,92.8,24,2
STU_09257,3.1075,77.2125,93,8
STU_09291,3.1475,87.72500000000001,54,4
STU_09383,2.992857142857143,78.28571428571429,102,7
STU_09681,2.795,87.85,30,2
STU_09777,2.8324999999999996,90.05,123,8
STU_10245,3.63,88.3,15,1
STU_10374,2.9842857142857144,75.94285714285715,105,7
STU_10810,2.0662499999999997,80.75,90,8
STU_11595,2.745,86.85,30,2
STU_11739,2.535,84.05,60,4
STU_11967,3.07375,81.57500000000002,117,8
STU_12158,2.52,86.43333333333334,45,4
STU_12239,2.3266666666666667,87.06666666666666,42,3
STU_12784,2.8074999999999997,86.80000000000001,60,4
STU_12934,2.9,85.12,69,5
STU_13019,3.526666666666667,87.09999999999998,54,3
STU_13061,2.315,83.8,30,2
STU_13541,2.65,84.8,12,1
STU_13659,2.35,81.42500000000001,66,5
STU_13748,2.205,78.15,75,4
STU_13754,2.8,90.24999999999999,60,4
STU_13762,2.57,87.06666666666666,51,3
STU_13772,2.421666666666667,84.01666666666668,93,6
STU_14364,2.8957142857142855,87.50000000000001,111,7
STU_14394,2.99,94.7,15,1
STU_14575,2.3683333333333336,74.39999999999999,96,6
STU_14690,2.5966666666666667,84.26666666666667,54,3
STU_14713,2.7037500000000003,88.83749999999999,93,8
STU_14740,2.1416666666666666,84.2,102,6
STU_15423,2.6833333333333336,84.63333333333334,57,3
STU_15640,2.5366666666666666,83.83333333333333,48,3
STU_16292,2.875,89.65,27,2
STU_16396,3.3266666666666667,88.39999999999999,54,3
STU_16458,2.7425,78.10000000000001,51,4
STU_16739,2.315,81.8,87,6
STU_16818,2.7249999999999996,90.1,30,2
STU_17051,3.1583333333333337,86.25,75,6
STU_17181,2.066666666666667,81.51666666666667,93,6
STU_17307,3.28,83.5,15,1
STU_17432,2.95,84.575,117,8
STU_12839,2.712,79.16,87,5
STU_15149,2.795,88.1,27,2
STU_17337,3.2475000000000005,91.025,63,4
STU_09026,2.4419999999999997,90.34,78,5
STU_09079,3.052,81.32000000000001,75,5
STU_09813,2.98,88.9,15,1
STU_10173,3.395,85.4,30,2
STU_10243,3.15,82.5,12,1
STU_10278,3.0,94.2,54,3
STU_10499,2.8485714285714288,80.34285714285714,105,7
STU_10547,2.255,88.25,30,2
STU_10886,3.1260000000000003,92.16,78,5
STU_11243,2.9499999999999997,81.23333333333333,45,3
STU_11501,2.68,86.3,15,1
STU_11558,2.7840000000000003,81.20000000000002,72,5
STU_11620,2.4050000000000002,92.6,30,2
STU_11816,3.0533333333333332,86.88333333333334,84,6
STU_11848,3.028,76.08000000000001,78,5
STU_11986,3.203333333333333,87.8,87,6
STU_12038,2.703333333333333,91.73333333333335,42,3
STU_12077,2.6225,90.05,72,4
STU_12266,2.891666666666667,85.89999999999999,90,6
STU_12413,2.5425,86.55,147,8
STU_12513,2.455,86.35,33,2
STU_12594,2.25,92.3,30,2
STU_12672,2.94625,79.6125,147,8
STU_12748,2.2742857142857145,80.92857142857143,105,7
STU_12896,2.841666666666667,90.43333333333332,105,6
STU_12982,2.62,87.06666666666666,36,3
STU_13240,3.06125,86.1,117,8
STU_13386,1.598,78.58,93,5
STU_13450,2.605,88.0,60,4
STU_13572,2.7975000000000003,91.08749999999999,114,8
STU_13578,3.215,87.55000000000001,39,2
STU_13686,2.5575,89.7125,120,8
STU_13832,3.415,91.15,30,2
STU_14064,2.3814285714285717,83.72857142857141,105,7
STU_14129,2.635,84.15,30,2
STU_14341,2.34,94.6,18,1
STU_14459,2.744285714285714,88.79999999999998,84,7
STU_14461,2.79,84.44999999999999,30,2
STU_14482,2.453333333333333,83.36666666666666,45,3
STU_14499,2.746,87.5,75,5
STU_14933,2.796666666666667,74.76666666666665,90,6
STU_14990,2.9025,87.95,96,8
STU_15038,3.0500000000000003,89.89999999999999,45,3
STU_15283,2.6325,82.51249999999999,120,8
STU_15777,3.0866666666666664,86.96666666666665,33,3
STU_15921,3.47,83.925,60,4
STU_15975,3.13,91.7,15,1
STU_15996,2.4533333333333336,82.86666666666666,42,3
STU_16199,2.3716666666666666,80.28333333333333,93,6
STU_16211,2.885,89.30000000000001,33,2
STU_16883,3.116,88.03999999999999,63,5
STU_17129,2.6633333333333336,79.53333333333332,45,3
STU_17349,2.9299999999999997,87.0,60,4
STU_16588,2.425,82.125,66,4
STU_17278,2.5999999999999996,89.2,30,2
STU_08903,2.672857142857143,84.5142857142857,87,7
STU_08923,3.435,80.9,48,4
STU_09003,2.665714285714286,88.88571428571427,126,7
STU_09018,2.31,88.56666666666666,48,3
STU_09423,2.02625,85.6875,126,8
STU_09446,2.66,76.63333333333334,36,3
STU_09452,2.8200000000000003,81.26666666666667,45,3
STU_09574,2.95875,87.75,141,8
STU_10484,2.5866666666666664,86.23333333333335,42,3
STU_10624,2.9675,75.225,117,8
STU_10723,2.8249999999999997,77.0,99,8
STU_10769,2.7100000000000004,87.95,75,6
STU_10870,2.625,84.94999999999999,33,2
STU_11113,3.3325000000000005,93.175,60,4
STU_11143,2.98,90.63333333333333,36,3
STU_11379,2.0549999999999997,85.4,36,2
STU_11463,2.322857142857143,90.30000000000003,108,7
STU_11829,3.285,82.97500000000001,57,4
STU_12116,2.798,86.5,72,5
STU_12122,3.15,81.75,30,2
STU_12189,2.3600000000000003,77.24000000000001,75,5
STU_13106,2.6133333333333333,83.13333333333333,45,3
STU_13139,2.7600000000000002,79.54285714285713,87,7
STU_13508,2.7437500000000004,81.9125,117,8
STU_14517,3.39,95.6,18,1
STU_14838,2.678,92.64,60,5
STU_15057,2.075,89.3,39,2
STU_15093,2.4699999999999998,91.5,60,4
STU_15271,3.66,95.4,15,1
STU_15677,2.48,86.2,15,1
STU_16449,2.757142857142857,80.55714285714286,108,7
STU_16576,2.4166666666666665,81.33333333333333,51,3
STU_16619,2.4779999999999998,82.33999999999999,75,5
STU_16650,2.548333333333333,79.39999999999999,93,6
STU_16719,2.7474999999999996,89.675,57,4
STU_17173,1.7700000000000002,81.95,75,4
STU_17620,2.38,93.3,15,1
STU_13021,2.2671428571428573,78.8,84,7
STU_13220,2.8533333333333335,86.26666666666667,45,3
STU_14606,2.62,88.5,15,1
STU_08913,2.7325,85.66250000000001,117,8
STU_09091,2.598,90.1,75,6
STU_09368,2.7,78.6,12,1
STU_09445,2.78,92.6,15,1
STU_09825,2.795714285714286,82.24285714285713,111,7
STU_09852,3.19,88.8,12,1
STU_09863,2.11,89.05,39,2
STU_09954,2.81,80.5,15,1
STU_10015,2.875,85.35,33,2
STU_10029,2.89,93.0,18,1
STU_10321,1.88,88.0,36,2
STU_10335,2.5342857142857143,83.51428571428572,84,7
STU_10950,3.0,84.2,15,1
STU_10972,2.9949999999999997,95.0,69,4
STU_11442,3.187142857142857,88.9857142857143,105,7
STU_12039,2.52,74.3125,126,8
STU_12540,2.8349999999999995,88.53333333333332,93,6
STU_13188,2.3280000000000003,88.3,75,5
STU_13318,2.63,86.05000000000001,30,2
STU_13347,3.1300000000000003,83.53333333333335,87,6
STU_13596,2.1975,86.35,60,4
STU_13706,3.125,83.3,30,2
STU_13949,3.12,80.7,12,1
STU_13956,2.7525000000000004,82.35000000000001,120,8
STU_13973,2.7750000000000004,85.24999999999999,117,8
STU_14654,3.46,81.3,12,1
STU_14797,2.8625,91.10000000000001,57,4
STU_14831,3.295,91.65,27,2
STU_15047,2.2699999999999996,94.75,33,2
STU_15230,3.01,86.1,30,2
STU_15232,2.77,87.8,15,1
STU_15538,3.0499999999999994,83.8,48,3
STU_16424,2.93,92.35000000000001,87,6
STU_16708,2.486666666666667,80.33333333333333,48,3
STU_16729,2.754,78.25999999999999,75,5
STU_16785,2.657142857142857,79.42857142857143,105,7
STU_16840,3.1799999999999997,88.2,30,2
STU_16895,2.2457142857142856,79.28571428571429,105,7
STU_17035,3.33,86.63333333333333,45,3
STU_17153,2.9879999999999995,79.96000000000001,72,5
STU_17476,2.716,80.74,75,5
STU_13529,2.6214285714285714,81.87142857142855,78,7
STU_16589,2.4842857142857144,84.01428571428572,102,7
STU_08989,3.3550000000000004,88.52499999999999,48,4
STU_09097,2.508571428571429,85.51428571428572,99,7
STU_09170,2.96,92.3,30,2
STU_09187,2.5216666666666665,95.35000000000001,90,6
STU_09479,2.74,79.64,75,5
STU_09494,2.7199999999999998,82.95,21,2
STU_09718,3.0,93.8,15,1
STU_09870,2.75,88.4,30,2
STU_10270,2.81,90.2,45,3
STU_10360,3.255,84.4,24,2
STU_10391,2.337142857142857,88.41428571428571,102,7
STU_10394,2.995,93.55000000000001,27,2
STU_10441,3.09,85.80000000000001,27,2
STU_10662,3.0300000000000007,85.16666666666667,93,6
STU_10869,2.7449999999999997,86.96666666666668,93,6
STU_10945,2.9374999999999996,84.225,120,8
STU_10984,1.235,85.19999999999999,30,2
STU_11905,2.89875,90.3375,123,8
STU_12125,2.76125,82.375,117,8
STU_12179,2.7566666666666664,87.63333333333333,39,3
STU_12231,2.83,83.0,15,1
STU_12325,2.8714285714285714,82.04285714285713,102,7
STU_12554,2.243333333333333,89.16666666666667,45,3
STU_12755,2.81,84.5,27,2
STU_12989,2.5949999999999998,93.9,27,2
STU_13192,2.346666666666667,90.31666666666666,105,6
STU_13725,2.71,89.7,15,1
STU_13771,3.32,89.9,15,1
STU_13935,3.0,79.7,12,1
STU_13959,2.9357142857142855,85.02857142857144,108,7
STU_14072,2.8899999999999992,85.06666666666668,75,6
STU_14347,2.766666666666666,78.73333333333333,42,3
STU_15131,2.518333333333334,88.36666666666667,75,6
STU_15158,1.79,89.45,36,2
STU_15461,2.7000000000000006,88.26666666666667,90,6
STU_15466,2.565,84.3875,150,8
STU_15527,2.066666666666667,75.16666666666667,105,6
STU_15598,2.76,87.92500000000001,60,4
STU_15910,1.4249999999999998,82.15,36,2
STU_16093,2.46,90.4,15,1
STU_16146,2.856,84.12,60,5
STU_16257,2.9874999999999994,83.2375,114,8
STU_16435,2.69,94.1,15,1
STU_16511,2.65,88.0,15,1
STU_16536,2.54,87.8,15,1
STU_16552,3.425,91.4,30,2
STU_16847,3.2900000000000005,82.24000000000001,90,5
STU_17247,2.6474999999999995,85.525,99,8
STU_14615,2.3687500000000004,82.125,123,8
STU_15117,2.505,82.0,30,2
STU_16507,3.2366666666666664,85.7,45,3
STU_08934,2.7225,89.02499999999999,57,4
STU_09178,2.7962499999999997,85.21249999999999,117,8
STU_09206,2.9233333333333333,85.86666666666667,45,3
STU_09357,2.2733333333333334,83.05000000000001,75,6
STU_09742,2.3233333333333337,79.66666666666667,48,3
STU_10363,2.75,92.5,15,1
STU_10544,2.8225000000000002,85.15,66,4
STU_11413,3.2920000000000003,76.14000000000001,75,5
STU_11670,2.8533333333333335,87.18333333333334,93,6
STU_12758,3.35,93.5,12,1
STU_13176,2.728571428571428,85.62857142857142,87,7
STU_13281,3.2919999999999994,87.76,75,5
STU_13513,2.42,85.925,144,8
STU_13713,2.3099999999999996,91.625,57,4
STU_13717,2.305,83.43749999999999,123,8
STU_13882,3.25,92.16666666666667,45,3
STU_14087,2.938333333333333,88.33333333333333,108,6
STU_14216,2.6166666666666667,87.86666666666667,39,3
STU_14476,2.395,89.0,48,4
STU_14582,2.36,91.09999999999998,42,3
STU_15062,3.0025,90.925,60,4
STU_15130,2.672857142857143,82.71428571428574,81,7
STU_15278,2.5833333333333335,88.33333333333333,33,3
STU_15340,2.532,87.1,93,5
STU_15459,2.91,84.46666666666665,54,3
STU_15631,2.1671428571428573,83.54285714285713,84,7
STU_16086,2.5233333333333334,91.76666666666667,54,3
STU_16873,2.17,76.875,60,4
STU_17033,3.2520000000000002,87.6,60,5
STU_17362,3.0366666666666666,86.39999999999999,45,3
STU_17372,2.735,82.47500000000001,93,8
STU_13825,3.26,80.4,12,1
STU_17526,2.62,85.60000000000001,51,3
STU_09007,2.5833333333333335,78.33333333333333,51,3
STU_09264,2.223333333333333,75.93333333333334,48,3
STU_09341,2.2249999999999996,89.4,30,2
STU_09344,2.554,91.44,90,5
STU_09426,3.0,85.9,18,1
STU_09457,2.05,78.23333333333333,114,6
STU_09645,2.6,81.8,12,1
STU_09976,2.75875,82.46249999999999,117,8
STU_10033,3.1825,83.49999999999999,93,8
STU_10096,2.88,86.3,30,2
STU_10551,2.468,77.67999999999999,60,5
STU_10580,2.123333333333333,87.86666666666667,57,3
STU_10817,2.7199999999999998,90.975,72,4
STU_10859,2.966666666666667,92.90000000000002,33,3
STU_11009,1.84,83.15,36,2
STU_11062,2.8,82.20000000000002,75,5
STU_11277,2.57,87.975,126,8
STU_11285,2.766,78.74,93,5
STU_11452,3.48,83.2,15,1
STU_11510,3.035714285714286,83.5,102,7
STU_11675,3.09,91.6,15,1
STU_11724,3.38,84.4,24,2
STU_11908,2.9080000000000004,87.58000000000001,72,5
STU_12214,2.57,88.475,63,4
STU_12250,2.86,89.46666666666665,36,3
STU_13262,3.2199999999999998,85.45,30,2
STU_13286,2.8550000000000004,86.08333333333333,111,6
STU_13387,2.786,77.38,78,5
STU_13565,3.015,85.85,30,2
STU_13666,2.185,79.86249999999998,93,8
STU_14055,2.515,83.96666666666668,90,6
STU_14112,1.7625,90.275,60,4
STU_14147,2.6750000000000003,82.6125,120,8
STU_14362,2.05375,85.53750000000001,129,8
STU_14643,2.5187500000000003,81.4,129,8
STU_15032,3.175,88.44999999999999,27,2
STU_15153,3.075,89.8,36,2
STU_15889,2.7425,77.87499999999999,120,8
STU_16212,3.3,83.7,12,1
STU_16843,2.473333333333333,82.53333333333335,33,3
STU_17437,2.23,74.33333333333333,78,6
STU_17544,3.12,86.0,15,1
STU_12089,2.8600000000000008,83.91666666666666,93,6
STU_13302,2.6,81.68571428571428,102,8
STU_13811,2.62,81.66666666666667,51,3
STU_16828,2.3000000000000003,85.76666666666667,57,3
STU_16829,3.03,84.22857142857143,99,7
STU_09499,3.0949999999999998,83.05,60,4
STU_09577,2.62,95.9,18,1
STU_10109,3.5549999999999997,89.6,33,2
STU_10461,2.513333333333333,86.66666666666667,42,3
STU_10513,2.6624999999999996,89.525,57,4
STU_10666,2.5262499999999997,81.15,105,8
STU_10692,2.3771428571428572,82.88571428571427,96,7
STU_10794,2.8687500000000004,83.0625,90,8
STU_11074,2.35,89.7,15,1
STU_11299,3.165,79.0875,96,8
STU_11334,3.21,86.9,15,1
STU_11440,2.52,89.1,15,1
STU_11569,3.0566666666666666,88.13333333333333,45,3
STU_11729,1.44,86.55000000000001,33,2
STU_12171,2.63,90.1,36,2
STU_13131,2.62,93.0,33,2
STU_13165,2.54,95.45,39,2
STU_13166,3.2237499999999994,83.06249999999999,123,8
STU_13673,2.382857142857143,79.0,84,7
STU_13911,1.97,90.2,18,1
STU_14036,2.4450000000000003,90.25,24,2
STU_14590,2.81,81.39999999999999,45,3
STU_14637,3.148,81.1,75,5
STU_14767,2.123333333333333,85.86666666666667,54,3
STU_15152,2.7337499999999997,82.85,147,8
STU_15269,2.981666666666667,82.35,84,6
STU_15589,2.75,91.35,33,2
STU_15783,2.585,87.9,36,2
STU_16394,2.895,83.65,30,2
STU_16406,3.78,92.4,12,1
STU_16415,2.866666666666667,89.23333333333333,45,3
STU_16649,2.9866666666666664,82.28333333333333,69,6
STU_16710,2.83,86.02499999999999,141,8
STU_17368,2.9924999999999997,83.375,75,4
STU_17478,2.6271428571428572,83.92857142857143,108,7
STU_17536,2.6174999999999997,77.0,123,8
STU_17623,3.3150000000000004,91.29999999999998,60,4
STU_15107,2.56,90.3,15,1
STU_08922,3.61,84.63333333333334,48,3
STU_08946,2.995,93.25,30,2
STU_09276,2.77625,84.4625,123,8
STU_09477,2.096,81.88,60,5
STU_09904,2.7475,85.27499999999999,114,8
STU_10061,2.1128571428571425,81.82857142857144,108,7
STU_10797,2.393333333333333,91.36666666666667,48,3
STU_10915,2.4200000000000004,85.96666666666665,93,6
STU_10954,3.2566666666666664,79.33333333333333,45,3
STU_11615,2.3066666666666666,85.56666666666666,45,3
STU_11673,2.41,95.4,39,2
STU_11711,2.8857142857142857,81.39999999999999,108,7
STU_11777,2.804,85.08000000000001,60,5
STU_11934,2.76,92.0,15,1
STU_12118,2.4125,77.6,72,4
STU_12130,2.8699999999999997,90.27142857142857,102,7
STU_12529,2.61125,85.14999999999999,93,8
STU_12567,3.145,87.94999999999999,33,2
STU_14324,2.68,85.0,15,1
STU_14556,2.5,88.66,90,5
STU_15433,2.255,84.14999999999999,57,4
STU_15553,2.59,81.475,60,4
STU_15646,1.925,78.9,36,2
STU_15684,3.05,91.2,12,1
STU_15793,2.55,87.1,18,1
STU_15952,2.8920000000000003,84.78,66,5
STU_16067,2.0733333333333333,86.0,45,3
STU_16135,2.9116666666666666,84.46666666666668,87,6
STU_16495,2.1566666666666667,90.83333333333333,45,3
STU_16782,3.152,85.49999999999999,93,5
STU_16783,2.46875,80.51250000000002,93,8
STU_16987,2.644285714285714,90.17142857142856,105,7
STU_17092,3.375,88.69999999999999,24,2
STU_17519,1.8119999999999998,78.33999999999999,90,5
STU_17566,2.896,86.38000000000001,60,5
STU_15378,2.6760000000000006,92.62,72,5
STU_17219,2.5075,85.225,63,4
STU_09005,2.115,84.95,21,2
STU_09209,2.106666666666667,84.89999999999999,45,3
STU_09222,2.65,75.48571428571428,81,7
STU_09305,3.0250000000000004,86.65,36,2
STU_09381,2.966666666666667,83.26666666666667,45,3
STU_09501,2.62,81.6,12,1
STU_09749,2.7325000000000004,89.25000000000001,72,4
STU_10170,2.69,88.4,15,1
STU_10456,2.4933333333333336,89.33333333333333,42,3
STU_10658,1.262,85.0,87,5
STU_10876,3.3516666666666666,89.5,99,6
STU_11348,2.3642857142857143,85.39999999999999,87,7
STU_11373,2.9250000000000003,86.89999999999999,84,6
STU_11705,2.7424999999999997,91.525,90,8
STU_11735,2.505,86.5,30,2
STU_11857,2.605,92.5,24,2
STU_11925,2.8728571428571428,77.18571428571428,102,7
STU_11952,2.935,91.6,60,4
STU_12269,1.8699999999999999,79.46666666666665,39,3
STU_12521,3.1275,75.82499999999999,60,4
STU_12961,2.8400000000000003,84.08,72,5
STU_13264,1.8450000000000002,95.85,39,2
STU_13351,2.1799999999999997,91.75,33,2
STU_13473,2.8766666666666665,81.73333333333333,45,3
STU_13498,2.5479999999999996,80.6,87,5
STU_13671,2.837142857142857,89.48571428571427,105,7
STU_13770,2.3049999999999997,83.575,60,4
STU_13848,2.35,86.60000000000001,45,3
STU_13898,2.8833333333333333,90.43333333333334,45,3
STU_14012,1.5833333333333333,81.9,57,3
STU_14113,2.6875,89.025,63,4
STU_14932,2.8,88.7,18,1
STU_14992,2.6814285714285715,85.39999999999999,99,7
STU_15531,3.26,90.5,15,1
STU_15560,3.0175,85.85,60,4
STU_15587,2.6816666666666666,84.3,93,6
STU_15706,2.4499999999999997,87.23333333333333,36,3
STU_15710,2.48,84.6875,120,8
STU_15866,2.766,87.6,54,5
STU_16105,2.731666666666667,82.13333333333333,93,6
STU_16492,2.41,81.6,18,1
STU_16502,2.685714285714286,81.17142857142856,105,7
STU_16553,2.524,79.28,75,5
STU_16616,2.2800000000000002,88.1,30,2
STU_16727,2.931428571428572,81.0,126,7
STU_12794,3.165,88.775,123,8
STU_17039,2.1,77.23333333333333,54,3
STU_17311,2.7350000000000003,81.5,36,2
STU_09648,2.5100000000000002,83.16666666666667,54,3
STU_09771,2.6442857142857146,89.6857142857143,105,7
STU_10101,2.63,84.84,90,5
STU_10555,2.2733333333333334,83.43333333333332,48,3
STU_10611,2.6483333333333334,80.86666666666666,84,6
STU_10907,2.59,81.05,63,4
STU_10942,2.82,92.8,18,1
STU_11142,2.968,85.26,60,5
STU_11199,3.14,83.1,15,1
STU_11354,2.5439999999999996,84.92,90,5
STU_11545,2.2787499999999996,86.65,123,8
STU_11825,2.9325,82.67500000000001,120,8
STU_11942,2.1225,79.825,138,8
STU_11948,2.35,92.73333333333335,54,3
STU_12180,3.2066666666666666,87.01666666666665,90,6
STU_12199,2.4,87.0,15,1
STU_12583,3.64,94.3,15,1
STU_12743,2.9200000000000004,88.11666666666667,90,6
STU_13218,2.162857142857143,85.5,105,7
STU_15025,2.97,82.4,15,1
STU_15994,3.1524999999999994,78.5625,93,8
STU_16277,2.6149999999999998,82.16666666666667,93,6
STU_16445,2.7359999999999998,86.76,60,5
STU_16534,3.3200000000000003,91.5,42,3
STU_16605,3.16,89.63333333333333,45,3
STU_16731,2.3274999999999997,80.53750000000001,117,8
STU_16859,2.17,80.5,33,2
STU_17360,2.9766666666666666,81.35,93,6
STU_17387,2.6042857142857136,86.4,87,7
STU_17475,2.473333333333333,87.16666666666667,45,3
STU_13014,2.45,82.55,30,2
STU_15124,2.7249999999999996,85.2,36,2
STU_16149,1.8233333333333333,86.73333333333333,45,3
STU_17330,2.43,93.4,12,1
STU_09144,2.386,87.67999999999999,63,5
STU_09221,2.813333333333333,84.39999999999999,60,3
STU_09369,3.33,86.85,30,2
STU_09689,2.3000000000000003,92.16666666666667,45,3
STU_09708,2.1300000000000003,84.53333333333333,57,3
STU_09737,2.587142857142857,77.9,87,7
STU_09821,3.46,86.7,30,2
STU_10094,2.9587499999999998,84.55,93,8
STU_10715,3.5,94.8,15,1
STU_10785,1.7000000000000002,84.26666666666667,57,3
STU_10941,2.19,91.0,21,1
STU_11418,2.7800000000000002,87.56,72,5
STU_12148,2.2783333333333333,84.60000000000001,69,6
STU_12381,3.158333333333333,82.56666666666666,81,6
STU_12474,2.56,93.44999999999999,30,2
STU_12631,3.1585714285714284,79.17142857142856,99,7
STU_12992,2.9499999999999997,90.66666666666667,54,3
STU_13000,2.572,83.22,90,5
STU_13557,3.34,89.30000000000001,30,2
STU_13627,3.1399999999999997,94.80000000000001,30,2
STU_13767,3.0812500000000003,85.575,123,8
STU_13943,2.936666666666667,90.86666666666667,45,3
STU_14180,2.60125,86.225,123,8
STU_14190,2.5,92.2,30,2
STU_14211,2.70875,86.5625,123,8
STU_14271,3.59,89.5,15,1
STU_14294,3.14,79.1,24,2
STU_14345,2.9583333333333335,84.08333333333333,108,6
STU_14501,2.0850000000000004,85.0,93,6
STU_14726,2.41,92.9,15,1
STU_14903,2.8920000000000003,84.76,78,5
STU_14994,2.52,83.30000000000001,30,2
STU_15352,2.5999999999999996,89.15,30,2
STU_15564,2.15,79.58333333333333,105,6
STU_15608,3.355,85.57499999999999,66,4
STU_15614,2.3633333333333333,89.44999999999999,75,6
STU_15638,2.89,85.19999999999999,30,3
STU_15661,2.486,84.97999999999999,93,6
STU_16022,2.605,83.6,96,6
STU_16163,2.8925,82.125,60,4
STU_16861,2.74,82.8,18,1
STU_17473,2.762857142857143,84.20000000000002,111,7
STU_17480,2.88,89.1,60,4
STU_17561,2.4666666666666663,94.16666666666667,45,3
STU_15127,3.0433333333333334,81.30000000000001,42,3
STU_16946,2.476666666666667,80.2,45,3
STU_08984,3.61,92.1,12,1
STU_09154,2.8533333333333335,84.38333333333334,69,6
STU_09175,2.4966666666666666,80.66666666666667,90,6
STU_09522,2.4125,93.80000000000001,48,4
STU_09544,2.66,88.2,15,1
STU_09734,1.7239999999999998,84.53999999999999,75,5
STU_09844,2.935714285714286,86.31428571428572,105,7
STU_10047,2.37,84.9,15,1
STU_10097,2.575714285714285,82.55714285714285,105,7
STU_10686,2.3,84.16666666666667,48,3
STU_10838,3.266666666666667,87.66666666666667,36,3
STU_10969,3.33,93.3,15,1
STU_11059,2.7275,85.21249999999999,123,8
STU_11657,2.28125,81.175,123,8
STU_11982,2.9000000000000004,96.15,27,2
STU_12033,2.23,88.86666666666667,54,3
STU_12150,2.6233333333333335,85.06666666666666,72,6
STU_12161,3.2466666666666666,85.36666666666667,39,3
STU_12258,3.11,86.9,15,1
STU_12334,3.325,85.6,60,4
STU_12374,2.7800000000000002,84.45,57,4
STU_12446,3.4019999999999997,88.34,72,5
STU_12489,2.65,100.0,15,1
STU_12945,2.7157142857142853,88.89999999999999,132,7
STU_13052,3.115,82.9,27,2
STU_13095,2.9625,88.5125,123,8
STU_13344,1.74,86.19999999999999,36,2
STU_13560,2.936666666666666,84.13333333333333,48,3
STU_13662,1.7533333333333332,72.96666666666665,54,3
STU_13778,2.14,77.7,57,3
STU_14241,2.49,84.0,15,1
STU_14295,1.1400000000000001,80.44999999999999,33,2
STU_14676,2.9283333333333332,89.63333333333333,108,6
STU_15873,2.83,84.69999999999999,93,6
STU_16024,2.4299999999999997,84.05000000000001,30,2
STU_16648,3.21,89.4,12,1
STU_16734,2.49,89.0,21,1
STU_16743,2.79625,89.45,93,8
STU_17401,1.835,87.15,36,2
STU_17423,3.0700000000000003,88.69999999999999,36,2
STU_15247,2.1550000000000002,80.65,27,2
STU_16177,3.15,87.76666666666667,54,3
STU_16578,2.3471428571428574,82.25714285714285,102,7
STU_09046,2.878,87.3,87,5
STU_09199,2.84,86.875,63,4
STU_09289,3.025,86.1,24,2
STU_09415,3.0333333333333337,86.63333333333334,42,3
STU_09514,2.745,99.5,27,2
STU_09732,2.85,88.16666666666667,33,3
STU_10093,3.74,92.4,15,1
STU_10849,2.8725000000000005,85.3625,120,8
STU_10875,2.4414285714285713,88.62857142857145,108,7
STU_10991,2.25,80.23333333333333,54,3
STU_11241,3.14,92.2,12,1
STU_11355,2.6350000000000002,83.47500000000001,60,4
STU_11495,2.6914285714285717,87.77142857142859,105,7
STU_11528,2.705,85.46249999999999,96,8
STU_11650,2.1100000000000003,91.5,30,2
STU_11851,2.9050000000000002,80.3,60,4
STU_11900,2.85,93.65,36,2
STU_11951,2.93,94.5,18,1
STU_11972,2.028,81.42,87,5
STU_12032,2.9959999999999996,83.06,75,5
STU_12204,3.215,97.35,27,2
STU_12410,2.545,94.6,30,2
STU_12637,2.535,83.15,33,2
STU_12826,2.9625,82.2625,123,8
STU_12877,2.435,85.80000000000001,90,6
STU_12923,2.51,87.7,21,1
STU_13098,2.8885714285714283,86.1285714285714,102,7
STU_13193,2.9625000000000004,85.5125,120,8
STU_13539,2.62125,80.85,123,8
STU_13851,2.50125,83.19999999999999,147,8
STU_13880,2.47,88.3,12,1
STU_14019,2.2433333333333336,88.7,39,3
STU_14070,2.79,81.86,75,5
STU_14077,2.7124999999999995,84.05,69,4
STU_14096,2.9000000000000004,88.375,57,4
STU_14492,2.936666666666667,86.88333333333333,90,6
STU_14541,2.3,91.5,30,2
STU_14899,1.9633333333333332,77.66666666666667,33,3
STU_14950,2.6075000000000004,81.67500000000001,60,4
STU_15364,2.84,86.13333333333333,57,3
STU_15445,2.51,81.2,45,3
STU_15503,2.9600000000000004,82.73333333333333,45,3
STU_15521,1.8175,85.025,72,4
STU_15580,2.01,89.0,15,1
STU_15808,2.5949999999999998,91.6,33,2
STU_15962,2.356666666666667,84.46666666666665,39,3
STU_16224,3.245,91.0,27,2
STU_16625,2.995,90.3,33,2
STU_16699,3.2075,88.52499999999999,75,4
STU_16779,3.1879999999999997,81.42,75,5
STU_16825,2.684285714285714,85.2,132,7
STU_17193,2.9899999999999998,85.13333333333333,33,3
STU_17245,3.42,86.8,15,1
STU_09576,3.222,86.16,57,5
STU_09670,2.67,77.55,87,6
STU_09676,2.882857142857143,78.38571428571429,105,7
STU_10114,1.6,87.0,18,1
STU_10400,2.9225000000000003,86.2,57,4
STU_10402,2.083333333333333,91.86666666666667,42,3
STU_10553,2.53125,82.37500000000001,87,8
STU_10898,2.6799999999999997,82.19999999999999,33,2
STU_11053,2.7750000000000004,90.4,33,2
STU_11336,2.936666666666666,84.96666666666667,45,3
STU_11432,2.2,89.05,36,2
STU_11790,2.8575,85.875,126,8
STU_11929,2.533333333333333,80.51666666666667,87,6
STU_12050,2.9875,83.6,60,4
STU_12430,2.474,78.54,72,5
STU_12431,1.8550000000000002,84.85,60,4
STU_12955,2.5250000000000004,89.65,24,2
STU_13155,2.4099999999999997,88.53999999999999,90,5
STU_13289,3.066,86.78,57,5
STU_13424,2.97,90.62,78,5
STU_14260,3.17,90.3,12,1
STU_14332,2.29,94.0,12,1
STU_14543,2.473333333333333,83.95,90,6
STU_14705,2.5283333333333338,79.66666666666667,90,6
STU_15137,2.6225,84.15,57,4
STU_15480,2.94,90.25,30,2
STU_15835,2.5925,83.66250000000001,144,8
STU_16118,2.8480000000000003,85.74,90,5
STU_16219,2.24,92.1,15,1
STU_16457,2.5875,92.25,63,4
STU_16467,2.7549999999999994,90.44999999999999,123,8
STU_16518,2.6550000000000002,88.23333333333335,111,6
STU_16747,2.5685714285714285,83.10000000000001,105,7
STU_16854,2.521666666666667,82.78333333333335,69,6
STU_17026,3.49,86.55000000000001,42,4
STU_16179,3.08,90.04,78,5
STU_16937,2.462,80.4,60,5
STU_16948,2.5,87.1,36,2
STU_17321,2.16,90.5,18,1
STU_17406,2.5399999999999996,85.53333333333335,45,3
STU_08886,2.92,80.625,66,4
STU_09296,3.0637499999999998,83.5,141,8
STU_09297,2.98,86.35,24,2
STU_09413,3.16,89.55,69,6
STU_09542,2.7675,88.2625,102,8
STU_09599,2.27,100.0,18,1
STU_09674,1.88,87.1,15,1
STU_10354,3.28,86.5,15,1
STU_10405,2.9675,84.2375,93,8
STU_10538,2.67,90.0,33,2
STU_10861,3.35,85.66666666666667,33,3
STU_10862,2.85,84.0,18,1
STU_11345,2.94,85.46666666666665,45,3
STU_11534,3.0,84.65,39,2
STU_11557,2.657142857142857,82.11428571428571,102,7
STU_11793,2.7266666666666666,74.83333333333333,45,3
STU_11928,3.2,95.2,12,1
STU_12439,2.5700000000000003,86.19999999999999,33,2
STU_12546,2.76,91.25,60,4
STU_12906,1.98,82.55,33,2
STU_12979,3.14,87.4,18,1
STU_13085,2.7742857142857145,90.88571428571429,102,7
STU_13861,2.5399999999999996,92.425,57,4
STU_13994,3.665,91.35,39,2
STU_14125,1.9575,86.6,48,4
STU_14250,2.332,74.76,72,5
STU_14436,2.6957142857142857,89.38571428571429,129,7
STU_14742,3.145,80.35,24,2
STU_14803,2.715,79.96666666666667,90,6
STU_14824,2.91,86.3,15,1
STU_14858,2.942857142857143,81.08571428571429,108,7
STU_15373,2.90125,87.625,129,8
STU_15397,2.565,85.85,24,2
STU_15476,2.085,79.65,33,2
STU_15858,2.55,90.1,30,2
STU_16051,2.61,86.33333333333333,51,3
STU_16069,2.7537499999999993,83.7375,123,8
STU_16228,2.11,83.53333333333333,42,3
STU_16270,2.8325000000000005,83.2625,147,8
STU_16464,2.3733333333333335,87.73333333333333,48,3
STU_16685,3.09,79.73333333333333,45,3
STU_16758,2.77,94.3,15,1
STU_16995,3.1479999999999997,86.16,90,5
STU_17161,3.76,84.6,15,1
STU_17339,2.644285714285714,84.18571428571428,105,8
STU_17592,2.4085714285714284,91.42857142857143,108,7
STU_12069,2.8114285714285714,79.47142857142858,105,7
STU_13215,2.995,86.4,27,2
STU_08879,3.34,94.7,30,2
STU_08973,2.595,84.98333333333333,72,6
STU_09290,2.6,83.65,27,2
STU_09345,2.920000000000001,86.44285714285715,108,7
STU_09755,2.7866666666666666,81.5,48,3
STU_09816,2.65,81.25,72,4
STU_09881,2.64625,86.4125,123,8
STU_10194,3.0933333333333337,84.66666666666666,45,3
STU_10263,2.3324999999999996,77.425,75,4
STU_10275,2.8033333333333332,81.73333333333332,93,6
STU_10310,3.06125,84.89999999999999,102,8
STU_10431,3.016666666666666,87.96666666666665,45,3
STU_10457,2.6675,83.7125,96,8
STU_10463,2.551428571428571,85.7,102,7
STU_10631,1.988,82.37999999999998,90,5
STU_10688,2.14,90.9,12,1
STU_10771,2.17,84.0,15,1
STU_10890,2.9,87.6,9,1
STU_11144,2.626,85.82000000000001,90,5
STU_11621,2.77,82.85,33,2
STU_12002,3.34,92.6,18,1
STU_12061,2.8225,85.475,60,4
STU_12240,3.1,79.60000000000001,60,4
STU_12249,3.268,91.55999999999999,57,5
STU_12933,2.1528571428571426,81.38571428571429,81,7
STU_13195,2.53,92.1,18,1
STU_13279,2.7885714285714287,88.77142857142859,132,7
STU_13583,2.098333333333333,78.26666666666667,93,6
STU_13685,3.05,85.9,15,1
STU_13998,3.21,84.15,36,2
STU_14261,3.42,88.3,15,1
STU_14313,3.32,89.1,27,2
STU_14629,1.5666666666666667,85.56666666666666,54,3
STU_14864,2.94,91.4,15,1
STU_15479,3.2,92.94999999999999,36,2
STU_15668,3.05,84.5,15,1
STU_15703,2.5,89.5,27,2
STU_15724,3.017142857142857,83.68571428571428,108,7
STU_16426,3.1366666666666667,88.89999999999999,36,3
STU_17206,2.826,88.22,90,5
STU_17373,2.42,87.2,39,3
STU_17533,3.4800000000000004,85.06666666666666,45,3
STU_15356,3.7,84.05,30,2
STU_08880,2.952,89.35999999999999,72,5
STU_09008,2.358571428571428,87.77142857142857,105,7
STU_09319,2.6083333333333334,89.28333333333332,108,6
STU_09518,2.67,88.5,12,1
STU_09579,3.48,89.6,12,1
STU_09658,3.01,74.96666666666665,36,3
STU_09768,3.19,90.7,15,1
STU_09805,3.23,86.15,30,2
STU_09884,2.7824999999999998,92.0875,144,8
STU_10079,3.4519999999999995,84.48,81,5
STU_10408,1.634,88.76,90,5
STU_10480,2.8520000000000003,82.42,57,5
STU_11500,2.5100000000000002,84.46666666666667,42,3
STU_11667,2.8825,86.5375,126,8
STU_11683,2.48,85.16666666666667,48,3
STU_11730,1.79,86.80000000000001,36,2
STU_11812,2.36,86.4,15,1
STU_11820,1.6549999999999998,83.69999999999999,36,2
STU_12306,3.01,96.94999999999999,30,2
STU_12396,3.186666666666667,78.26666666666667,45,3
STU_12401,2.846,84.67999999999999,84,5
STU_12490,2.9000000000000004,85.96666666666665,45,3
STU_12664,2.67,86.0,18,1
STU_13196,2.97,90.5,15,1
STU_13280,2.835,86.85,36,2
STU_13479,2.9766666666666666,91.83333333333333,45,3
STU_13777,2.5016666666666665,83.51666666666667,93,6
STU_13926,3.2350000000000003,89.3,45,4
STU_13980,3.0375,85.875,75,4
STU_14278,2.8339999999999996,85.14000000000001,57,5
STU_14387,2.8866666666666667,92.26666666666667,39,3
STU_14389,2.84,86.65714285714284,102,7
STU_14442,3.3925,84.4,51,4
STU_14478,2.986666666666667,87.36666666666667,45,3
STU_14661,3.1514285714285712,78.58571428571429,102,8
STU_14663,3.4,87.5,12,1
STU_14871,2.56,94.7,12,1
STU_15063,3.0825000000000005,91.05000000000001,63,4
STU_15320,3.17,86.95,24,2
STU_15525,2.065,90.45,33,2
STU_15611,2.6750000000000003,86.35000000000001,90,6
STU_16780,2.798,88.32000000000001,60,5
STU_16820,3.0300000000000002,91.69999999999999,24,2
STU_16916,2.3,94.46,75,5
STU_17292,2.7279999999999993,86.58000000000001,90,5
STU_17474,2.1375,84.44999999999999,57,4
STU_17491,2.1119999999999997,82.16,90,5
STU_15205,3.2350000000000003,81.6,30,2
STU_15719,3.1842857142857146,79.91428571428573,105,7
STU_17168,2.18,93.16666666666667,45,3
STU_17502,3.164,81.64,75,5
STU_08918,2.4949999999999997,77.26666666666667,93,6
STU_09042,2.3066666666666666,84.39999999999999,93,6
STU_09071,3.14,89.8,12,1
STU_09133,2.675,84.19999999999999,72,4
STU_09194,2.61,87.825,72,4
STU_09259,2.983333333333333,89.03333333333335,45,3
STU_09330,2.026666666666667,86.89999999999999,36,3
STU_09448,2.278571428571429,84.11428571428571,84,7
STU_09679,2.92,93.9,27,2
STU_10133,2.48,80.65,24,2
STU_10317,2.9,96.2,15,1
STU_10398,2.9299999999999997,78.3,30,2
STU_10521,2.902,88.88,78,5
STU_10786,2.391666666666667,84.51666666666667,72,6
STU_10897,2.7150000000000003,85.675,141,8
STU_10956,2.636,92.2,63,5
STU_11137,3.2433333333333336,77.3,72,6
STU_11166,2.473333333333333,88.60000000000001,87,6
STU_11214,2.5,88.7,12,1
STU_11473,3.1624999999999996,81.75,117,8
STU_11720,2.88125,84.425,144,8
STU_11831,2.22,90.4,12,1
STU_12056,3.0766666666666667,87.83333333333333,108,6
STU_12080,2.8899999999999997,83.95,27,2
STU_12234,2.388,86.78,78,5
STU_12418,3.2366666666666664,85.39999999999999,90,6
STU_12464,2.56,90.3,15,1
STU_12590,3.23,88.9,12,1
STU_12761,1.87,92.9,18,1
STU_12939,3.34,91.7,12,1
STU_12946,2.2537499999999997,85.27499999999999,114,8
STU_13548,2.82875,83.9625,117,8
STU_13878,3.055,96.69999999999999,24,2
STU_13952,2.92,83.4,15,1
STU_13976,2.9814285714285718,78.74285714285715,105,7
STU_14135,3.66,84.4,12,1
STU_14185,3.015,90.64999999999999,120,8
STU_14242,2.953333333333333,88.66666666666667,36,3
STU_14585,3.0500000000000003,88.7,39,3
STU_14820,2.27,90.4,12,1
STU_14855,2.9057142857142857,86.65714285714286,105,7
STU_14924,2.9050000000000002,88.85,30,2
STU_15899,2.266666666666666,81.63333333333334,54,3
STU_16308,2.98,80.7,27,2
STU_16316,2.761428571428572,79.95714285714284,126,7
STU_16326,3.1550000000000002,93.05,30,2
STU_16688,3.516666666666667,92.93333333333334,45,3
STU_16888,2.44,91.0,12,1
STU_16997,2.84,88.86666666666666,87,6
STU_17182,2.22,92.7,18,1
STU_17228,2.466666666666667,88.60000000000001,45,3
STU_17604,3.2275,86.1875,144,8
STU_12735,2.52,85.0,15,1
STU_13010,2.346666666666667,83.73333333333333,51,3
STU_13211,3.37,90.0,24,2
STU_16008,2.815,81.9125,123,8
STU_08872,2.27,78.95,48,4
STU_09161,3.0549999999999997,85.9,27,2
STU_09434,2.64,90.1,12,1
STU_09435,3.3466666666666662,89.5,90,6
STU_09931,2.16,75.0,18,1
STU_10074,1.99,74.15,36,2
STU_10141,2.715,85.75,27,2
STU_10375,3.0066666666666664,88.66666666666667,51,3
STU_10516,1.81,90.6,15,1
STU_10613,2.6437499999999994,86.1875,126,8
STU_10807,2.1375,83.8,69,4
STU_11060,2.53,93.1,15,1
STU_11094,2.28625,86.1875,120,8
STU_11263,2.81,90.56666666666666,45,3
STU_11338,2.135,89.9,30,2
STU_11494,3.06,88.4,15,1
STU_11774,2.91,93.5,12,1
STU_11780,2.9699999999999998,81.6,72,4
STU_11889,2.62,85.7,15,1
STU_12328,2.72,86.7,18,1
STU_12373,2.811666666666667,84.2,93,6
STU_12487,2.9,89.93333333333334,48,3
STU_12536,2.49875,83.98750000000001,96,8
STU_12678,2.111666666666667,86.03333333333335,90,6
STU_12690,2.4987500000000002,85.53750000000001,123,8
STU_12763,2.9333333333333336,83.26666666666667,48,3
STU_12766,2.072,85.7,75,5
STU_12832,2.856,87.26,75,5
STU_12916,2.325,92.6,36,2
STU_13263,3.1020000000000003,89.9,60,5
STU_13288,2.8600000000000003,87.05,30,2
STU_13505,2.7725,81.82499999999999,120,8
STU_13667,2.6857142857142864,84.57142857142858,84,7
STU_13838,2.96,92.3,18,1
STU_14304,2.5416666666666665,82.34999999999998,90,6
STU_14338,3.62,91.6,30,2
STU_14589,2.808,83.12,72,5
STU_14846,3.46,93.7,12,1
STU_14949,3.06,87.01666666666667,93,6
STU_15134,2.5700000000000003,82.23333333333333,51,3
STU_15486,3.646666666666667,87.23333333333333,45,3
STU_15554,2.6266666666666665,86.78333333333335,108,6
STU_15693,3.22,92.0,15,1
STU_15702,2.93,87.38000000000001,75,5
STU_15824,2.6466666666666665,76.5,45,3
STU_16088,3.27,84.66666666666667,54,3
STU_16208,2.47,87.53333333333335,54,3
STU_16564,2.365,84.07499999999999,66,4
STU_16593,2.0349999999999997,85.525,57,4
STU_17366,2.595,89.97500000000001,66,4
STU_17482,2.516666666666666,89.5,42,3
STU_17537,2.6260000000000003,86.80000000000001,78,5
STU_12719,2.66,95.3,108,6
STU_16497,2.8887499999999995,87.175,150,8
STU_16585,2.4933333333333336,87.36666666666667,54,3
STU_08874,2.5914285714285716,82.65714285714286,84,7
STU_09511,3.3049999999999997,91.6,36,2
STU_09665,2.84,89.59999999999998,87,6
STU_09697,2.5300000000000002,89.2,36,2
STU_10415,2.9933333333333336,83.16666666666667,36,3
STU_10498,2.498571428571428,84.62857142857142,84,7
STU_10888,3.25,89.25,36,2
STU_10904,2.468571428571429,83.15714285714286,105,7
STU_11045,3.0300000000000002,93.2,30,2
STU_11350,2.395,88.75,72,6
STU_11380,3.0374999999999996,85.6125,99,8
STU_11690,2.7,90.4,12,1
STU_11823,2.098333333333333,89.08333333333333,117,6
STU_12339,2.8975,86.85,57,4
STU_12825,2.46875,86.43749999999999,114,8
STU_13038,3.4775,91.3,66,4
STU_13194,2.9,86.85,27,2
STU_13423,2.8487500000000003,83.2625,96,8
STU_13447,1.7033333333333331,85.06666666666668,57,3
STU_13468,3.57,94.5,18,1
STU_13860,3.04,81.2,15,1
STU_13942,2.566666666666667,89.93333333333334,45,3
STU_13974,2.4225,91.30000000000001,72,4
STU_14337,2.895,87.35,30,2
STU_14411,2.52375,83.57499999999999,123,8
STU_14481,3.184285714285714,88.22857142857143,102,7
STU_14565,2.8666666666666667,84.8,42,3
STU_14759,2.725,92.55,30,2
STU_14897,3.04375,82.52499999999999,126,8
STU_14985,3.372,86.91999999999999,75,5
STU_15103,2.1966666666666668,74.46666666666667,54,3
STU_15292,2.7375,83.125,60,4
STU_15328,2.78,87.58333333333333,72,6
STU_15368,2.6571428571428575,88.10000000000001,123,7
STU_15583,2.32,97.9,18,1
STU_15672,2.83,81.7,15,1
STU_16129,2.92,91.19999999999999,30,2
STU_16233,2.7325,95.64999999999999,66,4
STU_16371,3.0660000000000003,91.67999999999999,75,5
STU_16749,2.91,94.65,30,2
STU_17070,2.94,86.78571428571429,129,7
STU_17190,2.4099999999999997,86.05,144,8
STU_17291,2.74,83.15,30,2
STU_17395,2.66,87.44999999999999,36,2
STU_17571,2.5600000000000005,80.675,57,4
STU_12074,1.7239999999999998,78.67999999999999,93,5
STU_13223,3.045,88.65,30,2
STU_14617,3.1025,91.35000000000001,60,4
STU_17137,2.14,85.55,60,4
STU_17324,2.176,83.32000000000001,78,5
STU_08889,3.3,93.65,36,2
STU_09177,2.4385714285714286,79.28571428571429,102,7
STU_09455,2.8899999999999997,87.94999999999999,30,2
STU_10837,2.99,81.3,15,1
STU_10900,2.54,86.35999999999999,78,5
STU_11061,3.0116666666666667,76.18333333333334,90,6
STU_11314,2.6550000000000002,83.4,33,2
STU_11577,3.155,81.4625,117,8
STU_12428,2.82,96.1,9,1
STU_12495,3.01,88.1,15,1
STU_12557,2.7733333333333334,84.36666666666666,36,3
STU_12591,2.5575,79.175,60,4
STU_12901,2.87,85.2,12,1
STU_13480,2.74,87.5,45,3
STU_13876,2.6333333333333333,90.86666666666667,54,3
STU_14043,2.701666666666666,82.03333333333333,96,6
STU_14845,3.09,90.1,15,1
STU_15383,2.6274999999999995,85.77499999999999,120,8
STU_15399,2.34,85.1,30,2
STU_15694,2.76,95.3,30,2
STU_16005,2.74,88.8,15,1
STU_16214,3.108,91.0,72,5
STU_16280,3.0133333333333336,87.53333333333335,42,3
STU_16409,2.9099999999999997,84.31428571428572,87,7
STU_16421,3.041666666666666,90.56666666666666,87,6
STU_16469,2.345,81.675,45,4
STU_16845,2.1133333333333337,81.93333333333332,45,3
STU_16982,2.607142857142857,82.04285714285713,96,7
STU_17438,2.79,89.0,12,1
STU_17575,2.26,79.21666666666667,93,6
STU_17022,2.453333333333333,86.7,84,6
STU_17217,2.11,77.36666666666666,108,6
STU_08999,2.73,76.06,90,5
STU_09004,2.4766666666666666,92.23333333333335,45,3
STU_09627,1.99,82.57499999999999,75,4
STU_09925,2.8085714285714287,89.21428571428571,102,7
STU_10284,2.95,89.3,12,1
STU_10348,2.625,87.45,33,2
STU_10386,3.3225000000000002,88.025,48,4
STU_10700,2.8316666666666666,89.76666666666665,87,7
STU_11083,2.1675,85.7,48,4
STU_11184,2.0866666666666664,92.23333333333333,57,3
STU_11186,2.8325,86.35,63,4
STU_11662,2.39,90.14285714285712,87,7
STU_11684,2.4757142857142855,80.88571428571429,105,7
STU_11796,2.4219999999999997,76.02000000000001,75,5
STU_11804,2.6457142857142855,86.32857142857142,81,7
STU_12432,2.544,83.97999999999999,72,5
STU_12505,2.36,85.76666666666665,45,3
STU_12534,3.24,89.6,12,1
STU_12913,3.14,85.5,36,3
STU_12999,2.7600000000000002,81.43333333333334,45,3
STU_13227,3.1799999999999997,85.22500000000001,69,4
STU_13268,3.066666666666667,81.16666666666667,36,3
STU_13413,1.975,86.85,30,2
STU_13502,2.1900000000000004,93.4,27,2
STU_13759,3.3699999999999997,87.60000000000001,54,3
STU_13830,3.1566666666666667,83.56666666666666,66,6
STU_14160,3.33,86.19999999999999,30,2
STU_14405,2.955,82.85,33,2
STU_14464,2.5580000000000003,86.49999999999999,81,5
STU_14757,2.55,87.0,15,1
STU_14918,2.7483333333333335,84.08333333333333,72,6
STU_15001,2.6825,85.65,45,4
STU_15014,2.5033333333333334,85.91666666666667,93,6
STU_15066,2.81,87.26666666666667,90,6
STU_15133,3.08,82.225,99,8
STU_15142,3.258,84.67999999999999,78,5
STU_15273,2.763333333333333,93.26666666666665,48,3
STU_15412,2.8516666666666666,82.91666666666667,108,6
STU_15422,2.92,90.0,15,1
STU_15817,2.9975,89.72500000000001,117,8
STU_15957,2.09,81.6,18,1
STU_16013,2.6500000000000004,93.4,36,2
STU_16045,2.31,90.1,12,1
STU_16359,2.98,89.2,18,1
STU_16517,2.5599999999999996,85.45,39,2
STU_16817,2.3783333333333334,86.25,96,6
STU_17136,2.6466666666666665,88.5,48,3
STU_17199,2.3833333333333333,86.83333333333333,45,3
STU_17379,2.6525000000000003,83.125,60,4
STU_17580,3.1833333333333336,82.89999999999999,45,3
STU_12851,2.6649999999999996,86.2375,117,8
STU_09075,2.2366666666666664,86.86666666666667,45,3
STU_09230,3.5,87.575,60,4
STU_09589,2.313333333333333,84.56666666666666,54,3
STU_09783,3.0300000000000002,83.95,24,2
STU_10063,2.83,79.9,30,2
STU_10289,2.728,80.88,90,5
STU_10399,2.8316666666666666,83.08333333333334,84,6
STU_10635,2.59,85.69999999999999,36,2
STU_10697,2.955,90.45,33,2
STU_10914,2.8537500000000002,84.7625,144,8
STU_11247,3.07,90.0,18,1
STU_11806,2.8162499999999997,76.4375,120,8
STU_12045,2.91,90.7,27,2
STU_12780,3.0700000000000003,88.46666666666665,48,3
STU_12817,3.04,94.7,15,1
STU_12900,2.5,80.6,12,1
STU_13179,2.7199999999999998,94.35,39,2
STU_13649,3.1437500000000003,87.92500000000001,144,8
STU_13712,3.2800000000000002,97.125,60,4
STU_13846,2.233333333333333,78.7,45,3
STU_13931,2.838,80.32000000000001,75,5
STU_13982,2.9225000000000003,88.0,57,4
STU_13984,2.8000000000000007,80.08333333333333,90,6
STU_14675,3.00625,88.225,126,8
STU_14754,2.7483333333333335,83.86666666666666,105,6
STU_15029,2.7800000000000002,87.5,24,2
STU_15086,2.3833333333333333,87.23333333333333,48,3
STU_15166,2.435,82.4,30,2
STU_15562,2.9937500000000004,79.45000000000002,126,8
STU_16111,2.5557142857142856,90.47142857142856,87,7
STU_16523,2.8699999999999997,75.96666666666665,42,3
STU_16726,3.0,94.8,33,2
STU_16803,2.9766666666666666,85.89999999999999,33,3
STU_16899,2.224,83.74,60,5
STU_16925,2.83,96.3,15,1
STU_16991,3.045,86.6125,93,8
STU_17073,2.802,82.22,60,5
STU_17208,2.48,79.5,15,1
STU_17284,3.4400000000000004,84.88,93,5
STU_17616,2.48,88.3,18,1
STU_13210,2.42,86.3,18,1
STU_17019,2.8183333333333334,88.36666666666667,87,6
STU_17279,2.8866666666666663,92.96666666666665,72,6
STU_09211,2.9040000000000004,84.34,75,5
STU_09748,2.2333333333333334,87.3,48,3
STU_09921,2.69,88.9,30,2
STU_10149,2.2166666666666663,79.56666666666668,90,6
STU_10226,2.87,91.4,15,1
STU_10464,2.6625,91.875,57,4
STU_10505,2.846666666666667,84.23333333333333,45,3
STU_11109,2.9783333333333335,83.93333333333332,111,6
STU_11377,2.28,92.96666666666665,57,3
STU_12026,2.94,82.46666666666667,114,6
STU_12041,2.9,87.0,18,1
STU_12278,3.2649999999999997,86.57499999999999,78,4
STU_12527,3.045,88.5,30,2
STU_12958,2.4499999999999997,85.325,72,4
STU_13160,2.9125,86.85000000000001,72,4
STU_13216,2.2060000000000004,83.08,75,5
STU_13246,2.5124999999999997,79.92500000000001,51,5
STU_13380,2.8033333333333332,88.7,51,3
STU_13580,2.92,86.0,15,1
STU_14079,2.6750000000000003,88.53333333333335,93,6
STU_14169,2.7939999999999996,89.28,72,5
STU_14667,3.145,88.75,30,2
STU_14712,2.6,98.0,15,1
STU_15215,2.836,85.72,72,5
STU_15277,2.52,83.56666666666666,39,3
STU_15776,2.44125,84.0125,93,8
STU_16202,2.8000000000000003,84.75,93,6
STU_16247,3.36,91.7,15,1
STU_17492,3.53,95.0,18,1
STU_17530,2.7399999999999998,84.0,72,5
STU_16519,3.02,92.0,18,1
STU_17257,2.3,84.44999999999999,33,2
STU_09316,2.81,91.35,36,2
STU_09364,2.202857142857143,77.6857142857143,123,7
STU_09436,3.0133333333333336,80.10000000000001,33,3
STU_09486,2.43,87.2,15,1
STU_09507,2.6833333333333336,92.76666666666665,45,3
STU_09510,2.1260000000000003,88.6,78,5
STU_09543,2.4725,79.175,117,8
STU_09650,2.9080000000000004,84.22,78,5
STU_09703,2.05,80.6,18,1
STU_09716,2.9000000000000004,91.1,30,2
STU_09854,2.62,89.7,18,1
STU_10032,3.233333333333333,94.3,42,3
STU_10767,2.9575000000000005,82.5625,120,8
STU_10847,3.44,85.0,15,1
STU_10912,3.61,83.7,12,1
STU_11123,2.6699999999999995,88.3,108,7
STU_11146,2.8775,89.85,63,4
STU_11168,1.98,83.9,18,1
STU_12147,3.0940000000000003,86.85999999999999,60,5
STU_12750,2.466666666666667,77.56666666666666,42,3
STU_12892,2.28,90.8,18,1
STU_12983,2.5824999999999996,87.70000000000002,60,4
STU_12996,2.396,82.52000000000001,87,5
STU_13051,2.6283333333333334,80.38333333333333,72,6
STU_13053,3.06,84.6375,114,8
STU_13187,2.7350000000000003,88.07499999999999,63,4
STU_13358,3.63,95.4,15,1
STU_13562,3.14,82.69999999999999,30,2
STU_13569,3.4766666666666666,87.96666666666665,45,3
STU_13575,2.9450000000000003,84.05,27,2
STU_13877,3.0833333333333335,91.46666666666665,45,3
STU_14166,3.27,89.6,12,1
STU_14209,2.6266666666666665,85.46666666666665,45,3
STU_14223,2.86,78.61666666666667,90,6
STU_14529,2.643333333333333,91.13333333333333,45,3
STU_14540,2.594,90.9,78,5
STU_14677,3.46,91.7,15,1
STU_14786,2.55,87.8,15,1
STU_15138,2.6849999999999996,82.425,60,4
STU_15298,3.526666666666667,82.66666666666667,45,3
STU_15300,1.8975,85.325,48,4
STU_15632,2.6142857142857143,79.64285714285714,102,7
STU_15704,2.44875,85.14999999999999,90,8
STU_15815,2.99,86.5,15,1
STU_16221,2.483333333333333,92.23333333333333,51,3
STU_16876,2.7075,87.15,57,4
STU_16972,2.2087499999999998,80.8625,93,8
STU_17226,2.975,97.65,27,2
STU_17430,2.653333333333333,97.06666666666666,36,3
STU_12887,3.34,90.3,30,2
STU_13527,2.496,82.54,78,5
STU_15209,2.64,86.53333333333335,90,6
STU_17520,2.162,84.96,78,5
STU_08909,3.22,81.53333333333332,90,6
STU_09049,3.0042857142857144,82.14285714285714,84,7
STU_09152,2.6275,90.2,51,4
STU_09299,2.6550000000000002,81.30000000000001,57,4
STU_09342,2.1,82.93333333333334,48,3
STU_09382,2.274,79.55999999999999,96,5
STU_09491,1.56,87.7,21,1
STU_09502,3.3,82.0,15,1
STU_09781,3.0400000000000005,74.36666666666666,36,3
STU_10104,3.31,90.9,12,1
STU_10403,2.58,89.5,30,2
STU_10566,2.5866666666666664,84.46666666666665,75,6
STU_10632,2.765,81.1,33,2
STU_10806,3.034,91.76,78,5
STU_11028,2.638333333333333,86.96666666666665,72,6
STU_11114,2.94,85.47999999999999,72,5
STU_11209,2.385,87.75,24,2
STU_11240,2.36,85.2,15,1
STU_11250,2.64,93.6,15,1
STU_11543,2.558333333333333,81.71666666666667,93,6
STU_11811,2.707142857142857,86.81428571428572,102,7
STU_11994,2.62625,86.91250000000001,117,8
STU_12016,3.35,84.33333333333334,36,3
STU_12128,2.92375,83.1125,108,8
STU_12302,2.19625,78.81249999999999,96,8
STU_12338,1.92,87.7,18,1
STU_12861,1.938,79.66,90,5
STU_13296,2.705,82.75,21,2
STU_13719,2.345,83.48333333333333,87,6
STU_13899,3.23,90.2,15,1
STU_14050,3.274,89.24,60,5
STU_14167,2.15,89.76666666666665,57,3
STU_14232,2.7566666666666664,94.46666666666665,39,3
STU_14644,2.365,90.425,60,4
STU_14900,2.6900000000000004,85.34,72,5
STU_15203,2.675,78.8375,96,8
STU_15380,2.82,83.3,15,1
STU_15410,2.67,86.2,18,1
STU_15485,2.698,86.04,60,5
STU_15548,2.11,85.2,102,7
STU_15624,2.5033333333333334,94.10000000000001,33,3
STU_15763,2.785,87.025,57,4
STU_15893,2.582,78.94,57,5
STU_16222,2.0575,89.675,75,4
STU_16551,2.22,91.16666666666667,42,3
STU_16601,3.0100000000000002,85.72500000000001,57,4
STU_16768,2.4375000000000004,86.0625,123,8
STU_17048,3.1624999999999996,83.275,48,4
STU_17225,1.905,92.1,36,2
STU_13321,2.3333333333333335,80.78333333333335,93,6
STU_13805,2.6975,89.4,120,8
STU_16188,2.1799999999999997,82.85,30,2
STU_17310,2.26,79.4,18,1
STU_08979,2.55,86.0,30,2
STU_09060,2.115,90.63333333333333,90,6
STU_09063,2.5137500000000004,81.01249999999999,138,8
STU_09251,2.1125,81.35,66,4
STU_09326,2.3600000000000003,93.5,30,2
STU_09425,2.476,90.38,75,5
STU_09471,2.9619999999999997,81.84,60,5
STU_09859,3.03,82.79999999999998,57,4
STU_09880,2.0925,78.825,72,4
STU_10238,2.4,90.59999999999998,54,3
STU_10387,2.06,90.3,36,2
STU_10722,2.983333333333333,89.53333333333335,42,3
STU_10893,3.22,86.96666666666665,36,3
STU_10986,2.0775,85.1,57,4
STU_11212,2.91,87.73333333333333,48,3
STU_11469,2.52,83.13333333333334,45,3
STU_11849,3.15,87.8,9,1
STU_11881,2.516666666666667,88.40000000000002,93,6
STU_12711,2.325,95.75,33,2
STU_13108,2.70125,83.30000000000001,120,8
STU_13275,2.49,89.0,21,1
STU_13628,2.48,79.8,18,1
STU_13669,2.7060000000000004,86.64,72,5
STU_13863,1.9333333333333336,85.03333333333333,51,3
STU_14099,2.685,85.2,30,2
STU_14228,2.7600000000000002,88.17999999999999,87,5
STU_14457,2.6042857142857145,87.52857142857144,129,7
STU_14491,2.6799999999999997,91.26666666666667,45,3
STU_14536,2.6224999999999996,86.0125,93,8
STU_14917,2.525,88.35,36,2
STU_15065,2.71,86.74000000000001,84,5
STU_15333,2.02,87.15,27,2
STU_15512,3.51,89.6,12,1
STU_15534,2.6185714285714283,84.3,105,7
STU_15566,2.9050000000000002,93.725,45,4
STU_15644,2.785,88.0,36,2
STU_15753,2.9050000000000002,84.7,30,2
STU_15834,2.9175,82.125,63,4
STU_15970,2.6312500000000005,85.9375,93,8
STU_16100,1.93,80.625,72,4
STU_16253,3.135,87.19999999999999,60,4
STU_16657,3.05,86.4857142857143,105,7
STU_16856,2.91,78.4,15,1
STU_17077,2.5925,82.15,123,8
STU_17102,2.74,90.75,33,2
STU_17282,2.4433333333333334,76.86666666666667,45,3
STU_17370,2.898571428571429,89.44285714285715,90,7
STU_17447,2.4966666666666666,79.7,42,3
STU_12027,2.0049999999999994,80.39999999999999,87,6
STU_13823,3.19875,88.25000000000001,99,8
STU_17407,2.91,88.95,96,6
STU_09127,2.3325,84.225,54,4
STU_09970,2.6,95.3,21,1
STU_10084,2.5374999999999996,82.375,51,4
STU_10225,3.223333333333333,87.83333333333333,45,3
STU_10265,3.0866666666666673,90.86666666666667,48,3
STU_10355,2.838,88.94000000000001,75,5
STU_10359,2.6633333333333336,79.78333333333335,90,6
STU_10575,2.8366666666666673,81.96666666666665,45,3
STU_10579,3.0300000000000002,94.64999999999999,42,4
STU_10612,2.45,82.8,30,2
STU_10911,2.41,85.3,18,1
STU_11275,2.37,86.975,63,4
STU_11459,3.28,97.9,18,1
STU_11532,2.6599999999999997,88.42,60,5
STU_11764,1.625,88.7,33,2
STU_11784,2.88,83.8,15,1
STU_12218,2.3,92.4,18,1
STU_12241,2.7716666666666665,91.53333333333335,69,6
STU_12261,1.9074999999999998,86.45,72,4
STU_12542,2.98,90.2,15,1
STU_13372,3.22,91.8,15,1
STU_13535,2.83,91.06666666666666,39,3
STU_13652,2.6,84.1,12,1
STU_13910,2.1350000000000002,83.61666666666667,90,6
STU_13932,2.5533333333333332,92.7,54,3
STU_14158,2.65625,88.1125,120,8
STU_14370,2.805,92.85,57,4
STU_14418,3.49,94.1,12,1
STU_14522,3.09,86.225,45,4
STU_14752,2.8275,87.325,60,4
STU_14862,2.9299999999999997,88.0,117,8
STU_14892,2.27,94.2,15,1
STU_15633,2.865,81.625,60,4
STU_15642,2.9433333333333334,86.83333333333333,45,3
STU_15737,2.845,78.81666666666668,90,6
STU_16227,2.115,86.5,36,2
STU_16479,2.95,92.42,72,5
STU_16545,2.642857142857143,92.67142857142856,81,7
STU_16733,2.425,85.475,69,4
STU_16738,3.04,85.05,24,2
STU_16836,2.115,82.95,57,4
STU_16904,2.69,88.63333333333333,45,3
STU_17459,3.8600000000000003,82.1,27,2
STU_17496,2.3633333333333333,87.51666666666667,96,6
STU_17508,2.636,87.53999999999999,69,5
STU_13015,3.0228571428571422,82.64285714285714,81,7
STU_13213,2.9475000000000002,89.2,63,4
STU_17203,2.5700000000000003,87.55,33,2
STU_09148,2.9050000000000002,85.7,24,2
STU_09398,2.942,86.25999999999999,54,5
STU_09562,2.9250000000000003,80.96666666666667,63,6
STU_09603,2.335,87.3,30,2
STU_09700,2.3800000000000003,83.7,36,3
STU_09702,3.1187500000000004,84.9375,123,8
STU_09968,2.3875,76.4,60,4
STU_10045,3.14,89.44,75,5
STU_10753,2.29,92.15,33,2
STU_10782,2.65,89.7,9,1
STU_11127,2.856666666666667,87.83333333333333,48,3
STU_11128,2.66,95.8,18,1
STU_11319,3.2383333333333333,85.2,90,6
STU_11874,2.9450000000000003,78.2,81,4
STU_12042,2.655,78.73333333333333,72,6
STU_12256,2.856,76.66,72,5
STU_12470,2.8633333333333333,84.63333333333334,72,6
STU_13356,2.345714285714286,85.84285714285714,93,7
STU_13368,3.157142857142857,86.48571428571428,105,7
STU_13432,3.03,88.31428571428572,99,7
STU_13489,3.0100000000000002,88.10000000000001,45,3
STU_13563,2.472857142857143,81.85714285714286,108,7
STU_13829,2.9450000000000003,89.0,39,2
STU_14200,2.1725,85.92500000000001,120,8
STU_14218,1.94,84.0,18,1
STU_14505,2.345,86.7,75,6
STU_14724,3.0962499999999995,85.7,123,8
STU_15258,2.9450000000000003,82.44999999999999,30,2
STU_15585,2.14,82.81666666666666,111,6
STU_15760,3.54,82.5,15,1
STU_15829,3.1599999999999997,86.3,93,6
STU_16438,3.0725000000000002,87.35,60,4
STU_16439,2.775,82.6,30,2
STU_16857,2.63,83.3,15,1
STU_15986,2.532,78.85999999999999,78,5
STU_16949,2.77,84.05,60,4
STU_08881,2.893333333333333,83.60000000000001,54,3
STU_08891,2.32,90.1,12,1
STU_08907,2.7925,77.6,60,4
STU_09164,2.565,86.75,30,2
STU_09707,3.1899999999999995,82.86250000000001,126,8
STU_09790,2.35,84.6,15,1
STU_10026,2.2566666666666664,82.66666666666667,42,3
STU_10248,2.55,93.58,78,5
STU_10269,3.49,96.5,18,1
STU_10316,2.675,85.6,30,2
STU_10362,3.265,91.25,30,2
STU_10492,2.6275,86.425,66,4
STU_10576,3.19,84.7,27,2
STU_10944,2.4499999999999997,91.02857142857142,108,7
STU_10981,2.87,88.9,15,1
STU_11301,3.39,92.06666666666666,36,3
STU_12155,3.11,94.63333333333334,45,3
STU_12692,2.603333333333333,87.53333333333335,36,3
STU_13167,3.61,89.2,42,3
STU_13172,2.0166666666666666,78.10000000000001,54,3
STU_13534,2.776666666666667,84.26666666666667,108,6
STU_13590,2.9283333333333332,83.0,69,6
STU_13787,2.4525,88.675,126,8
STU_14015,2.67,77.25,93,6
STU_14351,2.1900000000000004,81.72,90,5
STU_14520,2.5549999999999997,87.5,36,2
STU_15366,2.5149999999999997,92.5,72,4
STU_16141,1.7566666666666666,87.8,51,3
STU_16206,2.78,86.7,63,4
STU_16800,2.741428571428571,82.1857142857143,135,7
STU_17250,2.615,83.55000000000001,27,2
STU_17293,2.36,83.63333333333334,45,3
STU_12071,2.175,85.95,30,2
STU_12088,2.425,80.30000000000001,24,2
STU_16178,2.6175,92.69999999999999,57,4
STU_16935,2.5566666666666666,83.43333333333334,48,3
STU_17057,2.4050000000000002,85.7,60,4
STU_09085,2.6975,89.44999999999999,48,4
STU_09093,2.764285714285714,79.87142857142858,84,7
STU_09232,2.77,78.55714285714285,102,7
STU_09286,2.51,90.6,15,1
STU_09583,2.34,86.3,12,1
STU_09620,2.82,86.78,75,5
STU_09780,2.875,87.05,24,2
STU_09940,2.6525,87.9,57,5
STU_10100,2.0866666666666664,89.06666666666666,105,6
STU_10262,3.136,88.2,75,5
STU_10323,2.7350000000000003,90.3,33,2
STU_10416,1.6925,79.89999999999999,144,8
STU_10600,2.31375,83.49999999999999,99,8
STU_10749,2.89,81.05000000000001,87,6
STU_11405,3.2,80.7,15,1
STU_11460,2.44,85.9,57,4
STU_11738,2.86,93.6,18,1
STU_11880,2.8150000000000004,94.18750000000001,141,8
STU_11899,2.408333333333333,88.58333333333333,72,6
STU_12136,3.38,85.475,72,4
STU_12178,2.7279999999999993,79.9,60,5
STU_12304,2.4299999999999997,81.55000000000001,21,2
STU_12327,3.4,91.5,15,1
STU_12356,2.882,85.82,75,5
STU_12415,2.33,83.1,39,2
STU_12740,2.21,91.6,12,1
STU_12742,2.815,84.57499999999999,117,8
STU_13977,2.4520000000000004,83.25999999999999,69,5
STU_14766,2.15,81.1,15,1
STU_14796,2.961666666666666,87.26666666666667,87,6
STU_15745,3.5700000000000003,89.59999999999998,54,3
STU_15890,2.6833333333333336,91.0,54,3
STU_16389,2.5975,88.525,144,8
STU_16463,2.11,91.94999999999999,33,2
STU_16675,2.6916666666666664,84.75,96,6
STU_16965,2.7,87.6,21,1
STU_17371,2.8957142857142855,79.71428571428571,99,8
STU_17562,2.35125,80.2625,123,8
STU_15355,2.66,88.10000000000001,36,3
STU_17038,2.5625,82.9375,120,8
STU_17503,1.8766666666666667,87.33333333333333,45,3
STU_09162,2.8775000000000004,83.07499999999999,57,4
STU_09593,2.9085714285714284,85.45714285714284,111,8
STU_09775,2.58625,88.2,117,8
STU_09935,2.556,81.7,75,5
STU_10489,2.7525,78.4,117,8
STU_10621,2.38,91.2,12,1
STU_10830,2.83,86.6,12,1
STU_10878,2.96,78.3,12,1
STU_11504,2.97,85.5,57,5
STU_11537,2.9433333333333334,88.5,54,3
STU_11571,2.125,83.1,24,2
STU_11624,2.0575,91.225,45,4
STU_12165,2.54,90.1,18,1
STU_12237,2.6666666666666665,82.86666666666666,48,3
STU_12357,2.13,92.1,12,1
STU_12801,2.84,89.9,30,2
STU_12829,2.45,80.6,12,1
STU_12833,3.0762500000000004,90.125,123,8
STU_13254,3.2299999999999995,81.91250000000001,117,8
STU_13328,2.9274999999999998,86.8,69,4
STU_13392,3.19,93.19999999999999,42,3
STU_13845,2.5949999999999998,91.325,99,8
STU_13923,2.823333333333333,87.23333333333335,42,3
STU_14090,2.893333333333333,84.86666666666667,36,3
STU_14716,2.8949999999999996,86.98333333333333,75,6
STU_14794,2.9499999999999997,82.52857142857144,102,7
STU_15144,2.72375,84.78750000000001,123,8
STU_15654,3.064,86.25999999999999,75,5
STU_15875,2.27875,77.22500000000001,120,8
STU_16300,2.52,80.4,12,1
STU_16544,2.92875,81.96249999999999,117,8
STU_16554,3.0537500000000004,83.39999999999999,141,8
STU_16788,2.96,83.75,36,2
STU_16988,2.03,80.8,21,1
STU_17187,2.4937499999999995,81.18749999999999,123,8
STU_15966,1.5116666666666667,81.36666666666666,108,6
STU_17504,2.6183333333333336,76.75,81,6
STU_08963,2.698333333333333,83.45,69,6
STU_09123,2.715,81.99999999999999,93,6
STU_09363,2.97,80.8,51,4
STU_09570,2.37,87.95,24,2
STU_09933,2.146,85.08,72,5
STU_10192,2.48,92.35000000000001,66,4
STU_10709,2.2649999999999997,87.4125,120,8
STU_11048,2.59,85.32000000000001,54,5
STU_11370,3.0300000000000002,91.2,21,2
STU_11400,3.16,98.3,15,1
STU_11733,2.754,82.24000000000001,81,5
STU_11993,2.543333333333333,85.13333333333333,33,3
STU_12244,2.6449999999999996,81.80000000000001,30,2
STU_12286,2.4166666666666665,85.63333333333333,48,3
STU_12352,2.965,83.8,30,2
STU_12362,3.55,86.5,12,1
STU_12726,2.306,85.11999999999999,81,5
STU_13077,2.17,84.5,12,1
STU_13078,2.5124999999999997,75.2,96,8
STU_13233,2.91,84.2,51,4
STU_13360,2.8674999999999997,86.37500000000001,63,4
STU_13439,2.305,83.06666666666666,93,6
STU_13723,2.7249999999999996,92.25,30,2
STU_14048,2.4942857142857138,80.5,108,7
STU_14230,2.375,95.55000000000001,24,2
STU_14281,2.202,86.88000000000001,57,5
STU_14424,2.2066666666666666,92.83333333333333,48,3
STU_14503,2.266666666666666,91.93333333333332,51,3
STU_14516,2.64,85.7,33,2
STU_14568,2.7712499999999998,81.6375,135,8
STU_14681,3.1766666666666663,87.76666666666665,36,3
STU_14683,2.72,86.30000000000001,60,4
STU_15213,3.535,85.55,30,2
STU_15237,3.505,82.55,36,2
STU_15286,2.15,90.1,72,4
STU_15582,2.43,82.43333333333334,48,3
STU_15701,2.9133333333333336,80.23333333333333,42,3
STU_16033,2.3133333333333335,85.33333333333333,54,3
STU_16243,2.08,84.6,18,1
STU_16263,1.9866666666666666,87.76666666666667,54,3
STU_16910,3.4,82.23333333333333,48,3
STU_16915,2.486,87.38000000000001,72,5
STU_08980,2.6933333333333334,81.25,72,6
STU_09067,2.2725,80.675,57,4
STU_09193,2.9850000000000003,91.80000000000001,30,2
STU_09600,3.0671428571428576,82.17142857142858,84,7
STU_10279,2.8125000000000004,82.575,123,8
STU_10430,2.866666666666667,89.86666666666667,36,3
STU_10500,2.5833333333333335,91.73333333333333,39,3
STU_10742,2.567142857142857,75.75714285714285,111,7
STU_10885,1.8599999999999999,87.52499999999999,69,4
STU_11175,2.734,82.97999999999999,93,5
STU_11254,2.6042857142857145,85.82857142857144,105,7
STU_11289,2.57,87.33333333333333,102,6
STU_11653,2.635,86.125,72,4
STU_11756,2.6900000000000004,84.00000000000001,75,5
STU_11858,2.3066666666666666,89.8,87,6
STU_11965,2.9957142857142856,89.27142857142857,126,7
STU_13076,2.9599999999999995,86.6375,120,8
STU_13419,2.03,87.76,93,5
STU_13465,2.6033333333333335,75.50000000000001,45,3
STU_13630,3.158571428571429,84.42857142857143,105,7
STU_13953,2.9433333333333334,91.39999999999999,39,3
STU_15054,2.4316666666666666,85.78333333333332,105,6
STU_15075,2.485,78.85000000000001,69,6
STU_15304,2.54,79.94000000000001,78,5
STU_15696,2.745,80.8,57,4
STU_16132,2.4333333333333336,89.66666666666667,45,3
STU_16314,2.5200000000000005,84.78,75,5
STU_16460,3.036666666666667,83.63333333333334,45,3
STU_16475,2.34,89.4,15,1
STU_16490,2.6725,80.4125,147,8
STU_16654,3.505,85.8,27,2
STU_16770,2.8066666666666666,90.03333333333335,39,3
STU_16777,2.425,89.65,30,2
STU_16798,1.81125,75.6125,147,8
STU_17207,2.8366666666666664,93.33333333333333,36,3
STU_17281,2.4575,86.825,120,8
STU_17305,2.9059999999999997,87.6,78,5
STU_13820,1.9375,85.925,69,4
STU_15315,3.06,80.6,18,1
STU_16166,3.0060000000000002,86.82000000000001,78,5
STU_17156,3.0075000000000003,93.42500000000001,63,4
STU_17336,2.388333333333333,80.61666666666667,90,6
STU_17609,2.67,85.02000000000001,96,5
STU_08955,3.04,87.65,30,2
STU_09118,2.6599999999999997,86.66666666666667,48,3
STU_09143,2.45,86.11999999999998,75,5
STU_09540,1.79,87.6,15,1
STU_09759,2.2733333333333334,91.86666666666667,48,3
STU_09924,3.258333333333333,90.28333333333332,90,6
STU_10850,2.0149999999999997,91.1,33,2
STU_11064,3.105,94.05,30,2
STU_11118,3.64,90.0,12,1
STU_11332,3.0075,87.775,57,4
STU_11424,2.6114285714285717,81.92857142857143,102,7
STU_12192,2.765,85.95,30,2
STU_12429,2.8000000000000003,82.32857142857142,102,7
STU_12746,2.94875,82.05000000000001,138,8
STU_12966,2.8033333333333332,83.53333333333335,48,3
STU_13181,2.61875,85.7125,111,8
STU_13384,2.881428571428571,81.95714285714284,102,7
STU_13694,2.6166666666666667,81.80000000000001,87,6
STU_13700,2.74,88.225,57,4
STU_14515,2.8216666666666668,87.33333333333333,87,6
STU_14564,2.8666666666666667,88.16666666666667,45,3
STU_14599,2.535,86.17500000000001,48,4
STU_14894,2.4450000000000003,91.1,36,2
STU_14972,2.3679999999999994,79.05999999999999,60,5
STU_15221,2.615,85.05000000000001,30,2
STU_15289,3.385,91.2,27,2
STU_15514,2.332,84.14,72,5
STU_15545,1.8199999999999998,88.25,36,2
STU_15771,2.755,81.14999999999999,51,4
STU_16037,2.5780000000000003,81.75999999999999,72,5
STU_16090,2.7566666666666664,93.09999999999998,42,3
STU_17152,2.236666666666667,89.03333333333335,45,3
STU_17381,2.8966666666666665,82.93333333333334,48,3
STU_17590,2.8,96.85,30,2
STU_13011,3.2366666666666664,88.25,75,6
STU_17277,2.66,89.4,15,1
STU_09021,3.0300000000000002,81.1375,96,8
STU_09183,2.435,86.6,72,4
STU_09601,2.48,86.95,33,2
STU_09692,2.9233333333333333,82.60000000000001,90,6
STU_09843,2.8533333333333335,89.0,75,6
STU_10383,2.5320000000000005,87.69999999999999,57,5
STU_10393,2.7649999999999997,83.65,30,2
STU_10744,2.624,79.6,63,5
STU_10929,3.13,91.3,12,1
STU_11096,2.76,83.69999999999999,30,2
STU_11205,2.7274999999999996,86.075,117,8
STU_11453,3.47,94.7,15,1
STU_12081,2.7187500000000004,82.925,93,8
STU_12221,3.0025,90.92500000000001,60,4
STU_12570,2.535,81.81666666666665,90,6
STU_12994,3.17,91.7,9,1
STU_13469,2.5112499999999995,83.2125,141,8
STU_13521,2.4866666666666664,90.36666666666667,54,3
STU_13617,2.9375,84.1875,117,8
STU_13915,3.002857142857143,86.08571428571429,102,7
STU_13988,2.9842857142857144,85.31428571428572,99,7
STU_14187,2.2733333333333334,83.73333333333335,108,6
STU_14245,2.2525,88.82499999999999,60,4
STU_14386,1.865,86.95,27,2
STU_14417,3.395,91.0,21,2
STU_14510,2.1119999999999997,81.44,63,5
STU_14664,2.56,85.1,75,5
STU_14666,2.7720000000000002,85.82000000000001,69,5
STU_15513,2.1574999999999998,84.7875,120,8
STU_16241,2.6075,85.275,57,4
STU_16427,3.5,85.96666666666665,36,3
STU_16621,2.065,94.35,33,2
STU_16692,2.46,87.14999999999999,63,4
STU_16963,2.8149999999999995,78.47500000000001,117,8
STU_17134,2.715,93.1,21,2
STU_17160,2.926666666666667,87.59999999999998,48,3
STU_17479,3.0475,76.9375,99,8
STU_15199,3.0825,86.275,63,4
STU_15306,2.625,83.6,30,2
STU_16176,2.25,84.86666666666666,54,3
STU_16968,2.74625,86.1625,138,8
STU_17516,2.6350000000000002,88.55000000000001,75,4
STU_08997,2.4850000000000003,82.05000000000001,36,2
STU_09065,2.465,80.45,69,4
STU_09552,2.388333333333333,85.3,96,6
STU_09622,2.812499999999999,88.08749999999999,147,8
STU_09733,2.32,82.65,69,6
STU_09912,3.055,80.1,30,2
STU_09936,2.81,84.63333333333334,54,3
STU_10134,2.2333333333333334,88.63333333333333,48,3
STU_10272,3.21,85.3,15,1
STU_10439,3.6550000000000002,87.15,24,2
STU_10445,2.992,86.4,72,5
STU_10768,2.6300000000000003,97.8,45,3
STU_10843,3.005,87.7375,144,8
STU_11018,2.56625,76.275,123,8
STU_11050,3.4166666666666665,85.2,45,3
STU_11317,2.6771428571428575,84.92857142857143,105,7
STU_11647,3.35,89.2,15,1
STU_12005,3.04,85.9,15,1
STU_12065,2.701250000000001,79.89999999999999,123,8
STU_12090,2.65,86.30000000000001,30,2
STU_12367,2.625,83.125,48,4
STU_12383,2.8049999999999997,84.3,30,2
STU_12507,2.82,88.225,48,4
STU_12653,2.861666666666667,86.75,90,6
STU_12941,2.888333333333333,80.05,72,6
STU_13027,2.8150000000000004,90.0,27,2
STU_13161,2.585,87.55000000000001,33,2
STU_13207,3.23,97.4,18,1
STU_13426,3.02,85.8,12,1
STU_13452,2.8066666666666666,94.8,54,3
STU_13697,2.4400000000000004,83.87142857142858,81,7
STU_14298,2.33,85.92499999999998,117,8
STU_14412,3.265,90.9,30,2
STU_14781,2.1275,79.4,72,4
STU_15425,2.712,88.1,75,5
STU_15520,2.7725,81.975,63,4
STU_15767,2.6842857142857146,81.81428571428572,108,7
STU_15930,2.48,87.4,12,1
STU_15960,2.56,85.53333333333335,42,3
STU_16081,2.801666666666667,76.0,69,6
STU_16150,2.6950000000000003,94.65,30,2
STU_16164,2.75,88.6,15,1
STU_16283,2.7399999999999998,85.1,111,7
STU_17234,3.2524999999999995,88.94999999999999,48,4
STU_17593,2.8025,88.525,51,4
STU_13020,2.23,85.65,36,2
STU_15139,2.08,95.0,18,1
STU_16153,2.91,87.4,18,1
STU_17320,2.51,88.8,33,2
STU_08960,2.77,95.5,15,1
STU_08993,1.9933333333333334,78.06666666666666,54,3
STU_09094,2.615,79.91666666666667,99,6
STU_09130,2.5220000000000002,87.17999999999999,72,5
STU_09262,3.1,81.65,30,2
STU_09408,2.15,90.25,30,2
STU_09568,2.5575,78.52499999999999,60,4
STU_09592,3.3324999999999996,90.225,60,4
STU_10057,3.0557142857142856,83.94285714285715,84,7
STU_10330,2.975,80.4,30,2
STU_10438,2.8128571428571427,85.01428571428572,102,7
STU_10552,2.62,82.875,144,8
STU_10617,2.71,89.35,24,2
STU_10634,2.67,89.3,18,1
STU_10903,3.258571428571429,86.02857142857144,102,7
STU_11178,2.8416666666666663,85.25,93,6
STU_11262,2.6700000000000004,96.83333333333333,48,3
STU_11404,2.29,84.82,60,5
STU_11478,3.545,89.05000000000001,30,2
STU_11614,2.7649999999999997,90.85000000000001,63,4
STU_11656,3.104,86.36000000000001,93,5
STU_11737,2.872,94.78,63,5
STU_11772,1.42,78.1,18,1
STU_11817,1.7633333333333334,83.16666666666667,45,3
STU_12141,3.1825,87.49999999999999,72,4
STU_12210,2.526666666666667,85.05,93,6
STU_12259,2.48,85.55000000000001,27,3
STU_12703,3.21,84.5,15,1
STU_13618,2.48,83.1,12,1
STU_13633,2.7575,81.475,57,4
STU_13650,2.6816666666666666,83.38333333333334,93,6
STU_14598,2.8419999999999996,80.94000000000001,75,5
STU_14818,2.65,97.6,15,1
STU_14957,2.08,83.9,36,2
STU_15201,2.6439999999999997,88.5,87,5
STU_15729,2.7849999999999997,88.975,60,4
STU_15749,2.27,77.53333333333335,87,7
STU_16541,3.24,96.3,12,1
STU_16590,3.3825000000000003,83.05,57,4
STU_16795,2.7112499999999997,82.575,120,8
STU_17029,2.0933333333333333,81.56666666666668,45,3
STU_17211,2.3766666666666665,83.66666666666667,42,3
STU_17445,2.165714285714286,78.0142857142857,84,7
STU_15909,2.644285714285714,81.98571428571428,108,7
STU_16298,2.7825,88.78750000000001,114,8
STU_16628,2.81875,81.2875,93,8
STU_08919,2.6957142857142857,89.50000000000001,102,7
STU_09157,2.06,93.3,15,1
STU_09301,2.54,84.2,15,1
STU_09302,3.495,83.4,30,2
STU_09396,2.5199999999999996,87.14999999999999,96,8
STU_09438,2.698571428571429,79.2,105,7
STU_09656,2.4966666666666666,88.56666666666666,33,3
STU_09714,2.92,85.4,18,1
STU_09862,3.0124999999999997,82.64999999999999,69,4
STU_10018,2.9475,85.55,66,4
STU_10229,2.495,78.60000000000001,93,6
STU_10303,2.464,84.54,75,5
STU_10443,3.3200000000000003,90.15,27,2
STU_10578,3.01,83.6,15,1
STU_10694,3.1037500000000002,85.3,114,8
STU_11330,2.27,91.7,18,1
STU_11365,3.1133333333333333,80.66666666666667,36,3
STU_11429,2.5425,82.30000000000001,60,4
STU_11628,2.67,84.75,30,2
STU_11907,2.995,95.325,63,4
STU_12459,2.61,87.8,15,1
STU_12707,3.2475,97.15,57,4
STU_12879,2.7533333333333334,81.33333333333333,36,3
STU_12915,2.78875,85.6,147,8
STU_13170,2.15,92.1,12,1
STU_13237,2.4987500000000002,82.0,123,8
STU_13329,2.5825,86.5625,99,8
STU_13425,2.855,89.9,48,4
STU_13500,3.27,100.0,12,1
STU_13945,2.72,81.46666666666665,45,3
STU_14869,2.45,80.93333333333334,75,6
STU_15200,2.73,77.85,30,2
STU_15336,2.5,81.67999999999999,78,5
STU_16234,2.1133333333333333,85.33333333333333,54,3
STU_16342,1.86,72.55,36,2
STU_16754,2.3899999999999997,83.675,60,4
STU_16852,2.62,90.05,30,2
STU_17062,3.068571428571428,87.88571428571429,129,7
STU_17130,2.87875,81.74999999999999,120,8
STU_17177,2.892857142857143,82.91428571428573,105,7
STU_17467,3.1,89.9,15,1
STU_17554,3.03,89.2,18,1
STU_13300,2.95125,84.93749999999999,96,8
STU_09131,2.235,93.30000000000001,21,2
STU_09173,2.7716666666666665,86.88333333333333,90,6
STU_09347,3.466666666666667,84.83333333333333,48,3
STU_09430,2.7625,85.72500000000001,57,4
STU_09467,2.15,83.15,30,2
STU_09770,3.252,89.2,69,5
STU_09853,2.1237500000000002,81.33749999999999,117,8
STU_10136,2.551666666666667,90.53333333333335,72,7
STU_10473,2.8885714285714283,83.94285714285715,102,7
STU_10571,2.5333333333333337,82.48333333333333,90,6
STU_10653,2.862,82.26,78,5
STU_10674,3.0014285714285713,84.34285714285716,81,7
STU_10691,2.6,93.2,18,1
STU_10758,2.645,88.55,60,4
STU_11013,3.12,87.94999999999999,21,2
STU_11084,2.3419999999999996,82.96000000000001,72,5
STU_11121,2.62,93.8,18,1
STU_11136,2.342,83.86,69,5
STU_11723,3.02,91.0,12,1
STU_11846,2.486666666666667,84.9,36,3
STU_12149,2.6114285714285717,83.14285714285714,102,7
STU_12162,2.87,82.41999999999999,72,5
STU_12196,2.75,76.3,75,5
STU_12402,2.69,86.60000000000001,48,3
STU_12424,2.136,81.24,90,5
STU_13032,2.5025,84.14999999999999,60,4
STU_13343,3.736666666666667,86.43333333333334,33,3
STU_13458,2.58,98.8,15,1
STU_13743,3.21,84.1,12,1
STU_14419,2.3366666666666664,86.36666666666667,36,3
STU_14778,1.58,90.8,18,1
STU_15156,3.7,94.6,12,1
STU_15337,2.3425000000000002,78.77499999999999,102,8
STU_15437,2.4875000000000003,86.65,54,4
STU_15565,2.838,77.35999999999999,57,5
STU_16055,2.5775,85.125,45,4
STU_16134,2.84,89.76666666666667,48,3
STU_16207,2.8200000000000003,81.65,30,2
STU_16361,2.5949999999999998,93.85,36,2
STU_16412,2.78,85.98750000000001,114,8
STU_16735,3.06,83.3,48,3
STU_17122,2.9600000000000004,87.24999999999999,75,6
STU_17179,2.3866666666666667,85.7,36,3
STU_17489,3.0387500000000003,79.39999999999999,96,8
STU_13801,2.35,82.1,15,1
STU_16539,2.132,85.35999999999999,72,5
STU_09272,3.295,94.84999999999998,90,6
STU_09311,2.5700000000000003,86.64999999999999,90,6
STU_09372,2.5483333333333333,87.08333333333333,90,6
STU_09431,3.0199999999999996,89.23333333333333,45,3
STU_09849,3.145,90.19999999999999,42,2
STU_09939,2.9133333333333336,81.36666666666666,48,3
STU_09975,1.752857142857143,81.72857142857143,126,7
STU_10259,2.695,91.2,102,8
STU_10477,3.055,80.85,57,4
STU_10853,1.762,79.53999999999999,90,5
STU_11191,2.6475,85.475,60,4
STU_11372,3.04,97.5,60,4
STU_11420,2.0999999999999996,80.1,30,2
STU_11428,2.915,85.95,30,2
STU_11487,3.306,90.74000000000001,75,5
STU_12020,3.2133333333333334,84.33333333333333,45,3
STU_12732,2.6,78.7,12,1
STU_12981,3.1233333333333335,93.26666666666667,45,3
STU_13060,2.44,83.31250000000001,117,8
STU_13730,2.8462500000000004,88.825,117,8
STU_13799,2.935,85.16666666666666,90,6
STU_14220,2.2075,79.275,63,4
STU_14229,2.51375,77.33749999999999,126,8
STU_14744,3.0157142857142856,86.28571428571429,87,7
STU_14875,2.233333333333333,88.30000000000001,45,3
STU_14963,2.7266666666666666,79.28333333333333,90,6
STU_15178,2.6540000000000004,76.52000000000001,75,5
STU_15280,1.954,86.22,90,5
STU_15426,2.128,81.48,63,5
STU_15645,2.3674999999999997,87.125,57,4
STU_15825,2.61,91.3,15,1
STU_16194,2.6387499999999995,86.275,114,8
STU_16256,2.9162500000000002,80.14999999999999,123,8
STU_16259,2.57,93.6,15,1
STU_16393,3.0485714285714285,85.35714285714286,120,7
STU_16537,2.6739999999999995,85.44000000000001,72,5
STU_16580,3.1,79.48333333333333,93,6
STU_16941,2.995,85.85,27,2
STU_16973,2.6533333333333333,83.43333333333334,36,3
STU_17065,2.795,84.45,30,2
STU_17101,2.373333333333333,92.26666666666665,45,3
STU_17348,2.418,82.44000000000001,78,5
STU_17367,2.515,81.8,30,2
STU_17481,2.8200000000000003,79.76666666666667,45,3
STU_17552,2.973333333333333,80.83333333333334,72,6
STU_17603,2.6557142857142852,83.05714285714285,81,7
STU_17148,2.4887499999999996,82.9875,126,8
STU_17334,2.562,83.56000000000002,60,5
STU_08992,2.412,85.86,72,5
STU_09174,2.44,80.99999999999999,36,3
STU_09989,2.205,81.35,72,4
STU_10089,2.483333333333334,86.39999999999999,45,3
STU_10365,2.7960000000000003,87.84,57,5
STU_10800,3.04,92.8,15,1
STU_10974,2.813333333333333,86.5,45,3
STU_11041,2.54,86.65,33,2
STU_11197,2.5679999999999996,77.3,54,5
STU_11343,2.6033333333333335,85.64999999999999,108,6
STU_11594,2.0549999999999997,85.6,30,2
STU_11691,2.37375,87.5,117,8
STU_12203,2.78375,82.3,93,8
STU_12638,2.7600000000000002,85.86666666666667,45,3
STU_13039,2.7566666666666664,82.95,66,6
STU_13681,2.594,84.4,63,5
STU_13683,2.115,86.1,24,2
STU_13737,2.218,87.00000000000001,66,5
STU_13995,3.21,88.3,18,1
STU_14047,2.1966666666666668,81.06666666666668,57,3
STU_14219,3.3466666666666662,85.7,45,3
STU_14346,2.9466666666666668,82.26666666666667,48,3
STU_14475,3.13,86.1,30,2
STU_14593,3.29,99.9,30,2
STU_14821,2.79,88.2125,144,8
STU_15163,2.9275,84.89999999999999,60,4
STU_15214,3.218571428571429,84.77142857142859,105,7
STU_15228,2.183333333333333,86.10000000000001,54,3
STU_15229,2.9233333333333333,87.85000000000001,93,6
STU_15405,2.39,93.07499999999999,60,4
STU_15434,2.9233333333333333,91.18333333333334,72,6
STU_16044,2.588,83.42,81,5
STU_16113,2.26,92.1,9,1
STU_16745,2.716,87.56000000000002,87,5
STU_17013,2.7,86.94999999999999,30,2
STU_17119,2.005,87.0,33,2
STU_17249,2.776666666666667,87.76666666666665,51,3
STU_17276,2.23,87.1,12,1
STU_17385,2.75,92.8,15,1
STU_17149,2.085,95.5,36,2
STU_17315,2.908,83.2,78,5
STU_08904,2.58,87.4,30,2
STU_09388,2.765,81.35,30,2
STU_09537,2.35,93.2,15,1
STU_09653,2.1700000000000004,82.31666666666666,108,6
STU_09721,2.135,88.8,39,2
STU_09926,2.4528571428571433,83.98571428571428,81,7
STU_10249,2.76,90.6,15,1
STU_10497,2.8649999999999998,87.0,63,4
STU_10649,2.7375,87.375,51,4
STU_11011,2.915,88.725,51,4
STU_11068,2.6075000000000004,85.05,123,8
STU_11100,2.4233333333333333,80.76666666666667,36,3
STU_11208,2.842,82.24,66,5
STU_11211,2.69,87.15,27,2
STU_11325,2.226666666666667,78.86666666666666,45,3
STU_11521,2.6333333333333333,79.86666666666667,48,3
STU_11554,1.9299999999999997,86.325,75,4
STU_11636,2.97,83.5,15,1
STU_11786,2.9050000000000002,87.18749999999999,120,8
STU_11882,2.796666666666667,87.53333333333335,45,3
STU_11914,2.825,86.95,21,2
STU_12506,2.4000000000000004,81.9,36,2
STU_12769,2.37,95.1,15,1
STU_12899,2.8975,81.9,57,4
STU_13345,3.0383333333333336,86.05,69,6
STU_13361,2.0933333333333333,87.06666666666668,54,3
STU_13729,3.47,89.2,15,1
STU_13902,2.625,78.77499999999999,60,4
STU_14068,2.6357142857142857,81.0,108,7
STU_14119,2.668571428571429,83.81428571428572,87,7
STU_14134,2.16,74.6,18,1
STU_14909,2.325,80.9,36,2
STU_15010,2.7275,88.05,117,8
STU_15167,2.7325,83.425,48,4
STU_16127,2.235,89.80000000000001,33,2
STU_16215,2.205,90.32499999999999,63,4
STU_17188,2.3857142857142857,88.32857142857142,99,7
STU_17224,3.52,81.75,30,2
STU_17386,2.7157142857142853,88.71428571428571,123,7
STU_17426,3.63,86.4,15,1
STU_12049,2.4299999999999997,78.0,33,2
STU_09072,2.577142857142857,80.34285714285714,105,7
STU_09110,2.771666666666667,85.88333333333333,90,6
STU_10381,2.565,78.2,27,2
STU_10504,2.515,95.15,21,2
STU_10833,2.71,88.6,15,1
STU_11054,2.0875,84.1,60,4
STU_11257,1.7428571428571427,84.08571428571427,126,7
STU_11499,2.41,88.45,30,2
STU_11607,2.532857142857143,76.32857142857142,108,7
STU_11731,2.4650000000000003,84.56666666666666,114,6
STU_11821,2.825,86.025,48,4
STU_11912,3.13,82.17999999999999,75,5
STU_12093,3.13,93.1,15,1
STU_12351,2.5175,84.25000000000001,141,8
STU_12541,3.02,83.4,30,2
STU_12693,2.63,86.0,30,2
STU_12876,2.4000000000000004,94.05000000000001,33,2
STU_13031,2.0875,77.775,72,4
STU_13103,2.94,93.1,30,2
STU_13326,2.39,85.725,63,4
STU_13573,2.5283333333333333,77.41666666666667,93,6
STU_13642,2.61,82.47500000000001,120,8
STU_13859,3.25,84.05,21,2
STU_14201,2.56125,81.825,123,8
STU_14404,2.4525,82.3,93,8
STU_14530,3.0949999999999998,91.77499999999999,66,4
STU_14569,3.3233333333333337,82.56666666666666,90,6
STU_14756,2.94,96.3,15,1
STU_14805,2.3971428571428572,82.05714285714285,99,7
STU_14916,2.6471428571428572,85.32857142857142,123,7
STU_15017,2.5475,85.175,144,8
STU_15195,2.4966666666666666,95.83333333333333,33,3
STU_15363,3.08,90.83333333333333,48,3
STU_15662,2.6,83.35,24,2
STU_15742,1.925,84.625,81,4
STU_15811,2.57,79.0,18,1
STU_16031,2.6871428571428573,79.74285714285713,102,7
STU_16125,2.82125,91.1875,132,8
STU_16252,2.2175,87.675,60,4
STU_16382,2.1550000000000002,82.26250000000002,117,8
STU_16478,2.955,83.55,90,6
STU_16693,2.9475000000000002,87.1125,102,8
STU_16759,2.1199999999999997,85.3,48,3
STU_16887,2.31,88.5,12,1
STU_16984,2.7112499999999997,81.71250000000002,114,8
STU_17027,2.598333333333333,82.99999999999999,87,6
STU_17066,2.82,86.7,12,1
STU_17295,3.24625,83.5125,99,8
STU_14601,2.9099999999999997,84.3,45,3
STU_17325,2.705,88.35,30,2
STU_09267,2.4825,79.175,48,4
STU_09355,2.722,80.66,72,5
STU_09433,2.7125,85.9,57,4
STU_09476,2.7133333333333334,85.23333333333333,42,3
STU_09480,2.7712499999999998,83.375,120,8
STU_09535,2.8633333333333333,89.2,45,3
STU_09888,2.592,88.25999999999999,93,5
STU_10034,2.60125,87.14999999999999,96,8
STU_10048,1.8966666666666665,93.23333333333333,54,3
STU_10125,3.21,87.9,30,2
STU_10208,2.682,87.28,60,5
STU_10524,2.77375,89.52499999999999,138,8
STU_10593,1.745,82.85,36,2
STU_10985,2.622,79.9,54,5
STU_11410,3.165,95.2,33,2
STU_11769,3.645,94.15,30,2
STU_11862,2.37,90.8,15,1
STU_12008,2.9400000000000004,90.35,27,2
STU_12603,2.016666666666667,81.69999999999999,51,3
STU_12682,2.9633333333333334,93.2,36,3
STU_12971,2.8,82.9,15,1
STU_13033,2.7624999999999997,86.69999999999999,75,4
STU_13173,3.28,93.1,12,1
STU_13619,2.8175,81.85,51,4
STU_13704,2.755,88.80000000000001,30,2
STU_14399,2.35,84.2875,147,8
STU_14727,2.72,92.7,15,1
STU_14806,2.6962499999999996,83.525,147,8
STU_14813,2.3533333333333335,81.14999999999999,84,6
STU_14997,2.6119999999999997,89.02000000000001,78,5
STU_15673,2.76625,85.42500000000001,129,8
STU_16321,2.73,83.44999999999999,57,4
STU_16493,3.425,93.75,27,2
STU_16626,2.44,91.9,15,1
STU_16794,3.11,96.8,15,1
STU_16867,3.3249999999999997,95.19999999999999,63,4
STU_17030,2.19,85.46666666666665,45,3
STU_15219,2.71,91.22,60,5
STU_09189,3.0666666666666664,84.46666666666665,45,3
STU_09271,3.1566666666666663,88.60000000000001,54,3
STU_09283,2.92,86.04,75,5
STU_09437,3.255,94.3,78,4
STU_09536,2.5400000000000005,81.73333333333333,48,3
STU_09655,2.524,80.23999999999998,72,5
STU_09899,3.0,88.9,18,1
STU_10605,2.46,86.05000000000001,30,2
STU_10787,3.02,90.5,12,1
STU_10916,2.988749999999999,81.4625,117,8
STU_10922,3.2016666666666667,86.56666666666666,93,6
STU_10923,2.7466666666666666,96.7,42,3
STU_10992,2.6,94.6,18,1
STU_11271,3.0125,89.35,63,4
STU_11272,3.1366666666666667,90.53333333333335,45,3
STU_11283,3.0875,88.3,60,4
STU_11695,2.2466666666666666,69.41666666666667,93,6
STU_11955,3.06,84.1,18,1
STU_12066,2.96,89.3,12,1
STU_12397,2.81,98.0,18,1
STU_13042,3.1,90.4,15,1
STU_13137,2.7812499999999996,87.10000000000001,120,8
STU_13241,2.46,80.61666666666666,90,6
STU_13399,3.2800000000000002,87.25,30,2
STU_13589,2.79,91.22500000000001,69,4
STU_13760,3.0,81.84,78,5
STU_13857,2.6033333333333335,84.43333333333334,54,3
STU_13883,2.51,84.7,15,1
STU_14168,2.853333333333333,85.46666666666665,48,3
STU_14266,2.1799999999999997,82.3,24,2
STU_14361,2.5700000000000003,87.5,30,2
STU_14493,3.08,81.0,66,6
STU_14753,2.6233333333333335,87.73333333333333,75,6
STU_14945,3.26,85.85,36,2
STU_15537,2.0,85.44999999999999,39,2
STU_15732,3.0549999999999997,87.06666666666666,72,6
STU_15791,2.6950000000000003,78.45,48,4
STU_16070,2.628,87.64000000000001,72,5
STU_16522,3.14,90.69999999999999,39,4
STU_16581,3.55,84.1,15,1
STU_16901,3.22,89.7,15,1
STU_16905,2.46,85.0,33,2
STU_16962,2.5700000000000003,91.31666666666668,90,6
STU_17464,2.6233333333333335,81.76666666666667,45,3
STU_17547,2.7225,86.225,63,4
STU_12749,2.5275,89.1,42,4
STU_15922,3.1700000000000004,82.7,78,5
STU_09051,2.786,83.47999999999999,75,5
STU_09109,2.124,81.16,75,5
STU_09401,2.4914285714285715,77.92857142857143,117,7
STU_09651,3.0814285714285714,87.38571428571429,105,7
STU_10054,2.8720000000000003,88.41999999999999,84,5
STU_10138,3.44,87.76666666666667,51,3
STU_10219,2.2125000000000004,82.9,48,4
STU_10311,3.045,88.93333333333334,72,6
STU_10889,2.89,82.7,27,2
STU_11103,3.2600000000000002,91.26666666666667,42,3
STU_11581,2.2857142857142856,78.77142857142857,102,7
STU_11714,2.918,76.68,78,5
STU_11767,2.76,92.6,15,1
STU_12030,2.651666666666667,86.11666666666667,84,6
STU_12322,3.0885714285714285,85.17142857142856,102,7
STU_12456,2.94,89.1,15,1
STU_12660,2.9324999999999997,83.68749999999999,93,8
STU_12936,2.4562500000000003,84.075,90,8
STU_12954,2.8800000000000003,78.16666666666667,87,6
STU_13030,2.5985714285714288,85.72857142857143,111,7
STU_13154,2.5725,85.45,60,4
STU_13752,3.06,88.31666666666666,90,6
STU_13892,2.716666666666667,85.78333333333335,93,6
STU_14110,3.2399999999999998,79.65,57,4
STU_14257,2.606666666666667,84.53333333333333,87,6
STU_14321,2.4616666666666664,73.68333333333332,93,6
STU_14758,3.285,86.25,24,2
STU_14783,2.93,82.7,15,1
STU_14861,2.0966666666666662,87.83333333333333,48,3
STU_15114,2.75,84.69999999999999,60,4
STU_15341,2.9859999999999998,85.53999999999999,75,6
STU_15430,1.8933333333333333,87.53333333333335,54,3
STU_15728,2.726,84.76000000000002,90,5
STU_16254,3.0599999999999996,89.72857142857141,102,7
STU_16307,2.01,85.3,12,1
STU_16530,2.928,84.0,72,5
STU_16718,1.9766666666666666,91.2,45,3
STU_16721,3.0914285714285716,78.6857142857143,84,8
STU_17028,2.78625,83.4125,93,8
STU_17107,2.9000000000000004,88.35,60,4
STU_17420,3.0425000000000004,78.375,57,4
STU_17594,2.54,85.15,36,2
STU_15122,2.33,87.83333333333333,42,3
STU_09515,2.6,92.2,30,2
STU_09602,3.286,91.83999999999999,87,5
STU_09740,2.79,96.6,15,1
STU_09796,3.02,88.32499999999999,48,4
STU_09882,2.6575,84.15,123,8
STU_10065,2.65,88.2,15,1
STU_10216,2.895,86.1,24,2
STU_10519,3.1366666666666667,80.89999999999999,36,3
STU_10532,2.755,87.35,30,2
STU_10738,2.6957142857142857,85.82857142857144,99,7
STU_11065,2.6325,79.275,57,4
STU_11297,3.2224999999999997,79.325,114,8
STU_11361,3.072,87.22,78,5
STU_11388,2.7133333333333334,87.36666666666667,45,3
STU_11700,3.21,86.1,12,1
STU_11760,3.5500000000000003,86.26666666666665,36,3
STU_11926,2.79,82.6,30,2
STU_12120,2.6359999999999997,86.3,72,5
STU_12156,2.936,83.72,78,5
STU_12224,2.3685714285714288,79.11428571428571,87,7
STU_12308,2.776666666666667,91.39999999999999,54,3
STU_12649,1.96,81.0,24,2
STU_12827,2.804,89.06000000000002,72,5
STU_13041,2.7825,89.675,48,4
STU_13145,2.5200000000000005,86.1625,99,8
STU_13291,2.8033333333333332,86.16666666666667,93,6
STU_13476,1.6099999999999999,79.75,30,2
STU_13591,2.655,83.3,111,6
STU_13593,2.88,84.94999999999999,30,2
STU_14184,2.87,89.31428571428572,108,7
STU_14328,3.051666666666667,82.13333333333334,87,6
STU_14636,3.0416666666666665,88.8,87,6
STU_15069,3.3866666666666667,84.39999999999999,39,3
STU_15353,2.49,93.5,15,1
STU_15625,3.0,85.3,15,1
STU_15833,3.01,79.1,18,1
STU_16104,2.7728571428571422,84.07142857142857,81,7
STU_16332,1.62,86.9,18,1
STU_16414,2.7262500000000003,83.16250000000001,117,8
STU_16765,2.635,86.35,102,8
STU_17053,2.525,82.16666666666667,111,6
STU_17061,2.623333333333333,86.80000000000001,54,3
STU_17098,2.602,81.24,75,5
STU_17256,2.981428571428571,77.31428571428572,87,7
STU_17304,3.3425000000000002,87.475,63,4
STU_17465,2.92,86.4,75,4
STU_12028,2.535,87.25,24,2
STU_12852,1.61,85.7,18,1
STU_13325,1.8166666666666664,85.90000000000002,51,3
STU_17418,2.8775,87.625,60,4
STU_08952,3.01,87.0,15,1
STU_08995,2.598333333333333,78.78333333333335,90,6
STU_09729,2.88125,85.47500000000001,141,8
STU_09735,2.6700000000000004,84.9375,93,8
STU_10013,2.276666666666667,91.0,36,3
STU_10253,3.12,86.08000000000001,60,5
STU_10728,2.965,89.625,63,4
STU_10854,2.67,85.9,18,1
STU_10999,2.86125,80.05,123,8
STU_11225,2.43,88.9,12,1
STU_11351,2.568,83.34,72,5
STU_11638,2.75,89.3,15,1
STU_11854,2.435,78.775,57,4
STU_11961,3.02,89.5,12,1
STU_12092,2.6087499999999997,80.025,87,8
STU_12216,2.91,86.8,30,2
STU_12599,2.7533333333333334,86.38333333333333,108,6
STU_12665,2.4875,82.3,48,4
STU_12864,2.1925,85.17500000000001,66,4
STU_13065,2.2857142857142856,85.37142857142855,132,7
STU_13485,2.9099999999999997,87.66666666666667,78,6
STU_13496,3.266666666666667,76.53333333333335,45,3
STU_13626,2.8949999999999996,86.78333333333332,90,6
STU_13749,3.19,82.5,12,1
STU_13914,2.815,83.19999999999999,24,2
STU_13928,2.468571428571429,89.67142857142856,108,7
STU_14340,2.2,88.9,18,1
STU_14373,2.5300000000000002,89.05,33,2
STU_14488,1.42,81.23333333333333,54,3
STU_14514,2.3875,85.275,72,4
STU_14538,3.0,83.50000000000001,90,6
STU_14830,2.3466666666666667,85.78333333333332,108,6
STU_14880,1.94,79.7,18,1
STU_14964,3.0349999999999997,95.07499999999999,57,4
STU_15449,2.66,88.7,30,2
STU_15636,2.5500000000000003,86.23333333333333,54,3
STU_15781,2.1366666666666667,81.5,54,3
STU_15852,2.9749999999999996,81.02499999999999,69,4
STU_16230,2.9600000000000004,80.56666666666668,51,3
STU_16600,2.0439999999999996,88.72,72,5
STU_16891,2.622,79.22,72,5
STU_17213,2.7800000000000002,79.5,63,4
STU_17442,3.21,92.3,18,1
STU_17513,1.7633333333333334,85.89999999999999,54,3
STU_08905,2.05,87.1,33,2
STU_09365,3.04,92.65,27,2
STU_09517,2.78,88.16666666666667,42,3
STU_09555,2.90875,82.57499999999999,120,8
STU_09614,2.634,83.38000000000001,72,5
STU_09784,2.435,83.93333333333334,72,6
STU_09974,2.9,86.66666666666667,36,3
STU_10184,2.455,89.65,24,2
STU_10294,2.9057142857142857,84.78571428571426,105,7
STU_10401,2.835,77.15,30,2
STU_10736,3.2075,87.175,90,8
STU_10776,3.0700000000000003,93.28,78,5
STU_11246,3.14,86.05,27,2
STU_11430,2.5533333333333332,91.23333333333333,54,3
STU_11990,3.3499999999999996,83.7,45,3
STU_11996,3.05875,87.025,120,8
STU_12364,2.5985714285714283,83.57142857142857,99,7
STU_12580,2.26,85.0,15,1
STU_12885,2.53,92.46666666666665,54,3
STU_14024,1.8800000000000001,91.95,36,2
STU_14233,2.41875,86.42500000000001,96,8
STU_14319,3.135,87.2,24,2
STU_14902,2.8966666666666665,86.2,45,3
STU_15574,2.61,90.1,12,1
STU_15621,2.5999999999999996,84.275,72,4
STU_15792,2.93,85.0,15,1
STU_16052,2.2775,80.475,60,4
STU_16336,2.718,81.28,75,5
STU_16397,3.0260000000000002,82.5,75,5
STU_16974,1.955,76.0,33,2
STU_14614,2.692857142857143,85.62857142857142,105,7
STU_16168,2.9174999999999995,82.775,96,8
STU_17417,3.0949999999999998,82.69999999999999,60,4
STU_09478,2.482,89.03999999999999,69,5
STU_09666,1.83,91.1,36,2
STU_09695,2.68,93.2,18,1
STU_09874,2.14,84.16666666666667,57,4
STU_10103,2.435,92.3,36,2
STU_10257,2.658333333333333,88.96666666666665,90,6
STU_10292,2.5149999999999997,83.85,30,2
STU_10515,1.9939999999999998,86.22,93,5
STU_10656,2.48125,80.8,117,8
STU_10667,2.14375,81.525,123,8
STU_11221,3.194,91.62,69,5
STU_11230,2.4533333333333336,90.36666666666667,48,3
STU_12465,2.46,88.9,15,1
STU_13842,2.6366666666666667,88.39999999999999,45,3
STU_13867,1.71,92.7,36,2
STU_14126,2.852,84.53999999999999,75,5
STU_14183,2.6100000000000003,84.12,75,5
STU_14379,2.4875,80.45,60,4
STU_14688,2.6799999999999997,83.71666666666667,90,6
STU_14834,2.6239999999999997,79.72,93,5
STU_15345,2.26,93.55,30,2
STU_15489,2.81,84.7,18,1
STU_15847,2.5483333333333333,87.30000000000001,87,6
STU_15956,2.885,86.75,30,2
STU_16366,2.5066666666666664,89.76666666666667,45,3
STU_16441,2.58,77.83749999999999,93,8
STU_17261,3.25625,84.7625,93,8
STU_15318,3.02,86.0,15,1
STU_16509,2.7916666666666665,90.91666666666667,90,7
STU_09009,3.0666666666666664,91.23333333333333,54,3
STU_09041,2.827142857142857,87.34285714285714,102,7
STU_09312,3.73,90.4,15,1
STU_09386,2.58,81.3,12,1
STU_09409,2.4375,79.275,60,4
STU_09822,2.782,82.84,90,5
STU_10522,2.4725,75.375,63,4
STU_10792,2.542857142857143,78.5,102,7
STU_10842,2.0033333333333334,86.96666666666665,57,3
STU_11038,2.4371428571428573,80.51428571428572,96,7
STU_11095,2.3575,85.95,69,4
STU_11623,3.06,85.4,18,1
STU_12003,2.63,82.025,60,4
STU_12518,2.505,82.2,45,4
STU_12777,2.53,82.2,12,1
STU_13056,2.956666666666667,75.26666666666667,45,3
STU_13367,2.8825,90.075,120,8
STU_13379,2.46,96.0,18,1
STU_13537,3.09,97.94999999999999,24,2
STU_13603,2.674285714285714,79.89999999999999,105,7
STU_13648,3.71,85.4,15,1
STU_13835,2.7849999999999997,83.2,60,4
STU_13962,2.758,85.97999999999999,90,5
STU_14115,2.57625,73.575,117,8
STU_14176,2.88,90.30000000000001,33,2
STU_14177,2.78,90.3,18,1
STU_14206,2.91,82.65,24,2
STU_14623,2.3533333333333335,90.33333333333333,42,3
STU_15243,3.2533333333333334,92.5,48,3
STU_15427,2.11,80.06666666666668,51,3
STU_15551,2.511428571428571,86.91428571428571,108,7
STU_15680,1.065,82.4,69,4
STU_16011,2.19,83.45,24,2
STU_16161,3.1199999999999997,88.5,48,3
STU_16714,2.5433333333333334,76.73333333333333,45,3
STU_16894,1.9166666666666667,81.8,57,3
STU_17015,2.74,84.9,15,1
STU_17470,3.3366666666666673,92.63333333333333,45,3
STU_17158,2.2566666666666664,90.93333333333334,48,3
STU_17300,2.17,81.6,57,4
STU_09141,3.067142857142857,84.95714285714287,105,7
STU_09275,3.1199999999999997,86.50000000000001,57,5
STU_09310,2.24,92.24,90,5
STU_09429,2.296666666666667,83.83333333333333,33,3
STU_09468,2.38875,89.26249999999999,141,8
STU_09560,2.775,98.3,75,4
STU_09686,3.1299999999999994,86.40000000000002,84,6
STU_09715,3.0025000000000004,87.65,63,4
STU_10545,2.8771428571428572,81.94285714285715,102,7
STU_10570,2.7575,89.3625,120,8
STU_10733,2.49625,91.5,120,8
STU_10960,2.5,90.6,36,2
STU_11560,3.0700000000000003,86.05,30,2
STU_11788,2.205,89.3375,126,8
STU_12044,2.9225,90.05000000000001,138,8
STU_12212,2.07,92.3,18,1
STU_12235,3.084,82.96,75,5
STU_12279,2.326,89.9,57,5
STU_12646,3.28,85.61249999999998,120,8
STU_12785,3.046666666666667,91.76666666666665,54,3
STU_12993,2.7350000000000003,87.2,36,2
STU_13080,2.11,81.825,72,4
STU_13430,2.3466666666666667,82.83333333333333,51,3
STU_13433,2.7266666666666666,93.03333333333335,36,3
STU_13472,2.53,87.9,15,1
STU_13937,3.19,89.69999999999999,36,2
STU_14116,2.895,84.825,57,4
STU_14121,2.9050000000000002,87.25,24,2
STU_14225,1.9828571428571433,88.01428571428572,126,7
STU_14363,3.1733333333333333,88.76666666666667,39,3
STU_14487,3.1337500000000005,76.7875,120,8
STU_14525,2.5925,82.62499999999999,120,8
STU_14728,2.3925,85.47500000000001,60,4
STU_14843,2.8825,92.0125,120,8
STU_14912,2.8114285714285714,80.94285714285715,102,7
STU_15458,2.6575,92.725,63,4
STU_15590,3.17,89.69999999999999,30,2
STU_15601,2.705,83.85,54,4
STU_15627,2.8125,84.7625,102,8
STU_15639,2.88,97.8,30,2
STU_15759,3.08,95.8,15,1
STU_16077,2.75,87.26666666666667,54,3
STU_16200,2.29875,79.44999999999999,96,8
STU_16633,2.65,91.3,12,1
STU_16863,3.2433333333333336,84.13333333333334,45,3
STU_17542,3.0,90.05,30,2
STU_15904,2.974,89.4,75,5
STU_17323,2.8166666666666664,88.23333333333333,90,6
STU_08877,2.872,84.84,75,5
STU_08892,3.073333333333333,92.06666666666668,39,3
STU_09258,2.73,98.1,15,1
STU_09293,2.4483333333333337,81.33333333333333,90,6
STU_09571,2.513333333333333,79.33333333333333,36,3
STU_09757,2.672857142857143,89.75714285714287,102,7
STU_09776,2.7800000000000002,79.95,24,2
STU_09891,2.78,86.375,60,4
STU_09947,2.7399999999999998,86.5625,99,8
STU_10286,3.59,91.9,18,1
STU_10312,2.96,82.0,36,2
STU_10332,3.146,84.30000000000001,84,5
STU_10573,2.7600000000000002,84.725,57,4
STU_10615,2.605,84.95,114,8
STU_11561,2.565,81.6,24,2
STU_11927,2.197142857142857,82.05714285714285,105,7
STU_12023,2.615,84.55,33,2
STU_12650,2.8075,70.675,60,4
STU_13135,2.768,92.04,75,5
STU_13229,2.67,92.5,18,1
STU_13230,2.8762499999999998,79.625,120,8
STU_13330,3.0649999999999995,83.78333333333332,90,6
STU_13354,2.8737500000000002,85.5125,93,8
STU_13378,2.841666666666667,84.26666666666667,93,6
STU_13420,2.32,97.8,36,3
STU_13672,2.8666666666666667,83.96666666666665,45,3
STU_14074,2.2833333333333337,84.95,90,6
STU_14920,2.7616666666666667,81.88333333333333,90,6
STU_14958,2.1580000000000004,81.58,96,5
STU_15241,2.7466666666666666,86.14999999999999,93,6
STU_15650,2.79,89.3,12,1
STU_15813,2.61,94.2,15,1
STU_15827,2.8575,89.9,60,4
STU_15963,3.0,88.39999999999999,48,3
STU_16021,2.6999999999999997,85.0375,123,8
STU_16319,2.072,82.28,75,5
STU_16476,2.5628571428571427,88.22857142857143,114,7
STU_16542,2.79,87.0,15,1
STU_16882,2.955,85.11666666666667,90,6
STU_17375,2.6980000000000004,86.38,60,5
STU_12869,2.14,93.4,12,1
STU_14613,2.6224999999999996,81.85,60,4
STU_15959,3.4766666666666666,84.46666666666665,45,3
STU_17021,2.84,82.48333333333333,96,6
STU_17500,2.3037500000000004,82.45,117,8
STU_08991,2.2,85.65,24,2
STU_09644,3.1,81.3,30,2
STU_09646,2.8324999999999996,82.7375,114,8
STU_09717,2.93875,87.6125,120,8
STU_09762,2.4342857142857146,80.84285714285714,126,7
STU_10129,3.145,85.55000000000001,30,2
STU_10200,2.8000000000000003,86.19999999999999,69,4
STU_10454,2.6399999999999997,80.3625,120,8
STU_10801,2.344,78.12,78,5
STU_10857,2.5585714285714287,86.05714285714285,108,7
STU_10918,2.965,83.55,21,2
STU_10951,2.904,87.02,81,5
STU_11033,2.7216666666666662,81.18333333333334,75,6
STU_11525,2.64,80.3,12,1
STU_11541,2.2837500000000004,82.3,132,8
STU_12076,2.52,93.5,45,3
STU_12531,2.28,82.36250000000001,114,8
STU_12569,2.2,87.8,15,1
STU_13309,2.635,83.78333333333332,90,6
STU_13431,2.795,81.65,30,2
STU_13906,2.94,87.4,15,1
STU_14161,2.22,82.4,18,1
STU_14179,2.205,85.1,24,2
STU_14339,2.366,84.68,78,5
STU_14508,2.5933333333333333,91.56666666666666,45,3
STU_14630,2.9166666666666665,82.23333333333333,45,3
STU_14832,3.43,86.0,18,1
STU_14851,2.9275,86.67499999999998,60,4
STU_15059,2.1685714285714286,83.25714285714287,108,7
STU_15171,2.7800000000000002,84.05,30,2
STU_15339,3.575,93.44999999999999,30,2
STU_15418,2.9699999999999998,93.5,48,4
STU_15467,2.8833333333333333,81.8,48,3
STU_15653,3.138,84.3,78,5
STU_15689,3.265,95.45,39,2
STU_15981,3.41,80.7,15,1
STU_16190,3.0124999999999997,83.35000000000001,69,4
STU_17043,2.742,97.88000000000001,75,5
STU_17067,2.48,93.8,18,1
STU_17068,2.63,88.55,30,2
STU_17116,3.04,89.25,27,2
STU_17369,2.49,88.55000000000001,33,2
STU_17493,2.763333333333333,82.8,57,3
STU_17565,2.94,96.7,21,2
STU_17572,3.165714285714286,83.0,126,7
STU_12048,2.84,79.86666666666666,87,6
STU_13523,2.89,93.8,12,1
STU_09724,2.5839999999999996,87.35999999999999,78,5
STU_09944,2.275,92.94999999999999,21,2
STU_09971,2.8,90.2,9,1
STU_10337,1.9612500000000002,83.175,123,8
STU_10421,2.83,94.55,24,2
STU_10665,2.99,85.26666666666667,48,3
STU_10790,2.30875,85.15,117,8
STU_10848,2.845714285714286,82.64285714285714,108,7
STU_10865,2.8939999999999997,78.34,75,5
STU_10989,2.428,90.3,93,5
STU_11052,2.1350000000000002,90.01666666666667,87,6
STU_11164,3.01,87.7,15,1
STU_11293,3.0300000000000002,89.05000000000001,27,2
STU_11443,2.6683333333333334,92.64999999999999,96,7
STU_11547,2.25,89.6,15,1
STU_11642,2.3000000000000003,84.06666666666666,36,3
STU_11652,2.5575,77.8,57,4
STU_11893,2.7575000000000003,84.48750000000001,117,8
STU_12031,3.42,88.6,15,1
STU_12140,2.7028571428571433,81.87142857142855,78,7
STU_12349,2.94,91.7,15,1
STU_12437,2.3200000000000003,82.93333333333332,48,3
STU_12552,3.036,78.08000000000001,66,5
STU_12778,2.5859999999999994,84.63999999999999,75,5
STU_12863,2.8866666666666667,91.53333333333335,108,6
STU_13568,3.074,81.83999999999999,72,5
STU_13576,2.56,86.44999999999999,30,2
STU_13657,3.0599999999999996,84.75,21,2
STU_14044,2.26,94.6,18,1
STU_14312,3.313333333333333,91.18333333333334,108,6
STU_14352,2.735714285714286,90.41428571428571,78,7
STU_14382,2.813333333333333,82.93333333333334,72,6
STU_14388,3.135,88.3,30,2
STU_14452,2.99,89.8,24,2
STU_14524,2.7475,80.375,72,4
STU_15110,2.973333333333333,82.91666666666667,93,6
STU_15325,2.9050000000000002,89.05,33,2
STU_15431,2.9750000000000005,81.7875,99,8
STU_15758,2.5585714285714287,83.41428571428571,105,7
STU_16454,2.6950000000000003,85.85,30,2
STU_16533,2.953333333333333,81.73333333333333,36,3
STU_16706,2.22,78.6,15,1
STU_15146,2.646666666666667,86.40000000000002,48,3
STU_15918,2.9499999999999997,87.5,36,3
STU_16029,2.665,86.19999999999999,24,2
STU_16173,2.433333333333333,84.15,87,6
STU_17166,2.6925,83.4,60,4
STU_09224,3.17,86.0,15,1
STU_09641,2.7075000000000005,84.75,57,4
STU_10283,2.6987499999999995,86.8,120,8
STU_10606,2.686666666666667,88.3,45,3
STU_11179,3.0233333333333334,86.8,45,3
STU_11291,2.58,85.6,18,1
STU_11536,2.953333333333333,89.06666666666668,45,3
STU_11583,2.7200000000000006,85.3625,141,8
STU_11586,2.7750000000000004,84.1,30,2
STU_11919,2.1366666666666667,84.86666666666666,54,3
STU_12014,2.466666666666667,82.06666666666668,69,6
STU_12085,3.2350000000000003,88.2,30,2
STU_12102,2.505,86.45,36,2
STU_12289,2.29,85.16000000000001,84,5
STU_12928,2.435,77.75,45,4
STU_13293,2.8760000000000003,84.98,72,5
STU_13507,2.686666666666667,84.10000000000001,45,3
STU_13738,2.81,94.0,15,1
STU_13870,2.65,81.7,45,3
STU_13981,2.235,85.42500000000001,45,4
STU_14058,2.2375000000000003,84.15,72,4
STU_14138,2.908333333333333,82.98333333333333,96,6
STU_14542,3.335,81.5,27,2
STU_14773,2.568,86.6,69,5
STU_14895,2.31,86.3875,96,8
STU_15141,2.175,88.65,36,2
STU_15162,2.4625000000000004,88.7875,123,8
STU_16130,2.76,78.19999999999999,144,8
STU_16238,2.57,84.71666666666668,87,6
STU_16503,2.2625,89.925,69,4
STU_17227,3.38,95.5,12,1
STU_12848,2.3200000000000003,79.4,60,4
STU_15329,3.0928571428571425,84.60000000000001,108,7
STU_16599,3.33,80.2,12,1
STU_16607,2.578333333333333,81.88333333333334,96,6
STU_16938,2.5171428571428573,80.05714285714285,84,7
STU_08908,2.33,94.7,15,1
STU_08949,2.086,83.9,75,5
STU_08951,2.3125,85.7,60,4
STU_09062,2.5442857142857145,73.54285714285716,99,7
STU_09081,2.827142857142857,79.87142857142855,129,7
STU_09176,2.6766666666666663,89.03333333333335,54,3
STU_09180,2.703333333333333,83.35000000000001,90,6
STU_09915,2.93,87.6,15,1
STU_09996,2.62,88.89999999999999,45,3
STU_10344,2.215,83.05000000000001,30,2
STU_10404,2.4233333333333333,85.93333333333334,84,6
STU_10487,2.5125,86.97500000000001,51,4
STU_10735,2.1666666666666665,88.16666666666667,36,3
STU_10756,2.86,95.075,60,4
STU_10812,3.075,94.0,36,2
STU_10852,2.912,87.8,60,5
STU_10866,2.6325,81.6875,99,8
STU_10937,2.7133333333333334,86.43333333333334,111,6
STU_11019,3.0575,84.25,144,8
STU_11270,2.948,85.80000000000001,57,5
STU_11622,3.04,86.7,12,1
STU_11640,3.1633333333333327,87.33333333333333,33,3
STU_11949,2.6950000000000003,93.35,24,2
STU_12713,2.61,97.3,15,1
STU_12728,3.17,84.9,15,1
STU_12751,2.635,75.85,33,2
STU_12925,2.2375000000000003,84.0125,117,8
STU_13168,2.71,88.0125,114,8
STU_13298,2.09,84.7,12,1
STU_13550,2.675,84.35,27,2
STU_13665,2.1425,80.125,57,4
STU_13708,3.0375,88.10000000000002,120,8
STU_13742,2.905,88.69999999999999,30,2
STU_14159,2.3449999999999998,75.975,51,4
STU_14213,3.0,90.0,33,2
STU_14238,2.276666666666667,87.53333333333335,45,3
STU_14247,2.75,82.3,75,5
STU_15202,2.705,86.19999999999999,36,2
STU_15424,3.026,92.88,90,5
STU_15446,2.63,87.10000000000001,54,3
STU_15581,2.26,82.65,36,2
STU_15612,2.5300000000000002,84.9,27,2
STU_15789,2.585,84.7,117,8
STU_15868,2.76,79.89999999999999,45,3
STU_16248,2.6033333333333335,84.76666666666667,36,3
STU_16333,2.5533333333333332,85.76666666666667,48,3
STU_16612,1.7433333333333332,88.93333333333334,48,3
STU_16978,2.2687500000000003,82.4875,126,8
STU_17338,2.77,86.4125,102,8
STU_17518,2.85,79.7,18,1
STU_13311,2.3214285714285716,81.68571428571428,108,7
STU_16187,3.1933333333333334,90.53333333333335,45,3
STU_17218,2.8414285714285716,84.5142857142857,105,7
STU_17301,1.97,86.7,36,2
STU_09037,2.496,89.34,75,5
STU_09192,2.18,86.16666666666667,45,3
STU_09196,2.52,87.35,27,2
STU_09322,2.85875,79.1375,111,8
STU_09392,1.8233333333333333,78.38333333333334,108,6
STU_09878,2.506666666666667,80.0,45,3
STU_09992,2.3533333333333335,84.13333333333334,57,3
STU_09998,2.14,88.95,57,4
STU_10003,3.09,89.0,15,1
STU_10035,2.66,86.16666666666667,51,3
STU_10070,3.027142857142857,86.01428571428572,105,7
STU_10102,2.2466666666666666,80.06666666666666,54,3
STU_10392,1.71,82.9,15,1
STU_10490,3.09,87.8,75,5
STU_10610,2.841666666666667,78.96666666666665,87,6
STU_10731,2.6799999999999997,84.55,30,2
STU_10988,2.7266666666666666,89.06666666666666,36,3
STU_11206,2.4,87.3,36,2
STU_11236,3.1799999999999997,83.30000000000001,63,4
STU_11318,2.935,83.75,30,2
STU_11407,2.3724999999999996,86.625,48,4
STU_11799,2.41,82.05000000000001,30,2
STU_11814,2.75,86.1,87,5
STU_11833,2.7600000000000002,78.5,87,5
STU_11847,3.66,91.5,30,2
STU_12545,2.46,87.675,120,8
STU_12581,3.37,94.7,18,1
STU_12919,2.64,91.8,18,1
STU_13089,2.62,83.8,33,2
STU_13199,3.2,79.55000000000001,24,2
STU_13605,2.8779999999999997,89.86,72,5
STU_13620,2.3383333333333334,77.35000000000001,75,6
STU_13775,2.88,89.25,24,2
STU_14117,2.8771428571428572,88.71428571428571,123,7
STU_14139,3.058,83.8,63,5
STU_14258,3.09,93.1,15,1
STU_14259,2.79,94.6,18,1
STU_14391,2.97,91.8,15,1
STU_14468,2.4642857142857144,76.27142857142859,84,7
STU_15003,3.215,85.1,36,2
STU_15262,3.1,88.1,27,2
STU_15371,2.66,81.05000000000001,54,4
STU_15384,2.866666666666667,78.56666666666668,33,3
STU_15392,2.9675000000000002,82.85,60,4
STU_15725,2.9579999999999997,84.04,60,5
STU_15836,3.002857142857143,89.6857142857143,108,7
STU_16030,2.8333333333333335,88.46666666666665,51,3
STU_16094,2.9933333333333327,85.58333333333333,72,6
STU_16128,2.1,91.0,75,4
STU_16405,2.77,91.5,15,1
STU_16535,2.0620000000000003,83.17999999999999,60,5
STU_17064,3.35,89.4,15,1
STU_17624,2.53875,89.8625,150,8
STU_13806,2.415,94.9,36,2
STU_16933,3.1724999999999994,86.19999999999999,57,4
STU_09024,3.004,80.96000000000001,69,5
STU_09219,2.72,92.8,15,1
STU_09329,2.6,95.9,12,1
STU_09402,2.4,92.2,15,1
STU_09462,3.1225,85.1,57,4
STU_09710,2.73,83.60000000000001,36,3
STU_09946,1.94,90.1,18,1
STU_09961,2.422857142857143,83.11428571428573,87,7
STU_10187,2.5959999999999996,83.02000000000001,69,5
STU_10258,2.5599999999999996,88.7,93,6
STU_10424,2.816,85.6,78,5
STU_10917,2.473333333333333,82.46666666666665,45,3
STU_11036,2.98,86.8,12,1
STU_11335,3.0700000000000003,84.55,24,2
STU_11394,2.86,84.125,57,4
STU_11526,2.93,93.3,12,1
STU_11722,2.5300000000000002,80.42857142857144,99,8
STU_12195,2.54,82.5,15,1
STU_12535,3.0814285714285714,87.71428571428571,126,7
STU_12605,2.6839999999999997,82.00000000000001,66,6
STU_12680,2.62,76.01249999999999,120,8
STU_12734,2.8249999999999997,82.83333333333333,87,6
STU_13307,2.7771428571428567,74.18571428571428,102,7
STU_13610,2.7825,89.32499999999999,60,4
STU_13658,2.94,91.3,21,2
STU_14221,3.3633333333333333,88.3,48,3
STU_14429,2.62,84.35,27,2
STU_14480,3.3,93.35,36,2
STU_14868,2.7414285714285715,79.8142857142857,105,7
STU_15276,3.0700000000000003,83.11999999999999,63,5
STU_15291,2.81,94.0,12,1
STU_15683,2.55,83.75,48,4
STU_15788,2.4966666666666666,91.13333333333333,48,3
STU_15992,2.175,78.875,63,4
STU_16606,3.1725,83.525,60,4
STU_16669,2.6699999999999995,88.11666666666667,69,6
STU_16701,3.4,91.9,12,1
STU_17546,3.485,87.2,24,2
STU_13803,2.81,90.8,15,1
STU_15985,2.51,86.55,24,2
STU_08943,2.7114285714285713,91.88571428571427,108,7
STU_08971,2.5500000000000003,82.81428571428572,87,7
STU_09168,2.5,90.73333333333335,45,3
STU_09277,2.597142857142857,85.3,105,7
STU_09516,2.37,88.45,33,2
STU_09594,2.7675,82.81249999999999,123,8
STU_10493,2.4633333333333334,83.7,90,6
STU_10791,1.92,92.2,18,1
STU_11035,2.284,80.78,72,5
STU_11099,2.875,89.94999999999999,60,4
STU_11192,2.7275,91.475,57,4
STU_11226,2.8800000000000003,87.2,36,3
STU_11416,3.2128571428571426,83.8,81,7
STU_11734,2.61,82.7,18,1
STU_12565,2.4233333333333333,83.36666666666666,33,4
STU_12668,2.033333333333333,84.16666666666667,84,6
STU_12862,2.6799999999999997,82.76666666666667,36,3
STU_13273,2.315,78.0,48,4
STU_13445,2.52,80.4,15,1
STU_13668,2.4133333333333336,87.11666666666667,81,6
STU_13808,2.6,88.39999999999999,54,3
STU_13968,3.63,89.1,15,1
STU_14143,2.528571428571429,83.84285714285714,108,7
STU_14182,3.23,85.9,18,1
STU_14246,2.94,85.125,147,8
STU_14369,2.51,83.2,18,1
STU_14925,3.245,88.25,63,4
STU_15099,2.90625,88.4125,144,8
STU_15447,2.39,80.7,15,1
STU_15456,2.73,81.0,36,2
STU_15535,2.9966666666666666,81.7,45,3
STU_16018,2.042,80.96000000000001,75,5
STU_16902,1.95,84.85,30,2
STU_17052,2.485,88.01666666666665,90,6
STU_17564,3.132857142857143,80.58571428571429,123,7
STU_15968,2.58,93.5,12,1
STU_16154,3.353333333333333,80.60000000000001,36,3
STU_16504,2.57,86.96,75,5
STU_17143,2.9166666666666665,84.38333333333333,90,6
STU_17169,2.5925000000000002,85.62500000000001,63,4
STU_08914,2.925,91.85,39,2
STU_09068,2.51,88.1,33,2
STU_09126,1.92,82.63333333333334,54,3
STU_09325,2.3133333333333335,85.2,51,3
STU_09474,3.36,93.2,12,1
STU_09856,2.91,86.2,33,2
STU_09893,3.79,95.3,18,1
STU_09980,2.5233333333333334,86.46666666666668,90,6
STU_10060,3.0999999999999996,82.43333333333334,48,3
STU_10442,2.405,89.75,30,2
STU_10560,2.47375,90.8875,96,8
STU_10685,2.502,86.0,78,5
STU_11073,2.78,88.23333333333335,87,6
STU_11644,3.4349999999999996,82.1,51,4
STU_11853,1.84,81.6,21,1
STU_12504,2.02,83.93333333333332,42,3
STU_12514,2.3,88.7,33,2
STU_12685,2.6275,91.64999999999999,51,4
STU_12754,3.27,85.2,108,7
STU_12782,2.426,83.64000000000001,60,5
STU_12838,2.468571428571429,84.84285714285714,108,7
STU_12957,2.7225,84.75,63,4
STU_13096,3.10375,83.3875,105,8
STU_13247,3.73,90.0,15,1
STU_13670,2.1825,80.875,63,4
STU_14104,2.9800000000000004,82.675,63,4
STU_14256,2.29,86.0,72,4
STU_14348,3.2619999999999996,83.30000000000001,60,5
STU_14353,3.075,81.0,30,2
STU_14787,2.4433333333333334,87.58333333333333,93,6
STU_14879,3.4699999999999998,84.85,30,2
STU_14906,2.355,77.775,48,4
STU_15165,2.3840000000000003,83.24,75,5
STU_15370,2.71,86.5,21,2
STU_15544,3.505,89.45,24,2
STU_15555,2.6666666666666665,83.2,36,3
STU_16198,2.56,83.6,30,2
STU_16889,2.9316666666666666,82.05,90,6
STU_16961,3.456666666666667,78.46666666666665,42,3
STU_17081,3.18,96.9,15,1
STU_17118,2.716666666666667,80.36666666666666,48,3
STU_15185,2.378,89.6,78,5
STU_16939,2.6325,78.45,45,4
STU_17341,3.073333333333333,85.86666666666667,48,3
STU_17409,2.86,88.23333333333335,45,3
STU_09664,2.98,95.2,12,1
STU_09814,2.32,89.7,15,1
STU_09837,3.07,91.3,18,1
STU_10251,2.9014285714285717,89.68571428571428,108,7
STU_10550,3.0283333333333338,82.5,72,6
STU_10695,2.4425,80.85,60,4
STU_10727,2.83,86.13333333333333,54,3
STU_10737,2.835,93.94999999999999,30,2
STU_10920,2.7750000000000004,87.35,36,2
STU_10978,2.914,89.34,60,5
STU_11227,3.08,80.575,45,4
STU_11598,3.1500000000000004,84.04,75,5
STU_11802,3.03,90.3,15,1
STU_11805,2.402,91.03999999999999,78,5
STU_12347,2.6242857142857146,85.60000000000001,111,7
STU_13119,3.05,83.125,78,4
STU_13403,2.9325,85.275,60,4
STU_13461,2.755,89.45,27,2
STU_13714,2.44,82.84,72,5
STU_13716,2.9414285714285713,90.27142857142859,102,7
STU_13727,2.754,90.50000000000001,60,5
STU_14056,2.54,76.47142857142858,105,7
STU_14299,3.125,84.6,30,2
STU_14463,2.4716666666666667,83.78333333333333,87,6
STU_14874,2.8042857142857147,85.62857142857145,96,7
STU_15360,2.885,86.0,24,2
STU_15641,3.0,87.6,33,2
STU_16041,3.63,80.05,30,2
STU_16620,2.6199999999999997,72.9,60,5
STU_16850,3.546666666666667,91.03333333333335,39,3
STU_17046,2.1,84.66666666666667,90,6
STU_17212,3.035,84.95,93,6
STU_17581,2.7375,89.175,141,8
STU_17165,3.06,85.45,90,6
STU_09698,2.998571428571428,80.98571428571428,84,7
STU_09828,2.018,89.28,78,5
STU_09911,2.44,89.25,30,2
STU_10260,2.585,79.5,27,2
STU_10426,2.715,85.75,27,2
STU_11051,2.49,81.4,36,2
STU_11081,2.88,91.275,75,4
STU_11228,3.0999999999999996,88.94999999999999,57,4
STU_11389,2.526,83.38000000000001,75,5
STU_11539,3.255,95.95,27,2
STU_11750,2.18,79.64000000000001,60,5
STU_11776,2.688333333333333,78.16666666666667,111,6
STU_11953,2.77,90.0,30,2
STU_12194,2.3385714285714285,89.85714285714286,81,7
STU_12300,2.03,81.1,9,1
STU_12377,3.3499999999999996,86.1,33,2
STU_12423,2.63,93.3,15,1
STU_12549,2.565,79.175,48,4
STU_13252,2.56,86.225,60,4
STU_13451,2.7099999999999995,81.45,93,6
STU_14041,2.7150000000000003,85.25,144,8
STU_14440,2.65875,86.3375,117,8
STU_14762,2.5940000000000003,84.22,72,5
STU_14779,2.4433333333333334,83.7,57,3
STU_14810,2.672857142857143,87.41428571428571,108,7
STU_14850,2.746666666666666,84.8,87,6
STU_14940,2.5540000000000003,89.11999999999999,75,5
STU_15297,2.652857142857143,80.74285714285715,105,8
STU_15367,2.5140000000000002,81.74000000000001,78,5
STU_15451,3.1333333333333333,87.56666666666668,45,3
STU_15471,3.1225,83.89999999999999,93,8
STU_15509,2.005,84.85,36,2
STU_15533,3.1450000000000005,84.4,120,8
STU_15628,3.075,89.25,30,2
STU_15658,2.85,86.8142857142857,123,8
STU_15765,2.8625,90.525,51,4
STU_16267,2.56875,87.2,99,8
STU_16367,2.67,87.45,27,2
STU_16641,2.55,95.8,42,2
STU_16643,3.19,95.0,15,1
STU_16703,3.32,86.4,15,1
STU_17012,2.545,88.8,36,2
STU_17205,2.643333333333333,82.33333333333333,90,6
STU_17270,2.525,82.75,30,2
STU_16028,2.43,96.9,15,1
STU_08931,2.7249999999999996,92.15,30,2
STU_09482,2.8762499999999998,80.8875,96,8
STU_09892,2.6425000000000005,85.07500000000002,123,8
STU_10088,2.58,87.725,72,4
STU_10115,2.905,90.33333333333333,69,6
STU_10512,2.7274999999999996,89.075,48,4
STU_10568,3.0525,85.525,72,4
STU_10714,1.6066666666666667,86.26666666666667,36,3
STU_10947,2.956666666666667,80.93333333333334,45,3
STU_11043,2.8299999999999996,82.85714285714286,102,7
STU_11129,2.3528571428571428,88.54285714285713,126,7
STU_11256,2.894,82.38,69,5
STU_11417,2.7075,81.0,63,4
STU_11540,2.2249999999999996,82.94999999999999,30,2
STU_11572,2.2575,81.68750000000001,123,8
STU_11602,2.9275,85.625,66,4
STU_11625,2.8899999999999997,92.9,24,2
STU_11883,2.3525,84.85,72,4
STU_11911,2.7575,80.01249999999999,99,8
STU_11943,2.484,85.22,78,5
STU_12055,2.5949999999999998,84.05,39,2
STU_12139,2.485,84.55,27,2
STU_12368,2.3099999999999996,82.78571428571429,132,7
STU_12502,2.375,87.14999999999999,93,6
STU_12616,2.58,93.1,15,1
STU_13421,1.245,90.15,39,2
STU_13639,2.235,81.82499999999999,69,4
STU_13747,2.2583333333333333,78.8,75,6
STU_13929,2.11,81.36666666666667,54,3
STU_13936,2.772,85.02,75,5
STU_13989,3.13,89.9,15,1
STU_14059,2.9966666666666666,88.0,39,3
STU_14086,2.85,89.3,15,1
STU_14397,2.472,84.75999999999999,75,5
STU_14649,2.796666666666667,86.09999999999998,48,3
STU_14956,2.6180000000000003,87.56,72,5
STU_15251,2.5966666666666662,84.46666666666665,105,6
STU_15350,2.96,87.15,39,2
STU_15419,2.8266666666666667,89.39999999999999,54,3
STU_15697,2.4,91.6,15,1
STU_15796,2.5999999999999996,89.55000000000001,36,2
STU_16392,2.44,90.9,12,1
STU_16432,2.927142857142857,85.35714285714286,132,7
STU_16543,2.9650000000000003,88.175,60,4
STU_17384,2.465,84.75,33,2
STU_17422,2.4925,81.1,123,8
STU_17545,2.74,88.6,12,1
STU_17587,2.6799999999999997,86.0,45,3
STU_15907,2.4299999999999997,83.80000000000001,48,4
STU_17419,2.846666666666667,87.14999999999999,108,6
STU_09015,2.84,85.25999999999999,78,5
STU_09420,2.7712499999999998,80.1375,114,8
STU_09744,3.1075,80.575,42,4
STU_09782,2.654,85.75999999999999,60,5
STU_09788,2.675,80.95,30,2
STU_09905,3.012,86.29999999999998,72,5
STU_09963,2.864,87.08,78,5
STU_10274,2.235,87.45,39,2
STU_10511,2.8775,89.55,60,4
STU_10638,3.21,81.8,12,1
STU_10793,3.55,91.15,27,2
STU_11217,2.69,89.65,30,2
STU_11427,2.2462500000000003,78.02499999999999,117,8
STU_11610,1.75,89.125,57,4
STU_11781,2.766666666666666,83.36666666666666,72,6
STU_11863,3.5033333333333334,91.39999999999999,45,3
STU_12060,3.0999999999999996,92.3,54,3
STU_12488,2.5075000000000003,80.4375,117,8
STU_12524,3.04375,80.8875,123,8
STU_12532,2.828333333333333,89.36666666666667,90,6
STU_12597,3.3066666666666666,89.23333333333333,54,3
STU_12815,2.6214285714285714,86.28571428571429,84,7
STU_12905,2.125,87.55000000000001,36,2
STU_13699,2.545,83.875,117,8
STU_13979,2.713333333333333,89.59999999999998,36,3
STU_14293,3.033333333333333,88.86666666666667,42,3
STU_14302,3.062857142857143,83.0,105,7
STU_14555,2.65,88.3,45,3
STU_14567,3.27,87.0,15,1
STU_14573,3.6,91.0,15,1
STU_15024,3.74,92.05,36,2
STU_15082,2.6239999999999997,82.97999999999999,81,5
STU_15220,2.6274999999999995,89.725,60,4
STU_15233,2.3416666666666663,84.46666666666668,75,6
STU_15334,3.03,74.8,18,1
STU_15518,2.608333333333333,82.19999999999999,93,6
STU_16303,1.99,89.26666666666665,48,3
STU_16335,2.893333333333333,83.56666666666666,48,3
STU_16673,2.705,92.69999999999999,27,2
STU_17000,2.678,85.62,78,5
STU_17591,3.0625,89.70000000000002,102,8
STU_13804,3.295,87.05,27,2
STU_13824,3.005,74.45,33,2
STU_14612,2.6425,85.25000000000001,60,4
STU_16152,3.2,87.2,12,1
STU_08988,3.1550000000000002,83.05000000000001,33,2
STU_09208,2.612,86.55999999999999,87,5
STU_09274,2.79,82.89999999999999,63,4
STU_09615,2.61,86.05714285714286,105,7
STU_09831,2.5066666666666664,83.46666666666668,93,6
STU_09898,2.8614285714285717,92.47142857142856,81,7
STU_10261,3.55,90.05000000000001,30,2
STU_10298,2.6875,80.575,60,4
STU_10459,2.5250000000000004,78.0,27,2
STU_10789,2.8975,79.4,60,4
STU_10835,2.5737500000000004,81.05,120,8
STU_10863,1.76,93.2,18,1
STU_10932,2.5987500000000003,84.5,117,8
STU_10973,2.8449999999999998,96.9,30,2
STU_11039,2.4666666666666663,82.73333333333333,36,3
STU_11268,3.1999999999999997,86.36666666666666,54,3
STU_11298,2.545,82.075,57,5
STU_11464,2.62625,82.76249999999999,120,8
STU_11651,2.5300000000000002,84.0,21,2
STU_12336,2.3757142857142854,86.0142857142857,105,7
STU_12644,2.4699999999999998,82.06,84,5
STU_13054,2.7371428571428567,82.87142857142858,81,7
STU_13148,2.5725,79.85,45,4
STU_13171,3.0066666666666664,86.2,93,6
STU_13401,2.885,91.85000000000001,75,6
STU_13503,2.9,83.73333333333333,69,6
STU_13873,2.785,88.1,33,2
STU_13874,2.56125,86.8,96,8
STU_14029,3.0400000000000005,81.03333333333335,45,3
STU_14458,1.92875,79.23750000000001,123,8
STU_14860,1.675,88.9,36,2
STU_14887,2.578333333333333,81.33333333333333,90,6
STU_15270,1.665,84.45,27,2
STU_15282,2.526666666666667,90.03333333333335,36,3
STU_15843,1.3599999999999999,88.95,36,2
STU_16076,2.60625,79.12499999999999,96,8
STU_16131,2.8614285714285717,84.05714285714285,102,7
STU_16151,3.52,88.5,30,2
STU_16170,3.58,96.2,27,2
STU_16694,2.636,91.46000000000001,75,5
STU_17453,2.657142857142857,91.57142857142857,84,7
STU_17488,2.4575,85.25,60,4
STU_13212,2.9599999999999995,82.64999999999999,93,6
STU_13814,2.72,87.1,15,1
STU_14607,2.9066666666666663,92.60000000000001,33,3
STU_09115,2.5140000000000002,81.35999999999999,75,5
STU_09142,3.2214285714285715,90.31428571428572,87,7
STU_09417,2.34,85.2,69,4
STU_09876,2.865,86.325,48,4
STU_10384,2.0275,90.825,57,4
STU_10730,2.6300000000000003,85.43333333333334,45,3
STU_10805,2.63,98.3,15,1
STU_11323,2.7575000000000003,88.3875,141,8
STU_11324,2.955,84.7,24,2
STU_11511,3.75,96.3,15,1
STU_11629,2.505,89.15,30,2
STU_11775,2.4349999999999996,79.5,27,2
STU_11980,2.25,89.4,15,1
STU_12034,2.77,93.3,12,1
STU_12663,3.1483333333333334,85.81666666666666,87,6
STU_13798,1.92,79.8,15,1
STU_13831,2.9057142857142857,81.55714285714285,114,7
STU_14002,2.1383333333333336,85.91666666666667,93,6
STU_14053,2.81875,88.83749999999999,99,8
STU_14349,2.3200000000000003,82.9,30,2
STU_14402,2.98,97.6,12,1
STU_14441,2.7224999999999997,83.30000000000001,69,4
STU_14586,2.7999999999999994,84.36666666666667,45,3
STU_14650,1.7920000000000003,83.54,93,5
STU_14791,2.38,80.9,12,1
STU_15104,2.76,88.97999999999999,72,5
STU_15211,2.924285714285714,84.58571428571429,102,7
STU_15417,3.5,94.4,18,1
STU_15421,3.4433333333333334,87.76666666666667,45,3
STU_15462,3.1599999999999997,90.775,102,8
STU_15496,2.813333333333334,89.76666666666665,36,3
STU_16061,2.43,83.1,18,1
STU_16362,2.9433333333333334,86.95,69,6
STU_16388,2.937142857142857,86.57142857142857,108,7
STU_16433,2.5125,91.55,60,4
STU_16705,2.424285714285714,84.2,102,7
STU_17060,2.852,81.33999999999999,72,5
STU_17087,2.0949999999999998,84.7,36,2
STU_17197,1.92,76.5,30,2
STU_17468,3.335,84.6,36,2
STU_15349,2.874,86.44000000000001,75,5
STU_17322,2.7000000000000006,91.71666666666668,72,6
STU_17346,2.802,89.47999999999999,78,5
STU_17505,3.0233333333333334,85.96666666666668,45,3
STU_17525,2.59,80.64999999999999,63,4
STU_09151,2.89,90.375,123,8
STU_09256,2.54,80.9,33,2
STU_09280,2.4185714285714286,85.70000000000002,84,7
STU_09626,2.5683333333333334,83.28333333333333,72,6
STU_09836,3.14,86.99999999999999,57,4
STU_10146,2.98,83.225,69,4
STU_10250,2.5216666666666665,78.46666666666667,93,6
STU_11093,2.2266666666666666,92.33333333333333,36,3
STU_11497,3.283333333333333,91.36666666666667,45,3
STU_11514,2.9850000000000003,85.25,54,4
STU_11715,1.902,80.24000000000001,87,5
STU_11830,2.8433333333333337,81.71666666666668,108,6
STU_11976,2.9650000000000003,88.64999999999999,108,6
STU_12110,2.871428571428571,81.71428571428571,108,7
STU_12181,3.3433333333333337,96.39999999999999,33,3
STU_12476,2.69,80.36666666666667,48,3
STU_12671,2.0916666666666663,83.31666666666668,96,6
STU_12843,2.6816666666666666,88.36666666666666,69,6
STU_12908,2.3885714285714283,86.01428571428572,105,7
STU_13062,2.5250000000000004,84.45,63,4
STU_13150,2.84,82.94999999999999,24,2
STU_13258,2.33,84.6,12,1
STU_13734,3.37,85.6,30,2
STU_13763,2.59375,87.39999999999999,93,8
STU_14170,2.7916666666666665,81.76666666666667,99,6
STU_14504,2.9450000000000003,82.5,24,2
STU_14574,2.615,84.15,30,2
STU_14633,2.35,92.0,33,2
STU_14790,3.15,98.5,15,1
STU_15727,2.79,84.0,15,1
STU_15798,2.75,78.66666666666667,36,4
STU_16261,2.5442857142857145,79.64285714285714,108,7
STU_16296,2.84,90.1,15,1
STU_16370,2.2887500000000003,76.125,117,8
STU_16408,2.4524999999999997,86.69999999999999,72,4
STU_16617,2.545,92.7,27,2
STU_16746,2.9933333333333336,91.56666666666666,45,3
STU_16862,2.98,81.82857142857144,102,7
STU_17393,2.828333333333333,80.41666666666667,66,6
STU_15207,2.855,94.0,33,2
STU_08878,2.801666666666667,82.35000000000001,90,6
STU_08916,2.8000000000000003,86.23333333333335,42,3
STU_09885,1.81,84.5,15,1
STU_09916,2.435,80.42500000000001,57,4
STU_10042,3.2075,89.9,60,4
STU_10166,2.5340000000000003,88.0,75,5
STU_10195,2.6550000000000002,80.15,45,4
STU_10796,3.39,89.2,12,1
STU_10887,3.36,91.8,18,1
STU_10971,2.5042857142857144,78.54285714285713,105,7
STU_11090,3.085,90.9,63,4
STU_11261,3.2940000000000005,84.22,60,5
STU_11859,2.97,95.0,15,1
STU_11906,3.145,88.25,24,2
STU_12009,3.3649999999999998,86.025,63,4
STU_12137,2.628,84.62,75,5
STU_12353,2.69875,85.89999999999999,120,8
STU_12387,3.22,94.1,15,1
STU_12475,2.9342857142857146,86.27142857142857,84,7
STU_12537,2.582,86.08000000000001,60,5
STU_13159,2.12,88.0,12,1
STU_13184,3.1587500000000004,88.525,123,8
STU_13260,2.703333333333333,86.8,48,3
STU_13357,2.5666666666666664,79.0,75,6
STU_13675,2.755714285714286,81.15714285714286,105,7
STU_13839,2.935,79.6,27,2
STU_14164,3.13,88.8,15,1
STU_14816,2.4850000000000003,96.15,30,2
STU_14915,2.476,80.1,75,5
STU_15343,2.575,86.95,39,2
STU_15814,2.9974999999999996,90.65,123,8
STU_16337,2.4625,87.9125,120,8
STU_16488,3.33,78.15,30,2
STU_16698,2.4899999999999998,87.45714285714287,84,7
STU_16810,2.25375,90.07500000000002,120,8
STU_16921,2.6828571428571424,85.15714285714284,81,7
STU_17082,3.34,88.6,15,1
STU_17117,3.1933333333333334,84.85000000000001,84,6
STU_17180,2.6025,82.07500000000002,117,8
STU_09229,2.82,90.94285714285715,102,7
STU_09407,2.625,91.44999999999999,36,2
STU_09561,3.13,90.65,39,2
STU_10046,3.17,84.43333333333334,48,3
STU_10137,3.08,93.2,15,1
STU_10325,3.3699999999999997,92.43333333333334,36,3
STU_10565,1.9633333333333336,80.53333333333333,54,3
STU_10636,2.9985714285714287,79.84285714285714,102,7
STU_10993,3.35,87.2,15,1
STU_11091,2.7274999999999996,79.3625,114,8
STU_11141,2.59,78.0,33,2
STU_11342,2.85,84.2,36,2
STU_11484,2.45,88.3,15,1
STU_11492,3.1525,82.5,60,4
STU_11902,3.27,88.7,18,1
STU_12768,1.6633333333333333,84.89999999999999,45,3
STU_12783,2.7112499999999997,83.60000000000001,120,8
STU_12857,1.8716666666666668,86.38333333333333,108,6
STU_13003,1.6,97.5,18,1
STU_13285,2.15,72.8,15,1
STU_13761,2.276666666666667,86.5,33,3
STU_13970,2.501428571428572,72.62857142857142,105,7
STU_14045,2.842,80.42,72,5
STU_15034,2.74,79.35,30,2
STU_15222,2.95125,79.8625,93,8
STU_15411,2.74,91.5,15,1
STU_15414,2.9766666666666666,98.16666666666667,48,3
STU_15477,2.33,85.3,15,1
STU_15709,2.75,87.23333333333333,90,6
STU_15830,2.5762500000000004,84.3625,123,8
STU_16106,2.183333333333333,86.0,48,3
STU_16354,2.316,86.3,78,5
STU_16410,3.3499999999999996,81.94999999999999,60,4
STU_16566,2.3433333333333333,86.7,42,3
STU_16886,2.21,89.2,12,1
STU_12716,2.84,82.3,15,1
STU_13810,3.1100000000000003,81.68,75,5
STU_16928,2.01,83.3,18,1
STU_09389,2.635,93.4,33,2
STU_09421,2.6585714285714284,85.95714285714287,99,7
STU_09850,2.51,92.05000000000001,33,2
STU_10247,2.83,89.525,60,4
STU_10822,3.276,78.0,69,5
STU_11167,3.02,88.8,18,1
STU_11311,1.83,90.1,18,1
STU_11395,2.6750000000000003,93.13333333333333,93,6
STU_11462,2.2257142857142855,82.88571428571429,99,7
STU_11489,3.276666666666667,81.4,57,3
STU_11555,2.994285714285714,85.28571428571429,84,7
STU_11694,2.73,89.9,12,1
STU_11783,2.8057142857142856,73.95714285714287,105,7
STU_11800,2.79,77.8125,144,8
STU_12112,3.075,91.65,36,2
STU_12333,2.155,90.25,27,2
STU_12399,2.7883333333333327,86.19999999999999,93,6
STU_12588,3.31,83.2,12,1
STU_12731,3.34,91.7,15,1
STU_13282,3.246666666666666,84.7,45,3
STU_13390,2.6566666666666667,91.40000000000002,45,3
STU_13516,3.545,97.85,24,2
STU_13701,2.572,85.22,75,5
STU_14157,2.11,94.05,27,2
STU_14252,2.7,87.8,18,1
STU_14290,2.67,90.55,36,2
STU_14400,2.1166666666666667,84.51666666666667,87,6
STU_14919,2.7,89.25,30,2
STU_14966,2.9066666666666667,88.0,48,3
STU_15037,1.705,85.30000000000001,36,2
STU_15595,2.3957142857142855,82.10000000000001,126,7
STU_15675,2.185,77.1,60,4
STU_15688,2.695,91.25,24,2
STU_16266,2.3428571428571425,82.39999999999999,99,8
STU_16468,3.0439999999999996,87.22,78,5
STU_16842,2.73,88.4,21,1
STU_16926,2.4725,90.64999999999999,54,4
STU_17131,3.0424999999999995,85.42500000000001,93,8
STU_13202,2.39,79.975,105,8
STU_13203,2.886,88.9,72,5
STU_14603,2.5200000000000005,81.38,60,5
STU_08929,2.78,83.0,15,1
STU_09205,2.29,94.8,15,1
STU_09210,3.34,83.2,105,7
STU_09240,2.4975,81.60000000000001,120,8
STU_09366,3.0133333333333336,93.66666666666667,45,3
STU_09470,2.615,88.94999999999999,36,2
STU_09553,2.385,87.4,33,2
STU_09558,2.665,85.1,30,2
STU_09643,2.165,88.05,39,2
STU_09922,2.92,88.2,15,1
STU_10014,2.75375,93.05,93,8
STU_10153,2.688,89.32000000000001,72,5
STU_10242,2.9433333333333334,87.74999999999999,87,6
STU_10450,2.565,75.45,60,4
STU_10546,1.6266666666666667,81.66666666666667,57,3
STU_10663,2.7249999999999996,89.19999999999999,39,2
STU_10703,3.0875000000000004,88.52499999999999,120,8
STU_10970,3.13,84.14000000000001,72,5
STU_11200,3.10625,80.9875,93,8
STU_11239,2.7,86.58000000000001,87,5
STU_11353,3.34,78.9,15,1
STU_11386,2.6950000000000003,95.05000000000001,36,2
STU_11646,2.675,95.6,30,2
STU_11843,2.935714285714286,84.1857142857143,108,7
STU_11956,2.2649999999999997,93.94999999999999,33,2
STU_12188,2.1933333333333334,85.33333333333333,54,3
STU_12248,2.15,88.5,18,1
STU_12290,2.6666666666666665,84.4,102,6
STU_12350,2.5650000000000004,85.5,27,2
STU_12379,2.855,82.1,24,2
STU_12509,3.1,96.5,15,1
STU_12582,2.6149999999999998,83.67500000000001,93,8
STU_12865,2.89,81.8,30,2
STU_13037,2.401666666666667,84.96666666666667,90,6
STU_13232,1.9399999999999997,86.1,75,4
STU_13369,2.802,83.1,54,5
STU_14366,2.36,90.32499999999999,114,8
STU_14455,2.675,89.15,33,2
STU_14506,2.605,91.9,36,2
STU_14622,2.4957142857142856,86.28571428571429,105,7
STU_14792,1.8499999999999999,86.25,36,2
STU_14802,1.8933333333333333,81.96666666666665,57,3
STU_15090,2.7275,89.475,78,4
STU_16472,3.1675,86.475,60,4
STU_16737,2.925,83.69999999999999,33,2
STU_16822,3.2300000000000004,79.06666666666666,45,3
STU_16824,2.085,86.5,30,2
STU_16846,2.28,84.5,75,5
STU_13310,1.31,81.2,18,1
STU_16586,2.875,93.57499999999999,57,4
STU_09519,3.114,93.48,72,5
STU_09533,2.2742857142857145,82.17142857142858,84,7
STU_09631,2.7199999999999993,81.28333333333333,114,6
STU_09803,3.20875,82.75,105,8
STU_10071,2.31,83.2,15,1
STU_10675,2.41,87.4,21,1
STU_10711,2.5983333333333336,88.93333333333332,90,6
STU_10905,2.69,84.675,90,8
STU_11888,2.6374999999999997,83.1,63,4
STU_12154,3.404,83.13999999999999,57,5
STU_12263,3.14,80.5,15,1
STU_12419,3.013333333333333,79.46666666666667,48,3
STU_12477,2.28,83.5,18,1
STU_12563,2.4149999999999996,81.025,123,8
STU_12706,2.4557142857142855,79.52857142857144,81,7
STU_12733,1.8333333333333333,80.96666666666665,48,3
STU_12823,3.005714285714286,87.24285714285713,84,7
STU_12921,2.64375,82.65,117,8
STU_13088,2.9699999999999998,82.85,39,2
STU_13186,2.575,83.625,60,4
STU_13517,1.4766666666666668,88.09999999999998,54,3
STU_14267,2.5925000000000002,87.21249999999999,99,8
STU_14409,2.611666666666667,85.60000000000001,87,6
STU_14549,3.166,81.80000000000001,75,6
STU_14913,2.6966666666666668,84.10000000000001,36,3
STU_15190,3.0349999999999997,78.5,120,8
STU_15335,3.14625,79.39999999999999,120,8
STU_15393,2.3433333333333333,84.0,39,3
STU_15912,2.21,95.9,15,1
STU_16407,3.29,89.6,30,2
STU_16532,2.42,78.92500000000001,60,4
STU_17269,2.7814285714285716,79.61428571428571,105,7
STU_15125,3.0666666666666664,87.60000000000001,45,3
STU_15126,2.2724999999999995,81.44999999999999,60,4
STU_15929,3.25,97.8,12,1
STU_09064,3.04,89.1,15,1
STU_09087,1.98,90.3,15,1
STU_09090,2.4433333333333334,88.46666666666665,51,3
STU_09107,2.54,86.6,15,1
STU_09120,3.13,79.15,33,2
STU_09473,2.598333333333333,89.95,108,6
STU_09685,3.64,89.3,12,1
STU_09875,2.8125,87.9125,123,8
STU_10139,2.4633333333333334,82.55000000000001,108,6
STU_10291,2.5149999999999997,83.52499999999999,120,8
STU_10583,2.63,82.46666666666667,48,3
STU_10795,2.285,85.85,24,2
STU_11120,2.8025,79.85000000000001,63,4
STU_11265,2.29,88.92500000000001,57,4
STU_11300,2.105,84.95,39,2
STU_11304,2.1966666666666668,91.89999999999999,45,3
STU_11592,2.645,79.55,30,2
STU_11762,2.7525,79.275,51,4
STU_12283,3.186,87.9,75,5
STU_12320,2.95,92.8,12,1
STU_12414,2.9899999999999998,82.66666666666667,72,6
STU_12677,2.23,79.3,18,1
STU_13069,2.13,82.7,12,1
STU_13235,3.21,91.3,18,1
STU_13245,2.0366666666666666,85.73333333333335,45,3
STU_13776,2.61,88.9,12,1
STU_14156,3.03,83.7,15,1
STU_14194,2.8475,90.925,66,4
STU_14398,2.335,89.48750000000003,123,8
STU_14859,3.31,89.53333333333332,36,3
STU_14967,2.07,88.28333333333335,75,6
STU_15272,2.445,86.46666666666665,75,6
STU_15448,2.9616666666666664,91.88333333333334,72,6
STU_15671,2.67,84.55,24,2
STU_16074,3.405,84.8,60,4
STU_16322,2.4575,87.1125,141,8
STU_16802,0.9860000000000001,79.78,90,5
STU_17004,2.67625,76.16250000000001,117,8
STU_17570,2.23,86.35,27,2
STU_17602,3.385,97.15,36,2
STU_13123,2.853333333333333,87.73333333333333,45,3
STU_17138,2.9725,84.35,60,5
STU_09138,2.7433333333333336,83.0,27,3
STU_09233,2.42,93.2,15,1
STU_09279,2.5557142857142856,80.31428571428572,84,7
STU_09669,2.8825000000000003,78.5,63,4
STU_09966,2.68,91.9,12,1
STU_10023,2.57,94.8,15,1
STU_10156,2.8366666666666673,94.16666666666667,54,3
STU_10630,3.1733333333333333,91.60000000000001,57,3
STU_10743,2.2633333333333336,80.88333333333334,87,6
STU_10968,3.85,90.5,15,1
STU_11321,2.44,81.2,60,4
STU_11391,3.555,88.3,30,2
STU_11556,2.98,90.9,12,1
STU_11626,1.94,84.96,78,5
STU_11717,2.344,83.1,84,5
STU_11837,2.7325,84.46249999999999,123,8
STU_11845,2.33,86.03333333333335,45,3
STU_12242,2.4628571428571426,84.11428571428573,84,7
STU_12251,2.072,78.46,72,5
STU_12406,2.88,87.875,60,4
STU_12511,2.15,89.9,21,1
STU_12610,3.68,95.5,12,1
STU_12991,2.24,90.45,36,2
STU_13284,2.7787500000000005,78.2,96,8
STU_13363,2.93,80.6,21,1
STU_13494,2.465,76.875,63,4
STU_13629,2.79,87.6,51,4
STU_13744,2.7199999999999998,97.7,27,2
STU_13901,2.9487499999999995,87.05,93,8
STU_13905,2.6574999999999998,83.8875,117,8
STU_14022,2.4475,85.47500000000001,60,4
STU_14109,2.80375,86.25,120,8
STU_14171,2.905,80.4,63,4
STU_14311,3.0766666666666667,84.06666666666668,45,3
STU_14494,2.94,90.7,15,1
STU_14583,3.0250000000000004,79.11666666666667,72,6
STU_14976,2.6833333333333336,91.0,48,3
STU_15132,2.79,90.7,30,2
STU_15491,2.5033333333333334,90.55,90,6
STU_15949,2.357142857142857,85.34285714285714,81,7
STU_16078,2.1500000000000004,87.63333333333333,45,3
STU_16087,3.41,92.0,18,1
STU_16213,2.9085714285714284,86.87142857142858,105,7
STU_16443,1.39,77.875,69,4
STU_16470,2.745,89.3,24,2
STU_16575,2.86,92.0,15,1
STU_16728,2.7560000000000002,74.56,66,5
STU_16796,2.878,83.84,75,5
STU_15359,2.45,85.9,18,1
STU_17405,3.473333333333334,92.43333333333332,36,3
STU_09027,2.7266666666666666,84.5,45,3
STU_09779,3.02,82.0,42,3
STU_09824,3.06,86.3,15,1
STU_09827,3.2214285714285715,84.02857142857144,105,7
STU_09967,2.75,86.5,18,1
STU_10162,2.3049999999999997,84.4625,93,8
STU_10227,3.06,81.91666666666667,90,6
STU_10345,2.96875,85.27499999999999,114,8
STU_10602,1.98,91.6,15,1
STU_10626,1.906666666666667,81.9,36,3
STU_10655,2.4966666666666666,87.60000000000001,93,6
STU_10938,3.0083333333333333,80.36666666666666,90,6
STU_11047,3.29,91.5,12,1
STU_11425,2.145,87.44999999999999,24,2
STU_11522,1.655,81.2,39,2
STU_11770,2.4375,88.075,69,5
STU_11944,2.7079999999999997,83.34,57,5
STU_12099,2.36,86.4,15,1
STU_12361,2.3625,89.025,72,4
STU_12411,2.675,79.19999999999999,30,2
STU_12427,3.0040000000000004,79.94,75,5
STU_12571,3.1666666666666665,89.13333333333333,54,3
STU_12633,2.325,87.92500000000001,57,4
STU_13147,2.66,85.0,36,2
STU_13228,3.016666666666667,92.53333333333335,45,3
STU_13519,2.49125,79.625,99,8
STU_13567,2.574,87.96000000000001,78,5
STU_13597,3.1300000000000003,80.225,45,4
STU_13753,2.614,85.28,72,5
STU_13872,1.875,74.3,48,4
STU_13909,2.968,88.52000000000001,78,5
STU_14316,3.1216666666666666,86.14999999999999,93,7
STU_14425,3.0685714285714285,88.64285714285714,108,7
STU_15072,3.02,79.2,18,1
STU_15140,3.16,95.6,15,1
STU_15223,2.1766666666666663,85.14999999999999,84,6
STU_15483,3.1575,88.35,60,4
STU_15591,2.492,87.52000000000001,63,5
STU_15603,2.915,87.6,21,2
STU_15606,2.4428571428571426,81.92857142857143,102,7
STU_15739,3.1525000000000003,91.125,60,4
STU_16663,2.9524999999999997,79.7375,117,8
STU_16812,2.538,79.84,72,5
STU_16823,2.5616666666666665,85.44999999999999,87,6
STU_16869,2.78,85.6,18,1
STU_16872,3.005,86.1125,123,8
STU_16903,3.056,91.9,75,5
STU_17410,3.07,89.36666666666667,45,3
STU_17529,3.215,96.55,30,2
STU_17555,2.5759999999999996,86.26000000000002,75,5
STU_17333,3.08,85.15,36,2
STU_17507,2.385,83.65,36,2
STU_09303,2.818571428571428,84.64285714285714,102,7
STU_09525,2.978,82.67999999999999,72,5
STU_09527,2.115,80.325,72,4
STU_09611,2.9499999999999997,88.60000000000001,36,3
STU_10025,2.5100000000000002,92.73333333333333,54,3
STU_10122,2.486666666666667,79.78333333333333,90,6
STU_10308,2.69,89.4,24,2
STU_10539,3.022,81.34,90,5
STU_10721,3.0425,79.85,60,4
STU_11255,3.79,96.1,12,1
STU_11451,3.14,89.7,12,1
STU_11570,1.9849999999999999,86.275,48,4
STU_11741,2.394,77.62,72,5
STU_11866,2.8362499999999997,80.46249999999999,120,8
STU_12007,2.824,83.78,57,5
STU_12043,3.48,82.4,15,1
STU_12698,2.305,87.05,36,2
STU_12893,3.37,85.35,36,2
STU_13687,2.75,92.3,15,1
STU_13855,2.23,82.25,30,2
STU_13903,3.0966666666666662,82.60000000000001,45,3
STU_13993,2.765,79.74999999999999,78,6
STU_14114,2.9850000000000003,81.9,24,2
STU_14297,1.985,85.35,27,2
STU_15302,2.78,94.7,15,1
STU_15372,2.62,94.9,18,1
STU_15635,2.48,78.46666666666665,54,3
STU_15874,2.5625,76.86250000000001,96,8
STU_16066,3.1675,80.675,60,4
STU_16195,2.62,85.45,30,2
STU_16665,2.834,83.76,72,5
STU_16923,2.9233333333333333,98.36666666666667,36,3
STU_17172,2.2800000000000002,87.69999999999999,33,2
STU_17400,2.7633333333333336,88.33333333333333,45,3
STU_17460,3.46,90.95,36,2
STU_17531,3.44,94.1,12,1
STU_09012,3.0475000000000003,88.375,48,4
STU_09016,2.7779999999999996,86.16000000000001,57,5
STU_09216,2.8049999999999997,89.2,30,2
STU_09428,2.7833333333333337,81.10000000000001,45,3
STU_09487,2.75,91.3,15,1
STU_09964,2.75125,86.625,132,8
STU_09995,2.2,89.6,24,2
STU_10040,3.53,90.0,12,1
STU_10509,2.5083333333333333,90.68333333333334,90,6
STU_10754,2.79,91.8,18,1
STU_10760,2.8800000000000003,84.5875,117,8
STU_10943,2.723333333333333,91.53333333333335,42,3
STU_11238,2.48,91.8,12,1
STU_11448,2.48,87.06666666666668,36,3
STU_11476,2.216666666666667,82.46666666666665,45,3
STU_11482,1.85,86.9,18,1
STU_11493,3.21,89.3,15,1
STU_11838,2.56,80.3,18,1
STU_11909,2.143333333333333,84.66666666666667,39,3
STU_12174,2.8449999999999998,80.325,60,4
STU_12550,2.8114285714285714,85.91428571428571,123,7
STU_12595,3.13,90.6,15,1
STU_12894,2.72,82.97500000000002,129,8
STU_13244,2.275,89.75,21,2
STU_13248,1.98,77.025,120,8
STU_13549,2.597142857142857,84.52857142857144,105,7
STU_13955,2.42,85.94999999999999,27,2
STU_14296,2.01,81.48333333333333,90,6
STU_14368,3.38,86.1,18,1
STU_14375,3.115,89.33749999999999,123,8
STU_14694,2.7349999999999994,82.9375,120,8
STU_15542,2.35,89.89999999999999,45,3
STU_16305,2.39,79.1,18,1
STU_16489,1.9133333333333333,82.01666666666667,108,6
STU_16667,1.886,82.85999999999999,90,5
STU_16668,3.3299999999999996,88.25000000000001,63,4
STU_16766,2.856666666666667,79.66666666666667,93,6
STU_17383,2.605,81.55,30,2
STU_17434,2.47,84.0625,117,8
STU_14619,3.02,97.7,15,1
STU_08915,3.073333333333333,93.66666666666667,39,3
STU_08969,3.46,87.3,15,1
STU_09019,3.0033333333333334,94.33333333333333,33,3
STU_09135,3.0716666666666668,84.38333333333334,96,6
STU_09304,3.47,94.3,48,3
STU_09753,2.5,80.75,45,4
STU_09769,2.88,93.7,30,2
STU_10058,3.3049999999999997,90.44999999999999,30,2
STU_10087,2.3262499999999995,82.10000000000001,96,8
STU_10158,3.4219999999999997,87.1,57,5
STU_10369,2.9200000000000004,79.78333333333332,81,6
STU_10712,2.8800000000000003,87.90000000000002,87,6
STU_10741,2.9375,86.45,57,4
STU_10820,3.54,90.7,30,2
STU_10840,2.925,82.4,30,2
STU_11015,2.96,78.625,63,4
STU_11087,3.04625,81.675,117,8
STU_11259,2.5733333333333337,89.23333333333333,48,3
STU_11836,2.235,88.3,36,2
STU_11867,3.0,92.3,12,1
STU_11922,2.7725,88.57499999999999,78,4
STU_12310,2.8674999999999997,80.48750000000001,126,8
STU_12830,2.78625,93.15,114,8
STU_13008,3.22,77.3,18,1
STU_13239,3.145,79.7,33,2
STU_13243,2.5533333333333332,86.73333333333333,36,3
STU_13530,2.6333333333333333,86.16666666666667,39,3
STU_14430,2.18,91.6,15,1
STU_14908,2.37,81.58571428571429,108,7
STU_15011,2.475,87.58333333333331,81,6
STU_15226,2.66,91.30000000000001,27,2
STU_15550,2.85,89.2,18,1
STU_15600,3.314,89.4,60,5
STU_15676,2.3075,87.7,60,4
STU_15761,2.91,99.0,18,1
STU_15762,2.5260000000000002,86.17999999999999,60,5
STU_15848,2.55,87.2,60,4
STU_15990,2.74625,85.425,120,8
STU_16073,2.96,91.5,15,1
STU_16450,3.48,89.1,15,1
STU_16755,2.43,79.4,18,1
STU_16877,3.27,90.175,66,4
STU_16989,2.11,92.0,18,1
STU_17170,2.258,86.56,60,5
STU_17164,2.35,93.03333333333335,51,3
STU_09083,2.575,93.85,24,2
STU_09213,2.44,93.6,36,2
STU_09269,3.075,80.14999999999999,60,4
STU_09387,2.7616666666666663,84.14999999999999,90,6
STU_09414,2.854,84.06,57,5
STU_09756,1.9666666666666668,84.63333333333333,48,3
STU_09910,2.08,89.94999999999999,27,2
STU_09937,2.77,84.03333333333335,45,3
STU_10059,2.702,80.83999999999999,75,5
STU_10062,2.89,91.09999999999998,51,3
STU_10277,2.83,89.36666666666667,57,3
STU_10514,3.11,92.8,45,3
STU_10584,2.48,85.05000000000001,33,2
STU_10716,3.0174999999999996,76.19999999999999,51,4
STU_10879,2.75,85.3,18,1
STU_11055,2.9699999999999998,85.85,33,2
STU_11077,2.96,88.44999999999999,36,2
STU_11189,2.455,81.8,30,2
STU_11231,2.88,86.4,15,1
STU_11288,2.92,90.0,18,1
STU_11551,3.05,93.4,15,1
STU_11702,3.10375,85.3375,93,8
STU_11719,2.0620000000000003,82.78,75,5
STU_11771,2.5566666666666666,80.33333333333333,33,3
STU_12425,2.63,82.6,15,1
STU_12963,3.24,83.2,12,1
STU_13049,3.49,94.4,15,1
STU_13595,3.325,87.9,30,2
STU_13828,3.12,92.97500000000001,60,4
STU_14065,2.5300000000000002,85.69999999999999,36,2
STU_14132,2.2299999999999995,85.74285714285715,126,7
STU_14270,2.71,91.62857142857142,126,7
STU_14288,2.084285714285714,84.75714285714287,108,7
STU_14327,2.75,84.2,15,1
STU_14403,2.953333333333333,90.89999999999999,39,3
STU_14479,3.112,86.02,75,5
STU_14782,2.5766666666666667,79.63333333333333,45,3
STU_16091,2.875,81.65,27,2
STU_16373,3.295,79.69999999999999,30,2
STU_16386,2.27,84.95,42,2
STU_16465,2.66,89.95,27,2
STU_16559,2.52,84.7,111,7
STU_16618,3.13,82.44,75,5
STU_16753,2.848,82.22,57,5
STU_16776,2.44,89.60000000000001,42,3
STU_16816,3.104,84.47999999999999,72,5
STU_16860,2.64,82.5,36,3
STU_16881,3.26,89.125,48,4
STU_17088,2.1633333333333336,93.3,57,3
STU_17388,2.9066666666666663,77.33333333333333,45,3
STU_17528,2.57,86.93333333333334,51,3
STU_13305,1.9975,84.875,60,4
STU_16299,2.635,85.125,93,8
STU_17058,3.0733333333333337,86.83333333333333,78,6
STU_17523,2.25,87.6,18,1
STU_08974,1.9833333333333332,86.0,36,3
STU_09171,2.7787499999999996,83.0,117,8
STU_09238,2.402,78.96000000000001,78,5
STU_09308,2.39,87.5,45,3
STU_09505,2.94,95.0,15,1
STU_09547,2.95,86.8,15,1
STU_09688,2.88,94.4,18,1
STU_09709,2.97,85.13333333333334,42,3
STU_09752,3.203333333333333,88.66666666666667,42,3
STU_09962,2.07,88.7,18,1
STU_10020,2.905,90.10000000000001,108,6
STU_10128,2.5549999999999997,84.4,30,2
STU_10706,2.5516666666666663,90.03333333333335,87,6
STU_10815,3.01,84.66666666666667,87,6
STU_10823,1.7,88.4,72,5
STU_10963,2.9,90.93333333333334,48,3
STU_11078,3.06,86.1,30,2
STU_11195,1.9633333333333336,89.63333333333333,57,3
STU_11210,2.83,86.6,15,1
STU_11220,2.473333333333333,83.53333333333333,54,3
STU_11520,2.9425000000000003,85.375,57,4
STU_11524,3.31,83.3,78,5
STU_11666,2.19,87.8,57,4
STU_11708,2.0385714285714287,85.81428571428572,120,7
STU_12209,2.516666666666666,83.66666666666667,45,3
STU_12448,2.675,89.17499999999998,48,4
STU_12471,2.936,90.08000000000001,84,5
STU_12578,3.0449999999999995,90.5,60,4
STU_12634,3.0128571428571433,82.64285714285714,108,7
STU_13338,2.6016666666666666,85.11666666666666,93,6
STU_13599,2.7266666666666666,93.86666666666667,54,3
STU_13660,1.906666666666667,84.5,105,6
STU_13692,3.05,90.2,15,1
STU_13794,2.4699999999999998,76.92,75,5
STU_14254,3.0737499999999995,83.975,120,8
STU_14507,2.6485714285714286,91.34285714285714,108,7
STU_14657,2.92,86.8,33,2
STU_14884,2.785,83.69999999999999,30,2
STU_14930,2.2800000000000002,80.80000000000001,36,2
STU_15018,2.373333333333333,87.13333333333333,33,3
STU_15279,2.7919999999999994,90.96,75,5
STU_15820,3.1,87.6,18,1
STU_16282,2.56,81.0,24,2
STU_16500,2.42,94.3,18,1
STU_16546,2.77,77.5,60,5
STU_16724,2.465,79.13333333333333,66,6
STU_17120,2.53,91.6,18,1
STU_17463,2.67,89.23333333333333,45,3
STU_12715,3.35,80.6,18,1
STU_13315,2.665,90.06666666666668,108,6
STU_15186,2.185714285714286,81.92857142857143,123,7
STU_15987,2.7074999999999996,81.975,48,4
STU_16027,2.395,85.6,60,5
STU_09054,2.85,87.5,18,1
STU_09082,2.335,79.5,60,4
STU_09119,3.39,89.2,18,1
STU_09179,2.5025,84.77499999999999,144,8
STU_09227,3.0650000000000004,93.35,30,2
STU_09241,2.91875,85.3375,117,8
STU_09356,3.116,86.89999999999999,78,5
STU_09403,2.9933333333333336,93.16666666666667,54,3
STU_09751,2.8187500000000005,88.73750000000001,102,8
STU_10406,2.9175,90.575,60,4
STU_10517,2.6825,77.52499999999999,126,8
STU_10827,2.6983333333333337,90.36666666666667,87,6
STU_11000,3.505,99.65,30,2
STU_11671,2.896,79.02000000000001,75,5
STU_11868,2.951428571428572,84.24285714285715,108,7
STU_11895,2.62,90.25,48,4
STU_12012,2.52,91.2,15,1
STU_12331,2.605,83.4,24,2
STU_12452,2.46,92.4,18,1
STU_12721,2.76,95.9,15,1
STU_13087,2.628,81.22,63,5
STU_13780,3.3899999999999997,94.80000000000001,63,4
STU_14120,2.847142857142857,85.5142857142857,81,7
STU_14315,2.7699999999999996,85.0,39,3
STU_14484,2.313333333333333,81.96666666666665,45,3
STU_14535,2.8499999999999996,86.75,48,4
STU_14842,1.9349999999999998,80.07499999999999,72,4
STU_15027,2.325,87.35,24,2
STU_15441,2.6766666666666663,84.18333333333334,90,6
STU_15828,2.38,90.83333333333333,42,3
STU_16015,2.69,90.8,15,1
STU_16309,2.17,85.1,18,1
STU_16666,2.83,86.0,57,3
STU_16711,3.018571428571429,88.55714285714285,81,7
STU_16986,3.185,84.75,30,2
STU_17074,2.815714285714286,89.75714285714287,108,7
STU_17485,2.1166666666666667,81.45,90,6
STU_13821,2.118333333333333,78.93333333333334,93,6
STU_08888,2.37,90.0,18,1
STU_08901,2.9766666666666666,87.13333333333333,36,3
STU_08928,3.23,96.6,18,1
STU_08975,3.34,90.1,60,4
STU_09113,3.02,86.2,15,1
STU_09129,1.915,87.16666666666667,108,6
STU_09586,3.0866666666666664,88.0,48,3
STU_09639,2.8579999999999997,88.88,75,5
STU_09883,2.9433333333333334,89.86666666666667,48,3
STU_10092,2.202,88.75999999999999,75,5
STU_10215,2.8150000000000004,80.1,21,2
STU_10295,1.95,87.8,12,1
STU_10469,2.9524999999999997,87.35,63,4
STU_10661,2.705,81.38749999999999,99,8
STU_10834,2.94,81.9,15,1
STU_11411,2.75125,80.7375,150,8
STU_11419,2.87,85.75,27,2
STU_11423,2.92,93.1,15,1
STU_11447,2.7540000000000004,81.1,63,5
STU_11516,2.8233333333333337,84.85000000000001,90,6
STU_11794,3.54,85.8,24,2
STU_12458,2.62,82.76,60,5
STU_12753,2.705,86.6,24,2
STU_12822,2.32,89.3,96,6
STU_14094,2.81,92.8,12,1
STU_14420,2.8866666666666667,88.60000000000001,33,3
STU_14422,2.9025,82.85000000000001,117,8
STU_14531,3.0799999999999996,88.50000000000001,141,8
STU_14658,2.5337500000000004,90.0,114,8
STU_14662,2.591666666666667,82.16666666666667,90,6
STU_15172,3.52,91.3,15,1
STU_15487,2.505,88.07499999999999,69,4
STU_15563,3.061666666666667,90.55,90,6
STU_15846,2.715,94.60000000000001,75,4
STU_16002,2.79,89.7,15,1
STU_16569,2.48,93.8,9,1
STU_16614,2.74,89.5,30,2
STU_16658,2.462857142857143,86.24285714285713,132,7
STU_17126,2.7039999999999997,85.22,60,5
STU_17351,2.75,99.2,15,1
STU_17429,2.936666666666666,79.7,45,3
STU_17563,3.54,88.2,12,1
STU_16582,2.6399999999999997,84.275,63,4
STU_17303,2.818,80.92,75,5
STU_09136,2.6399999999999997,86.55,90,6
STU_09642,2.7528571428571427,77.88571428571429,84,7
STU_09747,3.104285714285715,93.88571428571427,87,7
STU_09867,2.7849999999999997,86.525,138,8
STU_09902,2.53,77.64,78,5
STU_10191,2.7279999999999998,78.34,60,5
STU_10234,2.0385714285714287,78.67142857142856,129,7
STU_10240,3.74,88.3,12,1
STU_10471,2.874,88.88,93,5
STU_10752,2.315,83.45,69,4
STU_11097,2.98875,83.8,117,8
STU_11165,3.29,85.5,15,1
STU_11366,2.9549999999999996,74.92500000000001,45,4
STU_11384,2.6516666666666664,92.45,72,6
STU_11850,2.533333333333333,75.64999999999999,93,6
STU_12024,2.69,90.75,33,2
STU_12082,2.59,80.8,33,2
STU_12226,2.5062499999999996,84.075,93,8
STU_12494,3.5949999999999998,94.25,30,2
STU_12562,1.7766666666666666,82.39999999999999,54,3
STU_12645,1.9449999999999998,88.80000000000001,36,2
STU_12694,2.9074999999999998,89.9,72,4
STU_13398,1.915,83.5,30,2
STU_13571,2.5316666666666667,86.71666666666665,102,6
STU_14111,1.645,86.55,36,2
STU_14639,3.1,86.76666666666667,45,4
STU_14793,3.1475,90.45000000000002,48,4
STU_15381,2.6266666666666665,90.63333333333333,54,3
STU_15911,2.9825,90.54999999999998,48,4
STU_16080,2.7416666666666667,88.33333333333333,90,6
STU_16099,3.1333333333333333,89.83333333333333,45,3
STU_16651,3.0533333333333332,93.56666666666666,39,3
STU_16993,2.7966666666666664,84.63333333333334,42,3
STU_17008,2.453333333333333,87.33333333333333,33,3
STU_13124,2.5575,85.46249999999999,120,8
STU_15148,2.2800000000000002,93.3,24,2
STU_16167,3.4125000000000005,83.825,63,4
STU_09013,3.335,90.05,36,2
STU_09242,1.8275000000000001,89.45,72,4
STU_09339,2.5,92.5,15,1
STU_09528,2.91,85.7,18,1
STU_09673,2.5100000000000002,84.96666666666667,45,3
STU_09691,2.53,80.7,15,1
STU_09761,2.835,86.825,63,4
STU_09786,3.105,92.15,30,2
STU_10005,2.9142857142857146,77.94285714285715,108,7
STU_10324,1.8399999999999999,89.7,36,2
STU_10618,3.046666666666667,91.56666666666668,48,3
STU_10710,2.5966666666666667,86.90000000000002,36,3
STU_10828,2.54,90.3,15,1
STU_11006,2.4525,87.5,60,4
STU_11085,2.77,90.6,15,1
STU_11431,2.61,85.60000000000001,45,3
STU_11856,2.018333333333333,83.9,75,6
STU_12113,2.4875,89.35,60,4
STU_12170,2.91,87.1,18,1
STU_12343,2.6775,86.025,57,4
STU_12386,2.5,85.1,15,1
STU_13082,2.81,79.3,63,4
STU_13115,2.7949999999999995,88.95,117,8
STU_13385,2.0375000000000005,83.3625,117,8
STU_13477,2.8940000000000006,85.32000000000001,57,5
STU_13486,3.33,92.9,18,1
STU_13689,2.7271428571428578,87.3,105,7
STU_14025,2.2300000000000004,79.44999999999999,33,2
STU_14054,2.75,89.9,18,1
STU_14078,3.275,80.67500000000001,57,4
STU_14226,2.69,96.5,30,2
STU_14280,2.6475,89.2625,117,8
STU_15023,2.5866666666666664,80.06666666666666,45,3
STU_15264,3.3466666666666662,77.36666666666666,45,3
STU_15831,3.062,89.33999999999999,63,5
STU_16020,2.6357142857142857,79.6,102,7
STU_16557,2.87,97.6,15,1
STU_16679,3.106666666666667,94.36666666666667,36,3
STU_17352,2.826,87.61999999999999,90,5
STU_12797,2.085,83.89999999999999,72,4
STU_14605,3.0175,86.97500000000001,54,4
STU_16172,2.13,85.525,72,4
STU_08910,2.606666666666667,88.03333333333335,36,3
STU_09125,3.095,87.575,57,4
STU_09160,2.47,91.1,18,1
STU_09569,2.4966666666666666,87.3,45,3
STU_09585,2.3,100.0,12,1
STU_09913,2.4633333333333334,83.36666666666667,33,3
STU_09986,3.0,84.9,21,1
STU_10017,2.36,88.2,36,3
STU_10322,2.812857142857143,84.94285714285715,99,7
STU_10750,2.715,87.55,30,2
STU_10856,2.85,85.5,9,1
STU_10867,2.703333333333333,90.66666666666667,33,3
STU_10953,2.1525,83.65,72,4
STU_11072,2.4033333333333333,85.48333333333333,72,6
STU_11280,3.42,93.1,30,2
STU_11995,2.703333333333333,89.06666666666666,39,3
STU_12021,2.3,81.26,57,5
STU_12119,2.75,80.1,27,2
STU_12293,2.4859999999999998,76.47999999999999,69,5
STU_12403,2.4683333333333333,85.58333333333333,90,6
STU_12640,2.8,84.80000000000001,33,2
STU_12642,2.79,85.9,15,1
STU_12870,2.005,78.95,21,2
STU_12940,1.88,87.39999999999999,45,3
STU_12942,3.4000000000000004,86.55,30,2
STU_13028,3.221666666666667,78.5,81,6
STU_13071,2.7857142857142856,81.98571428571428,87,7
STU_13118,2.89,83.51666666666667,93,6
STU_13274,2.35,70.5,15,1
STU_13364,2.69,88.6,18,1
STU_13490,2.8875,82.39999999999999,54,4
STU_13655,2.55,81.55000000000001,117,8
STU_13722,2.43,80.30000000000001,69,4
STU_13807,2.91,88.15,30,2
STU_13886,3.3066666666666666,86.06666666666666,48,3
STU_14081,3.1399999999999997,86.6,60,4
STU_14249,2.7,91.67999999999999,75,5
STU_14251,3.0075,84.7,72,4
STU_14365,3.2083333333333335,83.5,90,6
STU_14435,2.84375,81.125,120,8
STU_14748,2.65875,87.22500000000001,120,8
STU_15324,2.2,89.45,30,2
STU_15361,2.4466666666666668,89.19999999999999,45,3
STU_15450,2.808,90.0,78,5
STU_15812,2.43,83.16,90,5
STU_15915,3.5,94.6,18,1
STU_15964,2.2666666666666666,82.39999999999999,36,3
STU_16039,2.8000000000000003,77.96666666666665,36,3
STU_16160,2.9074999999999998,90.8,57,4
STU_17011,2.915,90.0,33,2
STU_17103,2.405,85.775,54,4
STU_17454,3.438,84.38,63,5
STU_16189,3.26,92.9,12,1
STU_09032,1.7999999999999998,90.25,33,2
STU_09074,2.82125,86.10000000000001,102,8
STU_09114,2.618,81.82,78,5
STU_09214,3.13,84.25,24,2
STU_09359,2.3562499999999997,82.82499999999999,111,8
STU_09541,3.5733333333333337,86.46666666666665,36,3
STU_09838,2.1,81.9,15,1
STU_10072,3.4625000000000004,76.575,48,4
STU_10176,2.766666666666667,83.39999999999999,93,6
STU_10372,2.555,83.83333333333333,90,6
STU_10425,2.3274999999999997,82.5,117,8
STU_11245,3.2249999999999996,84.15,33,2
STU_11552,2.93,91.9,57,4
STU_11585,3.17,91.6,18,1
STU_11605,3.27,78.6,12,1
STU_11768,2.7824999999999993,91.0125,129,8
STU_12106,3.38,91.0,15,1
STU_12191,2.2300000000000004,83.375,45,4
STU_12219,2.77,85.95,36,2
STU_12405,2.8800000000000003,90.39999999999999,45,3
STU_12486,2.734,84.42,75,5
STU_12586,2.402,79.84,75,5
STU_13185,2.32,85.0,12,1
STU_13491,2.48,92.8,21,1
STU_13566,2.51,89.1,30,2
STU_14195,3.02,91.40000000000002,69,6
STU_14237,3.1239999999999997,84.22000000000001,93,5
STU_14381,2.3066666666666666,81.05,87,6
STU_14533,1.415,92.525,78,4
STU_14591,2.4299999999999997,77.5,30,2
STU_14771,2.4699999999999998,85.17499999999998,147,8
STU_14852,2.8600000000000003,89.82857142857144,87,7
STU_15504,2.7279999999999998,93.46000000000001,75,5
STU_15515,3.195,81.975,63,4
STU_15637,3.066666666666667,86.51666666666667,66,6
STU_15869,2.532857142857143,89.8,114,7
STU_15980,2.5,86.6,18,1
STU_16323,2.3875,84.32499999999999,141,8
STU_16328,2.3114285714285714,79.02857142857144,87,7
STU_16655,2.96,84.4,15,1
STU_16981,3.125,90.4,36,2
STU_17178,2.316666666666667,77.43333333333332,45,3
STU_17214,2.73,98.3,18,1
STU_17551,3.2199999999999998,93.55000000000001,27,2
STU_17605,3.25,97.4,12,1
STU_13121,1.9733333333333334,90.16666666666667,45,3
STU_13301,2.7733333333333334,91.60000000000001,54,3
STU_13802,3.062,88.48,72,5
STU_16527,2.9725,87.65,60,4
STU_17404,1.9300000000000002,89.30000000000001,33,2
STU_09031,2.35,87.8,15,1
STU_09197,2.3,85.75,30,2
STU_09207,2.16,92.5,36,2
STU_09248,3.032,85.84,75,5
STU_09287,2.9,92.3,12,1
STU_09459,2.676666666666667,83.96666666666665,54,3
STU_09638,2.7424999999999997,83.4125,99,8
STU_09982,2.79125,86.32499999999999,114,8
STU_10016,2.53,88.3,12,1
STU_10844,2.835,93.25,24,2
STU_10948,3.21625,89.2125,117,8
STU_10955,2.82,91.8,18,1
STU_10979,3.49,90.4,30,2
STU_11070,2.4133333333333336,78.23333333333333,93,6
STU_11260,2.2433333333333336,89.26666666666667,51,3
STU_11861,2.67,85.19999999999999,75,4
STU_11878,2.5133333333333336,85.53333333333335,42,4
STU_12435,1.78,84.85,30,2
STU_12442,2.518333333333333,82.73333333333333,87,6
STU_12658,2.21,95.0,18,1
STU_12855,2.554,81.26000000000002,78,5
STU_13094,3.2728571428571427,81.5,105,7
STU_13177,2.756,85.94000000000001,72,5
STU_13406,2.4514285714285715,87.01428571428572,108,7
STU_13570,2.8666666666666667,82.93333333333334,45,3
STU_14374,1.7,78.63333333333334,45,3
STU_14651,2.7437500000000004,82.0125,120,8
STU_14730,2.235,83.55,36,2
STU_15546,3.21,85.15,24,2
STU_15568,2.7,87.02,63,5
STU_15674,2.7328571428571427,81.60000000000001,105,7
STU_15768,2.51875,86.4125,96,8
STU_15895,2.45,73.0,21,1
STU_15940,2.004,86.82000000000001,87,5
STU_15942,2.43,83.4,15,1
STU_16229,3.66,89.0,21,2
STU_16255,2.76,89.2,15,1
STU_16284,2.33,78.99999999999999,36,3
STU_16368,2.7249999999999996,86.0625,93,8
STU_16484,2.46,88.05000000000001,27,2
STU_16592,2.6525000000000003,88.65,45,4
STU_16647,2.5625,92.125,60,4
STU_16960,2.8674999999999997,78.07500000000002,45,4
STU_17223,3.09,88.8,18,1
STU_17350,2.83,73.4,15,1
STU_17439,2.5580000000000003,87.6,72,5
STU_15187,3.062,85.86000000000001,60,5
STU_15917,2.4274999999999998,82.6375,123,8
STU_09084,2.85,89.6,15,1
STU_09456,2.922857142857143,84.92857142857143,81,7
STU_09484,2.861666666666667,81.89999999999999,90,6
STU_09725,2.7816666666666667,91.55,90,6
STU_09791,1.9100000000000001,82.35,36,2
STU_09895,3.016666666666667,90.73333333333335,51,3
STU_09958,2.6,84.38,87,5
STU_10235,3.29,86.74000000000001,75,5
STU_10293,2.9749999999999996,84.05000000000001,30,2
STU_10318,2.50875,80.13749999999999,93,8
STU_10620,2.6,79.99999999999999,69,5
STU_10651,2.23875,83.325,120,8
STU_11023,2.45,91.6,18,1
STU_11527,2.725,81.85,30,2
STU_11718,3.17,86.0,15,1
STU_11763,2.776666666666667,89.56666666666666,57,3
STU_11791,3.46,89.0,15,1
STU_11984,2.7020000000000004,88.8,72,5
STU_12115,2.736666666666667,83.78333333333333,75,6
STU_12560,3.0,79.88333333333333,69,6
STU_13250,2.62,85.46666666666665,69,6
STU_13353,2.6166666666666667,87.88333333333333,75,6
STU_13442,2.21,91.6,15,1
STU_13555,2.18,82.7,12,1
STU_13615,2.853333333333333,83.39999999999999,42,3
STU_13946,2.6719999999999997,82.53999999999999,75,5
STU_14144,3.0060000000000002,85.1,75,5
STU_14276,2.63,88.7,12,1
STU_14668,1.76,91.2,18,1
STU_14737,2.4933333333333336,80.71666666666668,72,6
STU_15385,1.57,93.8,18,1
STU_15478,2.85,94.65,36,2
STU_15850,2.112,79.7,75,5
STU_15878,2.8099999999999996,79.4,87,7
STU_15894,2.263333333333333,88.33333333333333,45,3
STU_16101,2.5725000000000002,82.17500000000001,123,8
STU_16315,2.516,90.63999999999999,90,5
STU_16568,3.03,86.60000000000001,36,3
STU_09198,2.8057142857142856,78.4,105,7
STU_09424,2.5825,86.75,57,4
STU_09475,3.19,89.2,45,3
STU_09625,2.98625,83.61250000000001,144,8
STU_10175,2.56,81.8,15,1
STU_10559,3.111428571428571,77.18571428571428,108,7
STU_10959,3.165,88.6,72,4
STU_11138,2.46,93.2,18,1
STU_11480,1.97,90.7,78,5
STU_12166,3.136,87.92,81,5
STU_12236,3.0571428571428574,80.61428571428571,102,7
STU_12243,2.4266666666666663,85.26666666666667,75,6
STU_12800,2.16,94.4,18,1
STU_12965,2.335,95.30000000000001,36,2
STU_13462,2.08,73.99999999999999,45,3
STU_13506,2.35,90.4,15,1
STU_14026,2.365,83.8,30,2
STU_14042,3.47,91.9,15,1
STU_14253,2.635,86.4,30,2
STU_14287,2.0366666666666666,85.66666666666667,42,3
STU_14383,2.07,85.2,15,1
STU_14552,2.7760000000000002,93.99999999999999,75,5
STU_14674,2.755,93.6,27,2
STU_14692,3.48,90.0,15,1
STU_14723,3.245,88.5,24,2
STU_14804,2.6950000000000003,86.0,21,2
STU_14886,2.39,80.9,12,1
STU_14947,2.74,86.95,33,2
STU_15150,2.6925,84.55000000000001,66,4
STU_16026,3.12,93.1,36,2
STU_16065,2.3733333333333335,83.33333333333333,48,3
STU_16327,2.2,88.9,15,1
STU_16686,2.62,87.81428571428572,108,7
STU_16756,2.5475,81.7,48,4
STU_16943,2.3099999999999996,89.35,39,2
STU_17548,3.1950000000000003,90.05,27,2
STU_14604,2.7125000000000004,84.375,60,4
STU_16508,1.695,79.6,33,2
STU_08884,2.61,87.7,15,1
STU_09088,2.915,91.8,33,2
STU_09204,1.97,92.95,27,2
STU_09637,2.478571428571428,87.98571428571428,108,7
STU_10024,2.3366666666666664,82.06666666666666,54,3
STU_10428,3.1583333333333337,84.63333333333333,93,6
STU_10435,2.815,91.85,30,2
STU_10520,1.99,84.9,15,1
STU_10604,2.016666666666666,80.33333333333333,39,3
STU_10687,2.83,85.9,18,1
STU_10930,2.6500000000000004,91.85,30,2
STU_11001,2.27375,88.60000000000001,126,8
STU_11082,2.41,85.05000000000001,39,2
STU_11105,2.24,90.2,18,1
STU_11174,2.4671428571428566,88.3,126,7
STU_11198,2.6233333333333335,97.7,42,3
STU_11546,1.56,82.64,90,5
STU_11765,3.7,90.6,15,1
STU_12200,2.545,83.6,72,4
STU_12313,2.51125,84.81249999999999,102,8
STU_12342,2.781428571428571,80.04285714285713,123,7
STU_12517,2.5175,80.05,126,8
STU_12657,2.811666666666666,81.46666666666665,90,6
STU_12705,2.49,78.57499999999999,60,4
STU_13075,3.195,86.125,48,4
STU_13287,2.51,95.3,27,2
STU_13746,2.6999999999999997,88.86666666666667,42,3
STU_13868,2.67,81.65,33,3
STU_13933,2.515,82.2,33,2
STU_14234,2.755,91.4,21,2
STU_14377,2.96625,82.05,96,8
STU_14595,2.23,84.3,45,3
STU_14647,3.4033333333333338,82.76666666666667,54,3
STU_14837,3.1125,89.4,60,4
STU_15055,2.3012499999999996,83.225,117,8
STU_15115,3.56,91.26666666666667,42,3
STU_15183,2.4133333333333336,78.56666666666666,48,3
STU_15252,3.236666666666667,87.06666666666666,54,3
STU_15490,3.06,84.7,48,3
STU_15556,2.7300000000000004,88.25,36,2
STU_15618,2.645,94.05000000000001,39,2
STU_15690,3.26,88.5,12,1
STU_15971,2.6975000000000002,85.6,96,8
STU_15983,2.3124999999999996,92.17500000000001,42,4
STU_16071,2.87,94.9,15,1
STU_16072,3.215,96.0,24,2
STU_16289,2.671666666666667,89.73333333333333,72,6
STU_16689,2.75,81.60000000000001,36,3
STU_16848,1.93,80.4,48,4
STU_16977,2.724285714285714,85.44285714285715,102,7
STU_17014,2.29,75.55000000000001,33,2
STU_17268,3.35,89.76666666666665,48,3
STU_16577,2.0733333333333337,88.0,48,3
STU_17201,2.9250000000000003,85.60000000000001,90,6
STU_08899,2.6975,82.6375,96,8
STU_08945,3.2960000000000003,81.9,72,5
STU_08961,2.4875000000000003,91.11250000000001,138,8
STU_09405,1.975,88.8,33,2
STU_09521,2.1375,84.1,69,4
STU_09649,3.4,92.1,12,1
STU_09983,2.805,85.30000000000001,72,4
STU_10183,2.74375,81.5125,93,8
STU_10267,2.9,83.35999999999999,75,5
STU_10327,3.0116666666666667,89.85000000000001,90,6
STU_10427,2.46,86.775,63,4
STU_10597,2.8514285714285714,82.10000000000001,84,7
STU_10599,2.6633333333333336,86.36666666666667,51,3
STU_10946,2.915,88.15,27,2
STU_11352,2.46,89.5,63,4
STU_11542,2.99,90.9,15,1
STU_12874,3.165,90.8,30,2
STU_12897,2.8183333333333334,79.10000000000001,72,6
STU_13484,2.0866666666666664,91.76666666666667,45,3
STU_13499,2.87,98.3,15,1
STU_13755,2.4525,91.02499999999999,60,4
STU_14212,2.565,88.5,24,2
STU_14355,2.5625,89.57499999999999,51,4
STU_14655,2.36,96.1,15,1
STU_14720,2.9625,82.35000000000001,69,4
STU_14741,2.956,92.97999999999999,78,5
STU_15076,3.055,85.55,30,2
STU_15151,3.075,85.15,36,2
STU_15620,2.55,91.2,15,1
STU_15748,2.7900000000000005,85.96666666666668,90,6
STU_15766,2.6725000000000003,79.2,48,4
STU_15857,2.9475000000000002,87.775,48,4
STU_16940,2.9066666666666663,89.09999999999998,48,3
STU_17025,2.8,90.7,15,1
STU_17151,2.6220000000000003,84.02000000000001,93,5
STU_17436,2.6775,80.275,120,8
STU_17556,2.4499999999999997,83.76666666666667,54,3
STU_13306,3.4524999999999997,84.7,60,4
STU_16827,2.255,77.85,75,4
STU_08926,2.9074999999999998,85.3125,96,8
STU_09101,2.3000000000000003,80.92,60,5
STU_09105,2.0725,87.5,72,4
STU_09465,2.85,89.9,12,1
STU_09647,3.376,86.0,69,5
STU_09943,2.1925,78.75,45,4
STU_09952,2.11,92.1,30,2
STU_10300,2.4699999999999998,89.52,57,5
STU_10397,3.015,78.5,87,6
STU_10739,2.395,85.55000000000001,27,2
STU_10745,2.8425,86.42500000000001,141,8
STU_10808,3.615,91.6,30,2
STU_10818,2.1566666666666663,92.39999999999999,45,3
STU_10994,2.54,81.66249999999998,120,8
STU_11092,2.54,90.5,15,1
STU_11957,2.5275000000000003,90.0,57,4
STU_12265,2.995,77.45,27,2
STU_12878,2.14,83.85,24,2
STU_12912,2.611666666666667,81.21666666666667,87,6
STU_12959,1.9725000000000001,83.62500000000001,153,8
STU_13112,2.58,90.7,18,1
STU_13133,2.75,82.05714285714285,105,7
STU_13396,3.05,86.65,30,2
STU_13444,2.14,89.5,54,3
STU_13463,2.8499999999999996,90.15,30,2
STU_13556,2.7137499999999997,85.475,117,8
STU_13718,2.7750000000000004,96.5,33,2
STU_13731,2.6233333333333335,87.63333333333333,45,3
STU_14100,1.53,86.15,72,4
STU_14148,3.0549999999999997,85.65,51,4
STU_14344,2.6012500000000003,74.225,93,8
STU_14761,3.13,83.2,15,1
STU_14765,2.6550000000000002,91.19999999999999,33,2
STU_15253,2.4414285714285713,82.28571428571429,105,7
STU_15629,2.7800000000000002,93.9,36,2
STU_15752,3.46,88.7,15,1
STU_16201,2.8675,75.925,48,4
STU_16422,2.78625,84.55000000000001,114,8
STU_16483,2.7942857142857136,83.05714285714286,78,7
STU_16920,2.6566666666666667,93.06666666666666,36,3
STU_17085,2.4983333333333335,93.11666666666667,72,6
STU_17133,2.535,88.35,36,2
STU_17242,2.78125,86.32500000000002,96,8
STU_13303,3.42,92.2,18,1
STU_13526,1.5375,83.65,75,4
STU_09124,2.6412499999999994,79.95,114,8
STU_09145,2.5766666666666667,80.7,45,3
STU_09406,1.44,86.2,18,1
STU_09567,3.28,87.32000000000001,75,5
STU_09727,2.87,82.925,57,4
STU_09955,2.7,81.9,12,1
STU_10008,2.67,97.15,30,2
STU_10010,3.11,90.7,12,1
STU_10537,2.325,85.80000000000001,33,2
STU_11287,2.5866666666666664,88.43333333333334,45,3
STU_11426,1.5899999999999999,79.275,72,4
STU_11728,3.0,88.19999999999999,36,2
STU_11921,1.77,85.4,18,1
STU_12142,2.99625,87.57499999999999,105,8
STU_12460,2.5028571428571427,91.97142857142856,132,7
STU_12564,2.9250000000000003,83.08333333333333,93,6
STU_12770,3.1014285714285714,90.82857142857142,102,7
STU_12810,2.974,86.19999999999999,60,5
STU_12871,2.415,82.4,36,2
STU_13402,2.8899999999999997,81.6,36,2
STU_13542,3.2928571428571423,82.62857142857142,99,7
STU_13544,2.6950000000000003,89.225,144,8
STU_13653,2.53875,80.67500000000001,120,8
STU_13679,2.72,75.85,72,6
STU_13893,2.8466666666666662,92.7,42,3
STU_14004,2.8216666666666668,83.85000000000001,90,6
STU_14500,2.7,93.7,15,1
STU_14680,3.125,85.4,27,2
STU_14722,2.9187499999999997,82.325,150,8
STU_14863,1.8059999999999998,87.0,72,5
STU_15046,3.07,98.0,12,1
STU_15052,2.936666666666667,91.10000000000001,69,6
STU_15577,2.6,93.0,15,1
STU_16418,2.9539999999999997,85.17999999999999,57,5
STU_16520,2.6399999999999997,84.93333333333332,72,6
STU_16562,2.915,92.69999999999999,24,2
STU_16570,2.2925,80.45,63,4
STU_16736,2.572857142857143,84.84285714285716,99,7
STU_17241,2.665714285714286,85.12857142857142,81,7
STU_17290,2.42,91.8,27,2
STU_17599,2.816,85.2,57,5
STU_12073,2.8287500000000003,85.89999999999999,117,8
STU_12738,3.1014285714285714,84.9,105,7
STU_15129,1.8533333333333335,82.36666666666666,57,3
STU_09393,2.678,88.63999999999999,84,5
STU_09443,2.921666666666667,87.83333333333333,90,6
STU_09654,2.83,86.0,39,3
STU_09687,2.485,91.1125,117,8
STU_09965,2.9125,88.925,69,4
STU_10052,2.8425000000000002,86.625,60,4
STU_10202,3.01,83.7,15,1
STU_10287,3.115,92.8,30,2
STU_10468,2.247142857142857,85.94285714285715,129,7
STU_10527,3.56,88.89999999999999,48,3
STU_10563,3.0325,85.15,42,4
STU_10678,2.275,82.95,96,6
STU_10755,1.9333333333333333,83.56666666666666,48,3
STU_10816,2.8525,86.0,51,4
STU_10901,2.545,82.5,36,2
STU_11067,2.9225,77.725,42,4
STU_11251,2.7675,90.22500000000001,60,4
STU_11470,2.38,81.5,78,5
STU_12617,2.5399999999999996,83.64999999999999,63,4
STU_13142,3.0700000000000003,92.03333333333332,45,3
STU_14092,3.37,85.80000000000001,33,2
STU_14273,2.125,82.325,72,4
STU_14284,2.4116666666666666,86.91666666666667,72,6
STU_14356,3.016,87.58000000000001,75,5
STU_14734,2.6,97.7,18,1
STU_14931,2.59,96.3,15,1
STU_14943,3.13,89.1,12,1
STU_14981,2.966666666666667,80.83333333333333,45,3
STU_15036,2.4175,79.525,51,4
STU_15184,3.49,86.9,30,2
STU_15275,2.57,82.4625,114,8
STU_15396,2.78,89.05,72,6
STU_16417,2.14,92.6,18,1
STU_16513,2.22,83.1,15,1
STU_17056,2.62,82.94,93,5
STU_17100,2.8633333333333333,85.61666666666667,87,6
STU_17231,2.5875,84.5625,114,8
STU_17235,3.33,89.5,30,2
STU_17328,2.2433333333333336,79.93333333333334,42,3
STU_17329,2.8775,86.75,45,4
STU_17364,3.138571428571428,94.84285714285714,102,7
STU_17472,2.65,85.7,15,1
STU_17484,2.643333333333333,85.60000000000001,45,3
STU_16297,2.6533333333333333,94.26666666666665,54,3
STU_16579,2.3049999999999997,85.0,33,2
STU_09116,3.69,95.9,15,1
STU_09461,2.84,95.3,12,1
STU_09736,2.378,82.28,78,5
STU_10108,3.15,84.45714285714287,105,7
STU_10211,1.52,86.8,18,1
STU_10772,1.8980000000000001,77.30000000000001,90,5
STU_10783,2.41,82.73333333333333,51,3
STU_10892,2.5366666666666666,88.56666666666666,51,3
STU_10962,2.55375,87.72500000000001,117,8
STU_11162,3.5333333333333337,89.36666666666667,45,3
STU_11591,2.4042857142857144,85.38571428571429,126,7
STU_11710,2.7083333333333335,83.45,90,6
STU_12017,2.38,85.9,30,2
STU_12391,3.0199999999999996,86.975,51,4
STU_12461,2.7742857142857145,83.8142857142857,102,7
STU_12522,2.65,91.9,18,1
STU_12556,2.768,83.35999999999999,72,5
STU_12623,2.385,92.30000000000001,39,2
STU_12639,2.76,88.48333333333333,87,6
STU_12666,2.2,92.06666666666666,48,3
STU_12956,2.42,84.33333333333334,45,3
STU_13331,2.8125,88.775,51,4
STU_13342,2.715,83.3,45,4
STU_13362,2.2649999999999997,80.05000000000001,33,2
STU_13625,2.83,90.5,18,1
STU_13757,2.974285714285714,81.42857142857143,105,7
STU_14027,2.9825,77.6,57,4
STU_14037,2.6925,82.125,96,8
STU_14038,2.57,88.8,36,2
STU_14207,2.54,82.8,108,7
STU_14496,2.84,89.62,78,5
STU_14652,2.3633333333333333,80.7,57,3
STU_14678,3.03,89.4,15,1
STU_14795,2.9857142857142853,82.02857142857144,78,7
STU_14971,3.1733333333333333,89.80000000000001,48,3
STU_15605,3.61,81.2,15,1
STU_15707,2.79,97.0,18,1
STU_15738,2.2666666666666666,82.33333333333333,108,6
STU_15931,2.65,91.15,30,2
STU_15946,2.88625,86.02499999999999,93,8
STU_16084,2.035,84.8,36,2
STU_16121,2.64,86.23333333333335,69,6
STU_16197,2.7475,85.17500000000001,126,8
STU_16395,2.34,79.3,15,1
STU_16456,3.4166666666666665,90.86666666666667,42,3
STU_16604,2.6100000000000003,81.0,36,2
STU_16677,2.3966666666666665,89.2,54,3
STU_16919,2.65,93.0,15,1
STU_17549,2.71,84.45,36,2
STU_12792,2.7637499999999995,86.375,114,8
STU_12867,2.99,91.7,12,1
STU_16156,2.9525,88.46249999999999,99,8
STU_17163,2.5900000000000003,83.2,120,8
STU_17237,3.58,87.4,15,1
STU_09239,2.22,87.1,15,1
STU_09390,2.6874999999999996,79.525,60,4
STU_09534,2.3433333333333333,88.33333333333333,51,3
STU_09554,2.5957142857142856,85.72857142857143,126,7
STU_09612,2.7314285714285718,86.78571428571429,108,7
STU_09739,3.096666666666667,91.59999999999998,36,3
STU_09819,3.09,88.9,15,1
STU_10030,2.985,80.78333333333335,90,6
STU_10212,3.4466666666666668,80.36666666666667,42,3
STU_10774,2.48,82.4,15,1
STU_10895,2.96,91.55,30,2
STU_11115,3.61,87.0,15,1
STU_11378,2.5700000000000003,80.29999999999998,57,5
STU_11406,3.032857142857143,86.64285714285714,105,7
STU_11740,3.21,87.0,12,1
STU_11860,2.272,88.8,72,5
STU_12366,2.9839999999999995,83.92,72,5
STU_12771,2.4625000000000004,86.82499999999999,60,4
STU_12866,2.2142857142857144,86.62857142857142,111,7
STU_13007,3.13,92.7,15,1
STU_13319,2.2712499999999998,82.1375,117,8
STU_13783,2.4728571428571433,83.82857142857144,111,7
STU_13833,2.8449999999999998,89.6625,111,8
STU_14255,2.1799999999999997,86.4,30,2
STU_14672,2.4299999999999997,81.05000000000001,36,2
STU_15244,2.4699999999999998,86.9,30,2
STU_15346,2.6514285714285717,85.52857142857144,108,7
STU_15610,2.95,78.75714285714285,78,7
STU_15736,2.8675,87.1,60,4
STU_15746,3.046666666666667,80.66666666666667,42,3
STU_15954,2.936666666666667,90.06666666666666,45,3
STU_16691,3.2899999999999996,85.31666666666666,90,6
STU_16784,2.228,82.02,63,5
STU_17196,3.21,90.3,12,1
STU_17222,1.8949999999999998,86.71666666666668,96,6
STU_17621,3.1079999999999997,90.32000000000001,75,5
STU_12717,2.626666666666667,79.56666666666668,42,3
STU_13026,2.1380000000000003,81.0,90,5
STU_13304,2.45,77.375,63,4
STU_13316,3.065,87.675,69,4
STU_15106,2.7725000000000004,83.775,72,4
STU_08920,3.0233333333333334,82.3,39,3
STU_09023,2.785,90.85,24,2
STU_09270,2.9125,87.775,57,4
STU_09391,3.1439999999999997,87.53999999999999,78,5
STU_09545,2.3983333333333334,87.8,72,6
STU_09618,2.9325,86.70000000000002,72,4
STU_09896,2.9414285714285717,83.32857142857144,99,7
STU_10165,2.0966666666666667,83.85000000000001,96,6
STU_10204,2.5175,87.05000000000001,120,8
STU_10496,2.165,81.95,33,2
STU_10502,2.66,88.35,24,2
STU_10684,2.803333333333333,87.05,75,6
STU_11075,2.44,88.7,18,1
STU_11140,2.728571428571428,88.42857142857144,129,7
STU_11204,2.542,80.42,72,5
STU_11310,3.058,84.34,75,5
STU_11422,3.3449999999999998,87.9,30,2
STU_11515,1.77,90.3,18,1
STU_12123,2.436666666666667,84.16666666666667,42,3
STU_12252,2.68,87.9,15,1
STU_12467,2.76,83.5,12,1
STU_12566,2.9475,90.05,51,4
STU_13081,2.734,88.82000000000001,72,5
STU_13335,2.5237499999999997,81.45000000000002,117,8
STU_13612,2.2600000000000002,91.56666666666668,51,3
STU_13847,2.8324999999999996,84.1875,120,8
STU_13939,2.7857142857142856,85.77142857142856,108,7
STU_14145,2.5975,83.675,117,8
STU_14282,2.573333333333333,89.53333333333335,36,3
STU_14521,2.63,81.8,15,1
STU_14684,2.48,85.3,18,1
STU_15028,2.5033333333333334,81.9,45,3
STU_15092,1.65,77.0,18,1
STU_15327,2.15,89.3,48,3
STU_15686,2.59,79.5,12,1
STU_15774,2.685,86.18333333333334,90,6
STU_15914,2.7725000000000004,86.77499999999999,60,4
STU_16108,1.92,89.9,18,1
STU_16231,2.165,82.0,39,2
STU_16851,2.2566666666666664,91.2,45,3
STU_17171,3.035,80.0,30,2
STU_17209,2.11,89.7,18,1
STU_17357,2.49125,83.49999999999999,93,8
STU_08932,2.723333333333333,86.0,45,3
STU_10041,3.1699999999999995,81.68571428571428,105,7
STU_10164,3.4600000000000004,92.76666666666665,45,3
STU_10775,2.6533333333333333,90.13333333333334,96,6
STU_11007,3.43,88.7,15,1
STU_11112,3.06,87.3,18,1
STU_11359,2.8333333333333335,86.10000000000001,45,3
STU_11703,2.91625,81.625,93,8
STU_11872,2.73,87.7125,126,8
STU_12271,2.4171428571428573,81.68571428571428,105,7
STU_12400,2.533333333333333,79.06666666666666,48,3
STU_12585,2.21,85.95,63,4
STU_12655,2.6649999999999996,91.2375,111,8
STU_12695,3.5066666666666664,86.66666666666667,36,3
STU_12821,3.0100000000000002,84.83333333333333,84,6
STU_12902,2.20625,81.5625,120,8
STU_13382,3.104,93.84,75,5
STU_13698,3.02,83.8,15,1
STU_13858,2.93,91.2,15,1
STU_13986,2.5983333333333336,79.73333333333333,72,6
STU_14152,3.05,94.7,15,1
STU_14189,2.9639999999999995,80.36000000000001,90,5
STU_14336,2.69,84.0,48,3
STU_14450,2.17,77.6,15,1
STU_14572,1.9059999999999995,81.61999999999999,93,5
STU_14775,2.3485714285714288,76.54285714285716,87,7
STU_14883,3.1933333333333334,84.73333333333333,45,3
STU_14890,3.12,78.4,30,2
STU_14928,2.8325,82.98750000000001,111,8
STU_14995,3.325,89.45,24,2
STU_15395,2.9216666666666664,85.63333333333333,93,6
STU_15473,2.5925,88.0625,120,8
STU_15656,3.0833333333333335,92.80000000000001,45,3
STU_15659,2.72125,85.275,90,8
STU_16049,2.7,91.3,15,1
STU_16352,2.9560000000000004,91.17999999999999,60,5
STU_16671,2.925,80.35000000000001,120,8
STU_16945,3.3266666666666667,86.3,45,3
STU_16980,3.525,94.25,21,2
STU_17044,2.7785714285714285,88.0,132,7
STU_17355,3.2049999999999996,86.7625,87,8
STU_17424,2.1199999999999997,80.68333333333334,111,6
STU_17458,2.02,89.6,36,2
STU_17622,2.146,88.75999999999999,69,5
STU_15379,2.535,86.6,24,2
STU_17144,2.11,92.0,33,2
STU_17347,2.516666666666667,89.3,84,6
STU_17515,2.2175,79.65,63,4
STU_08935,3.29,91.8,15,1
STU_09235,3.49,89.05,30,2
STU_09371,3.79,96.0,15,1
STU_09416,3.0749999999999997,89.025,63,4
STU_09549,2.614,82.46000000000001,72,5
STU_09565,2.71,87.6,27,2
STU_09792,2.88,86.5125,117,8
STU_09802,2.3742857142857146,82.11428571428571,126,7
STU_10190,2.35,96.7,21,1
STU_10328,2.97,88.7,15,1
STU_10410,2.7383333333333333,84.36666666666666,84,6
STU_10422,2.03,87.7,54,3
STU_10594,2.5300000000000002,86.5,48,4
STU_10699,2.15,84.7,18,1
STU_11086,2.57,80.6,12,1
STU_11877,2.3600000000000003,84.25,24,2
STU_11886,2.6128571428571425,79.47142857142856,102,7
STU_11940,2.395,85.3,30,2
STU_11973,1.922,86.6,90,5
STU_12183,3.1774999999999998,89.07500000000002,72,4
STU_12472,2.47,87.23333333333335,36,3
STU_12641,2.665,81.075,60,4
STU_12812,2.26,86.0,36,2
STU_12890,2.42,91.4,12,1
STU_14140,2.73875,81.4375,123,8
STU_14196,2.28625,83.1625,99,8
STU_14248,3.013333333333333,96.40000000000002,39,3
STU_14547,2.34,89.2,18,1
STU_14557,2.313333333333333,87.76666666666667,42,3
STU_14986,2.67,85.9,15,1
STU_15321,1.93,80.55,69,4
STU_16240,3.47,88.2,12,1
STU_16477,2.5200000000000005,80.075,117,8
STU_16653,2.595,85.5,60,4
STU_16790,2.7575000000000003,82.77499999999999,60,4
STU_16999,2.813333333333333,77.53333333333333,45,3
STU_17055,3.035,85.78333333333332,111,6
STU_17106,3.0780000000000003,80.23999999999998,69,5
STU_17483,2.688,83.22,60,5
STU_16969,2.6700000000000004,87.44285714285715,87,7
STU_17159,2.681428571428572,82.82857142857142,84,7
STU_17517,2.5557142857142856,84.74285714285713,108,7
STU_09318,2.9950000000000006,91.55,87,6
STU_09606,1.8633333333333333,84.93333333333332,54,3
STU_10729,3.035,84.8,123,8
STU_11080,2.484,87.14,78,5
STU_11126,3.356666666666667,89.76666666666667,45,3
STU_11150,3.1799999999999997,78.1,30,2
STU_11187,2.8375000000000004,86.1125,123,8
STU_11654,2.832,80.97999999999999,78,5
STU_11725,2.88,90.75,30,2
STU_12100,2.9924999999999997,84.125,51,4
STU_12167,2.706666666666667,87.66666666666667,36,3
STU_12393,2.2575,85.02499999999999,114,8
STU_12398,2.7425,86.0625,123,8
STU_12953,3.2260000000000004,86.84,72,5
STU_13070,2.235,87.64999999999999,108,6
STU_13130,1.63,96.2,15,1
STU_13299,2.84,92.1,15,1
STU_13773,2.4825,81.32499999999999,141,8
STU_14035,2.5637499999999998,86.175,120,8
STU_14289,3.068571428571428,93.55714285714285,129,7
STU_14306,2.8366666666666664,83.13333333333333,57,3
STU_14527,2.67,98.8,36,2
STU_14539,2.878,88.94000000000001,75,5
STU_14670,3.45,90.35,30,2
STU_14829,2.16,83.95,57,4
STU_14872,2.473333333333333,78.11666666666667,84,6
STU_15008,2.8925,87.725,45,4
STU_15181,2.8240000000000003,87.96000000000001,75,5
STU_15860,3.365,86.0,30,2
STU_15884,2.926666666666667,87.5,57,3
STU_16272,3.108333333333333,80.63333333333334,72,6
STU_16320,2.9250000000000003,91.025,57,4
STU_16494,2.9939999999999998,82.67999999999999,78,5
STU_17071,2.3833333333333333,87.36666666666667,45,3
STU_17251,2.9966666666666666,84.86666666666666,36,3
STU_17254,3.345,87.27499999999999,60,4
STU_17398,2.54,93.8,15,1
STU_15969,2.486666666666667,81.56666666666668,42,3
STU_17344,2.67,84.7,120,8
STU_08941,2.51,81.05,24,2
STU_09077,1.78,87.4,18,1
STU_09195,2.13,84.7,12,1
STU_09441,2.606666666666667,83.10000000000001,54,3
STU_09731,2.4933333333333336,80.56666666666666,36,3
STU_09773,2.8433333333333333,81.3,57,3
STU_09787,2.6271428571428572,90.34285714285714,105,7
STU_10095,2.524,80.74000000000001,72,5
STU_10186,2.9050000000000002,82.4,30,2
STU_10231,3.486666666666667,88.76666666666665,45,3
STU_10453,2.38,86.425,69,4
STU_10577,2.8724999999999996,86.7,57,4
STU_10717,2.37,93.2,18,1
STU_12051,2.5625,87.64999999999999,48,4
STU_12175,2.98,87.80000000000001,33,2
STU_12311,3.206666666666667,85.7,48,3
STU_12318,3.08,85.75,24,2
STU_12575,1.9024999999999999,84.35,60,4
STU_12974,2.5250000000000004,80.57499999999999,48,4
STU_13034,3.2116666666666664,86.48333333333333,87,6
STU_13265,2.17,85.3,15,1
STU_13429,2.9200000000000004,90.57499999999999,51,4
STU_13482,2.1950000000000003,89.3,36,2
STU_13682,3.342,86.7,75,5
STU_13919,2.0740000000000003,86.4,78,5
STU_14034,2.5528571428571425,81.07142857142857,108,7
STU_14106,2.145,90.19999999999999,36,2
STU_14317,2.67,79.9,15,1
STU_14472,2.63,88.1,12,1
STU_14876,2.3939999999999997,83.12,78,5
STU_15005,3.435,87.05,30,2
STU_15218,2.812,81.7,75,5
STU_15493,1.86,92.85,27,2
STU_15549,2.893333333333333,88.86666666666667,42,3
STU_15643,2.6885714285714286,78.62857142857142,108,7
STU_15806,2.546666666666667,80.9,60,3
STU_15837,2.7100000000000004,80.43333333333332,42,3
STU_16095,2.335,77.925,60,4
STU_16110,3.0959999999999996,87.38,75,5
STU_16574,2.2375,79.22500000000001,120,8
STU_16662,3.075,84.725,63,4
STU_16764,2.27,88.63333333333333,45,3
STU_16976,2.5999999999999996,84.83333333333334,84,6
STU_17232,2.575,87.05000000000001,24,2
STU_17596,2.6616666666666666,83.34999999999998,108,6
STU_15105,2.8499999999999996,84.0,27,2
STU_15239,3.0462499999999997,76.8375,114,8
STU_16947,2.603333333333333,88.36666666666667,57,3
STU_09112,2.47,81.62,87,5
STU_09169,2.2,87.5,15,1
STU_09432,2.8519999999999994,86.11999999999999,75,5
STU_09447,2.914,81.94,63,5
STU_09758,1.86,80.1,18,1
STU_09806,3.4850000000000003,90.44999999999999,33,2
STU_09832,3.21,88.19999999999999,30,2
STU_10356,2.58,89.8,12,1
STU_10458,3.52,92.6,30,2
STU_10831,2.59,87.44999999999999,33,2
STU_10975,2.82,88.58333333333333,69,6
STU_11295,2.295,93.1,42,2
STU_11661,2.27,85.675,60,4
STU_11904,2.89,88.0,15,1
STU_12109,2.575,89.9,33,2
STU_12484,3.53,80.96666666666667,45,3
STU_13438,3.26,89.4,15,1
STU_13515,2.8024999999999998,84.85,60,4
STU_13614,2.44,85.8,12,1
STU_13764,2.8359999999999994,82.7,90,5
STU_14013,2.2112499999999997,79.6625,117,8
STU_14178,2.975,86.5,30,2
STU_14701,3.19,82.96666666666667,39,3
STU_15290,3.37,92.7,15,1
STU_15409,2.06,93.4,18,1
STU_15692,2.38,83.6,30,2
STU_15699,2.1666666666666665,85.86666666666667,99,6
STU_15845,3.76,89.3,15,1
STU_15961,2.55375,87.2375,126,8
STU_16012,1.83,88.3,12,1
STU_16246,2.57,95.2,15,1
STU_16311,3.0524999999999998,91.3875,135,8
STU_16684,2.4899999999999998,75.39999999999999,57,3
STU_17353,2.8449999999999998,86.53750000000001,144,8
STU_12795,2.95125,84.95000000000002,117,8
STU_09508,2.49,85.8,45,3
STU_09801,2.72,86.45,51,4
STU_09887,3.0460000000000003,91.1,93,5
STU_10364,2.6642857142857146,85.81428571428572,87,7
STU_10429,2.1875,85.1,72,4
STU_10448,2.8225,91.725,45,4
STU_10540,2.8950000000000005,80.6125,117,8
STU_10625,2.5562500000000004,91.25000000000001,93,8
STU_10679,2.443333333333333,82.2,72,6
STU_10732,2.4714285714285715,78.24285714285713,102,7
STU_11132,2.95,76.9,15,1
STU_11258,2.9450000000000003,82.57499999999999,60,4
STU_11530,1.8959999999999997,83.38,72,5
STU_11645,2.6928571428571426,79.94285714285715,108,7
STU_11688,2.295,85.375,75,4
STU_11736,2.73,95.7,15,1
STU_11932,2.574,96.04,75,5
STU_11945,2.2199999999999998,81.1875,120,8
STU_12091,2.61,89.5,15,1
STU_12132,2.91,85.6,21,2
STU_12384,2.87,92.8,15,1
STU_12559,2.55,88.85,24,2
STU_12629,2.9342857142857137,84.62857142857142,105,7
STU_12773,3.08,85.0,93,5
STU_13074,3.08,89.8,12,1
STU_13143,3.21,88.7,12,1
STU_13219,3.146,90.34,93,5
STU_13464,3.2633333333333336,83.76666666666667,42,3
STU_13488,2.765,87.25,36,2
STU_14071,2.87,86.5,147,8
STU_14208,2.7299999999999995,77.35,60,4
STU_14334,2.35,85.51428571428572,108,7
STU_14660,3.735,84.1,30,2
STU_14708,3.255,82.95,30,2
STU_14769,2.50875,83.22500000000001,117,8
STU_14922,1.9999999999999998,82.13333333333333,57,3
STU_15217,2.86,88.9,12,1
STU_15452,3.0399999999999996,82.81666666666668,111,6
STU_15854,1.93,92.8,15,1
STU_16193,2.03,84.86666666666667,54,3
STU_16290,3.14,79.06666666666666,93,6
STU_16896,2.8,85.775,57,4
STU_17576,2.675,88.25,33,2
STU_17583,2.908333333333333,85.31666666666666,69,6
STU_17147,2.71,92.3,18,1
STU_09348,2.7275000000000005,76.825,123,8
STU_09375,2.414285714285714,84.81428571428572,105,8
STU_09509,2.5416666666666665,83.68333333333334,72,8
STU_09680,2.2720000000000002,90.46000000000001,78,5
STU_09812,1.96,86.6,33,2
STU_09848,2.39,88.6,30,2
STU_10000,2.78,82.175,60,4
STU_10957,2.2733333333333334,86.73333333333333,54,3
STU_11465,2.65,90.0,18,1
STU_11503,3.0462499999999997,84.375,120,8
STU_11753,3.17,87.11666666666667,96,6
STU_11818,2.6649999999999996,81.41250000000001,114,8
STU_11897,3.1366666666666667,88.15000000000002,108,6
STU_12135,2.67,89.45,27,2
STU_12417,2.85625,81.3,111,8
STU_12449,2.54,91.80000000000001,21,2
STU_12496,3.56,91.2,15,1
STU_12497,3.2800000000000002,85.15714285714286,102,7
STU_12662,2.49,78.8,18,1
STU_12932,2.755,81.625,75,4
STU_13341,2.89,95.8,18,1
STU_13416,2.97375,81.23749999999998,126,8
STU_13885,3.1399999999999997,91.3125,96,8
STU_14085,2.2283333333333335,87.91666666666667,87,6
STU_14307,3.1537499999999996,81.75,96,8
STU_14626,3.35,93.4,18,1
STU_14653,3.135,87.1,30,2
STU_14718,2.12,90.6,12,1
STU_15413,2.9966666666666666,78.58333333333333,87,6
STU_15602,2.12,85.4,33,2
STU_16293,2.8233333333333337,80.83333333333334,48,3
STU_16324,3.26,94.3,15,1
STU_16400,2.855,89.5,87,6
STU_16486,2.8049999999999997,83.5,30,2
STU_16610,2.0075,87.625,51,4
STU_16702,2.33,90.575,72,4
STU_16717,2.935,90.25,30,2
STU_17471,2.96,87.9875,126,8
STU_17573,2.7133333333333334,85.8,45,3
STU_15717,2.9237499999999996,80.825,123,8
STU_16936,2.3666666666666667,84.16666666666667,45,3
STU_17317,2.936666666666666,80.66666666666667,33,3
STU_08875,2.9575,80.45,117,8
STU_08921,1.99,88.7,12,1
STU_08982,3.1550000000000002,87.9,33,2
STU_09006,3.115,83.85,57,4
STU_09025,3.1316666666666664,90.26666666666667,93,7
STU_09548,2.87,84.78,78,5
STU_09587,2.5140000000000002,86.52000000000001,60,5
STU_09951,2.5766666666666667,90.5,51,3
STU_10011,2.785,89.5,30,2
STU_10105,2.0,90.6,18,1
STU_10213,2.53,93.0,15,1
STU_10340,3.82,87.7,18,1
STU_10341,2.9933333333333336,83.13333333333334,45,3
STU_10349,3.3033333333333332,93.2,33,3
STU_10868,2.1875,89.5125,117,8
STU_11147,2.606666666666667,87.31666666666666,87,6
STU_11170,2.0585714285714287,85.57142857142857,126,7
STU_11180,2.45,83.2,21,1
STU_11216,3.18,82.2,9,1
STU_11346,2.84,85.83333333333333,45,3
STU_11456,2.89,83.9,12,1
STU_11631,3.19,88.2,15,1
STU_11727,3.27,82.4,15,1
STU_11813,2.7350000000000003,87.65,27,2
STU_11954,2.74,81.9,27,2
STU_12883,2.4828571428571427,82.68571428571428,87,7
STU_13092,2.5925,79.72500000000001,93,8
STU_13146,2.5999999999999996,91.1,24,2
STU_13449,3.675,88.94999999999999,30,2
STU_13601,3.07,88.1,18,1
STU_13606,2.93,95.9,15,1
STU_13967,2.4075,82.3625,141,8
STU_14202,2.738571428571429,87.92857142857143,108,7
STU_14342,2.615,83.94999999999999,75,6
STU_14380,3.0814285714285714,77.28571428571429,99,7
STU_14451,3.2166666666666663,82.3,45,3
STU_14553,3.575,90.15,30,2
STU_14914,2.7016666666666667,81.85000000000001,72,6
STU_14953,2.5114285714285716,80.88571428571429,81,7
STU_14989,2.2660000000000005,84.36,93,5
STU_15155,3.4299999999999997,87.15,30,2
STU_15481,2.88,80.72,72,5
STU_15604,3.3349999999999995,86.40000000000002,90,6
STU_15669,2.14,82.6,18,1
STU_16114,2.29,91.0,12,1
STU_16482,1.9900000000000002,83.82499999999999,72,4
STU_17253,3.33,89.2,12,1
STU_17331,2.8499999999999996,91.55,24,2
STU_08986,2.3666666666666667,87.33333333333333,57,3
STU_08998,1.695,81.15,33,2
STU_09167,3.12,77.6,48,4
STU_09292,2.15,86.7,12,1
STU_09317,2.8725,92.94999999999999,63,4
STU_09335,2.168,79.42,90,5
STU_09596,3.45,83.8,12,1
STU_09609,2.778,83.75999999999999,75,5
STU_09830,2.7228571428571433,80.42857142857143,99,7
STU_10055,2.73,83.48333333333333,105,6
STU_10466,2.9933333333333327,82.23333333333333,75,6
STU_10548,2.77,85.63333333333333,45,3
STU_10554,2.64,95.9,15,1
STU_11111,2.33,89.0,30,2
STU_11148,2.715,84.65,30,2
STU_11155,3.39,91.2,12,1
STU_11234,2.2,91.85,33,2
STU_11454,2.92,87.05,30,2
STU_11461,2.4,81.8,33,2
STU_11564,1.4400000000000002,70.525,75,5
STU_11759,1.7014285714285717,84.0142857142857,123,7
STU_11835,3.71,94.8,12,1
STU_11894,2.5749999999999997,88.64999999999999,90,6
STU_12134,2.5475000000000003,85.5375,117,8
STU_12702,3.0975,99.32499999999999,51,4
STU_13407,2.8114285714285714,84.67142857142858,87,7
STU_13836,2.89,89.06666666666668,45,3
STU_13948,2.2275,81.075,126,8
STU_14431,2.9166666666666665,86.3,33,3
STU_14485,3.08,85.65,33,2
STU_14785,3.115,81.55,120,8
STU_14807,1.9425000000000001,82.0625,144,8
STU_15077,3.07,88.6,15,1
STU_15235,2.59,86.5,36,2
STU_15453,2.48375,80.1625,117,8
STU_15511,2.035,83.525,45,4
STU_15593,2.20125,84.4375,120,8
STU_15660,3.1557142857142857,86.82857142857144,102,7
STU_15705,3.1375,85.1,120,8
STU_15794,3.1999999999999997,92.39999999999999,48,3
STU_15898,2.045,90.19999999999999,33,2
STU_16023,2.66,94.1,15,1
STU_16122,2.343333333333333,80.08333333333333,90,6
STU_16143,3.48,90.9,21,1
STU_16302,3.1,94.8,48,4
STU_16378,1.916,86.34,90,5
STU_16491,3.0575,80.25,45,4
STU_16893,3.0475,88.825,72,4
STU_17220,2.97,83.8,18,1
STU_17236,2.9166666666666665,85.38333333333333,105,6
STU_12788,2.9925,85.17499999999998,144,8
STU_15312,3.53,95.13333333333334,42,3
STU_16147,2.3666666666666667,87.73333333333333,48,3
STU_16608,2.5766666666666667,89.53333333333335,57,3
STU_08966,2.4850000000000003,85.80000000000001,60,4
STU_09524,2.6,90.89999999999999,54,3
STU_10012,2.9600000000000004,92.0,57,3
STU_10177,3.2875,88.69999999999999,51,4
STU_10254,2.775,94.0,33,2
STU_10765,2.3233333333333337,91.26666666666667,42,3
STU_10872,2.3857142857142857,77.6857142857143,105,7
STU_11177,2.88,84.8,30,2
STU_11237,2.26875,78.7125,132,8
STU_11617,2.916,86.22,81,5
STU_11979,2.87875,83.1125,120,8
STU_11997,2.78,87.0,15,2
STU_12277,2.305,81.36666666666666,90,6
STU_12390,2.9299999999999997,83.05000000000001,60,4
STU_12679,2.74625,77.23749999999998,96,8
STU_12764,1.625,88.1,72,4
STU_13635,2.8825000000000003,82.6375,120,8
STU_13643,2.6433333333333335,84.96666666666665,48,3
STU_14434,2.7733333333333334,89.73333333333335,45,3
STU_14665,3.25,91.83333333333333,51,3
STU_14822,3.0549999999999997,87.69999999999999,30,2
STU_14889,2.115,77.25,96,8
STU_14941,2.6228571428571428,79.58571428571429,81,7
STU_15303,2.78,89.3,12,1
STU_15805,2.1,88.55,33,2
STU_16092,2.74,86.4,27,2
STU_16140,2.67,95.25,33,2
STU_16561,3.0324999999999998,90.225,75,4
STU_16700,2.5966666666666667,79.2,36,3
STU_16732,2.7328571428571427,82.55714285714285,105,7
STU_17192,2.75,90.4,15,1
STU_17441,3.178,90.58,75,5
STU_17535,3.3166666666666664,84.86666666666666,51,3
STU_17553,2.735714285714286,85.42857142857143,102,7
STU_09172,3.0225,90.525,57,4
STU_09243,2.7757142857142862,81.37142857142858,102,7
STU_09298,2.97,90.8,12,1
STU_09720,3.12,94.8,15,1
STU_09766,2.24,82.8,15,1
STU_09793,2.4400000000000004,78.7,102,7
STU_09823,2.645,83.775,120,8
STU_10028,2.242857142857143,82.41428571428571,105,7
STU_10366,2.67,92.1,18,1
STU_11131,2.8137500000000006,80.6875,120,8
STU_11687,1.793333333333333,84.43333333333334,105,6
STU_11884,2.4014285714285712,87.67142857142858,105,7
STU_11974,3.3,89.5,12,1
STU_11988,2.9683333333333333,81.28333333333333,63,6
STU_12146,3.03125,86.3625,117,8
STU_12824,2.3128571428571427,73.14285714285714,108,7
STU_12918,2.435,86.15,24,3
STU_12980,2.7600000000000002,83.075,120,8
STU_13048,2.2487500000000002,83.225,120,8
STU_13113,2.305,91.025,54,4
STU_13317,2.54,94.6,15,1
STU_13422,1.8333333333333333,83.06666666666666,45,3
STU_13579,2.3866666666666667,89.43333333333332,45,3
STU_13636,3.59,86.3,12,1
STU_13728,3.075,94.05,24,2
STU_13864,2.5949999999999998,84.175,60,4
STU_14003,2.06,94.05000000000001,30,2
STU_14131,2.864,78.69999999999999,72,5
STU_14133,3.0149999999999997,78.47500000000001,69,4
STU_14460,2.9450000000000003,92.325,72,4
STU_14498,2.9599999999999995,85.89999999999999,36,3
STU_14509,3.19,93.4,33,2
STU_14537,3.02,83.275,117,8
STU_15083,3.05,83.875,60,4
STU_15288,2.604,79.67999999999999,75,5
STU_15506,1.605,77.575,72,4
STU_15519,3.0119999999999996,77.06000000000002,57,5
STU_15982,2.3,83.12,78,5
STU_16250,3.08,91.39999999999999,42,3
STU_16278,2.47375,83.58749999999999,114,8
STU_16521,2.7399999999999998,89.9,72,4
STU_16898,3.0012499999999998,85.71249999999999,117,8
STU_17040,2.25,81.02000000000001,87,5
STU_17466,2.49,88.8,12,1
STU_12739,2.61,90.85,27,2
STU_13528,2.8200000000000003,90.85,30,2
STU_13815,2.276666666666667,87.53333333333335,51,3
STU_09185,3.1625,80.525,51,4
STU_09252,2.1,85.85,36,2
STU_09869,2.9040000000000004,84.17999999999999,81,5
STU_10199,2.5925,78.69999999999999,60,4
STU_10201,2.425,83.9375,141,8
STU_10482,2.813333333333333,90.36666666666667,45,3
STU_10880,3.162857142857143,77.2,87,7
STU_11046,2.92,89.66666666666669,72,6
STU_11057,2.8000000000000003,89.08333333333333,93,6
STU_11374,3.184,87.35999999999999,72,5
STU_11392,2.88,87.75,36,2
STU_11436,1.8999999999999997,85.53333333333335,42,3
STU_11748,2.6062499999999997,86.63750000000002,117,8
STU_11913,2.05,93.6,18,1
STU_12001,2.955,79.61250000000001,120,8
STU_12078,1.64,91.1,15,1
STU_12611,2.9433333333333334,87.53333333333332,36,3
STU_12654,3.17,90.5,39,3
STU_13283,2.748333333333333,89.10000000000001,90,6
STU_13735,2.65,92.8,18,1
STU_13889,3.4,82.0,30,3
STU_14243,2.87125,88.4875,93,8
STU_14466,2.32,81.9,15,1
STU_14780,2.2800000000000002,83.80000000000001,30,2
STU_15060,2.7285714285714286,83.3142857142857,84,7
STU_15116,2.89875,81.975,93,8
STU_15265,2.4,87.19999999999999,30,2
STU_15499,2.9616666666666664,93.73333333333333,87,6
STU_15524,2.896,82.5,87,5
STU_15586,2.6,93.5,18,1
STU_15900,2.255,88.30000000000001,36,2
STU_15977,2.96,83.8,69,4
STU_16191,2.29,80.5,48,4
STU_16403,3.25,93.8,12,1
STU_17001,2.28,90.43333333333332,57,3
STU_17080,2.1766666666666663,85.83333333333333,36,3
STU_17189,2.33,84.4,84,6
STU_17294,1.98,81.85,33,2
STU_17498,2.5625,86.425,60,4
STU_15309,2.804,77.76,63,5
STU_17501,2.87,90.6,12,1
STU_17510,2.72,83.2,120,8
STU_09048,3.0500000000000003,76.71666666666667,87,6
STU_09811,2.82,91.1,15,1
STU_09847,3.4,78.8,48,3
STU_10075,2.1959999999999997,83.82000000000001,60,5
STU_10116,2.6933333333333334,89.13333333333333,54,3
STU_10395,2.4899999999999998,80.32000000000001,93,5
STU_10567,2.31,87.34285714285714,102,7
STU_10734,2.393333333333333,89.06666666666666,45,3
STU_10826,3.205,92.6,27,2
STU_10997,3.22,85.8,15,1
STU_11281,2.795,85.85,48,4
STU_11349,3.063333333333333,87.03333333333335,45,3
STU_11449,2.915,87.4,57,4
STU_11779,3.15,87.9,18,1
STU_11871,2.26,87.5,18,1
STU_12040,2.3075,86.025,60,4
STU_12512,2.7,91.9,15,1
STU_13001,2.98625,84.8,99,8
STU_13174,2.3200000000000003,86.325,120,8
STU_13474,2.62,81.7,15,1
STU_13510,2.7433333333333336,98.83333333333333,42,3
STU_13538,2.45,92.2,18,1
STU_13543,2.4425,81.15,51,4
STU_13696,2.6157142857142857,91.14285714285714,129,7
STU_13991,3.1,88.60000000000001,48,3
STU_14080,3.01,82.7,30,2
STU_14331,3.1225000000000005,88.2,45,4
STU_14414,2.53,80.1,15,1
STU_14700,2.0714285714285716,88.81428571428572,129,7
STU_14739,2.13,88.5,18,1
STU_15056,2.5025000000000004,83.57499999999999,60,4
STU_15079,3.63,88.4,12,1
STU_15160,2.7142857142857144,87.02857142857144,105,7
STU_15295,2.3533333333333335,88.83333333333333,48,3
STU_15885,3.1285714285714286,83.25714285714285,129,7
STU_16137,2.395,89.2,60,4
STU_16510,2.9450000000000003,87.85,30,2
STU_16595,3.268,79.92,75,5
STU_16839,3.25,85.75,63,4
STU_17264,2.6925,78.85000000000001,120,8
STU_09056,2.8200000000000003,81.85,30,2
STU_09078,2.28,94.2,18,1
STU_09095,2.59,83.5,90,6
STU_09186,2.57,81.4,15,1
STU_09460,2.31875,87.9625,126,8
STU_09663,2.9,91.8,15,1
STU_09682,3.23,92.3,15,1
STU_09901,2.267142857142857,82.37142857142858,108,7
STU_10050,2.855,80.35,36,2
STU_10154,2.9475000000000002,92.30000000000001,87,8
STU_10178,2.5649999999999995,83.0,93,6
STU_10273,2.0999999999999996,84.43333333333332,33,3
STU_10382,2.1933333333333334,82.36666666666666,48,3
STU_10423,2.7116666666666673,87.19999999999999,72,6
STU_10871,2.9537500000000003,90.825,123,8
STU_10926,2.95,80.3,30,2
STU_11026,2.721428571428571,81.07142857142857,111,7
STU_11159,3.23,94.15,30,2
STU_11308,3.118,84.66000000000001,72,5
STU_11398,2.698571428571429,86.3142857142857,105,7
STU_11507,2.43,96.3,15,1
STU_11649,2.1580000000000004,83.64,60,5
STU_11910,1.25,77.125,66,4
STU_12163,2.58,88.36666666666667,36,3
STU_12420,3.2550000000000003,90.32499999999999,63,4
STU_12548,2.88,82.4,114,7
STU_13057,3.2433333333333336,95.76666666666665,45,3
STU_13553,2.88,90.1,18,1
STU_13920,2.58,88.33333333333333,48,3
STU_14587,2.06,83.8,12,1
STU_14944,3.165,85.175,48,4
STU_14969,2.46,86.94999999999999,54,4
STU_15015,2.3475,81.3,60,4
STU_15175,2.2866666666666666,90.2,42,3
STU_15475,2.5675,82.08749999999999,117,8
STU_15508,2.3185714285714285,82.52857142857142,102,8
STU_15773,2.915,85.6,30,2
STU_15823,2.466666666666667,91.39999999999999,54,3
STU_16068,2.85,89.55,24,2
STU_16623,3.0540000000000003,84.0,57,5
STU_17002,2.5775,82.57499999999999,63,4
STU_17569,2.3675,84.45,72,4
STU_17578,2.6225000000000005,77.675,72,4
STU_15317,3.176666666666667,88.8,45,3
STU_17018,2.7075,89.125,147,8
STU_17650,2.81,87.525,120,8
STU_18266,2.49,81.15,30,2
STU_18305,2.1366666666666667,84.26666666666667,57,3
STU_18748,2.04,89.8,36,2
STU_19059,2.93,82.0,15,1
STU_19362,2.7428571428571433,83.7,87,7
STU_17779,2.715,92.8,24,2
STU_17957,2.46,89.5,33,2
STU_18148,2.955,83.05,30,2
STU_18378,3.04,89.2,18,1
STU_18608,3.07,79.5,15,1
STU_18618,1.66,91.2,18,1
STU_18657,2.162,85.7,75,5
STU_18851,3.1,78.325,45,4
STU_19140,2.42,91.2,15,1
STU_19184,3.0799999999999996,85.75714285714287,102,7
STU_19210,3.0775000000000006,81.075,60,4
STU_19459,1.79,82.0,15,1
STU_19685,2.722,75.74,72,5
STU_19688,2.606666666666667,79.5,48,3
STU_19865,1.69,86.4,90,5
STU_19905,2.662857142857143,86.89999999999999,87,7
STU_17782,2.255,93.95,39,2
STU_18028,2.99,90.5,12,1
STU_18049,3.235,83.125,60,4
STU_18259,2.328,80.58,72,5
STU_18461,2.718571428571429,88.81428571428572,84,7
STU_18653,2.61625,76.8375,117,8
STU_18835,2.162857142857143,84.71428571428571,105,7
STU_19291,2.825,80.3,63,4
STU_19734,2.4966666666666666,86.26666666666667,45,3
STU_19862,2.3925,83.875,96,8
STU_19935,2.51,91.4,36,2
STU_17927,2.8474999999999997,79.575,60,4
STU_18531,2.481428571428571,80.22857142857143,84,7
STU_18701,3.33,92.9,12,1
STU_18716,2.668333333333333,81.89999999999999,90,6
STU_18826,2.94,88.7,15,1
STU_19058,2.3474999999999997,83.62499999999999,120,8
STU_19117,2.4266666666666667,86.96666666666665,57,3
STU_19307,2.0925000000000002,77.325,69,4
STU_19411,2.83,89.0,15,1
STU_19432,3.0325,86.725,60,4
STU_19622,2.7257142857142855,83.01428571428572,102,7
STU_19655,2.37,84.5,15,1
STU_17856,2.5740000000000003,87.54,75,5
STU_18051,3.25,83.9,30,2
STU_18060,2.9637499999999997,85.2875,120,8
STU_18309,2.9862500000000005,86.9625,147,8
STU_18508,3.02,89.2,15,1
STU_18779,2.5666666666666664,82.61666666666666,72,6
STU_18871,3.1166666666666667,82.23333333333333,33,3
STU_18898,2.29125,81.89999999999999,126,8
STU_19275,2.8449999999999998,79.5,30,2
STU_19292,2.525,89.975,48,4
STU_19304,2.936666666666667,85.23333333333333,45,3
STU_19708,2.8049999999999997,87.1375,117,8
STU_19899,3.37,85.8,15,1
STU_17742,2.97,88.47500000000001,60,4
STU_18673,2.73,90.26,60,5
STU_18729,2.4875,92.0,57,4
STU_18987,3.0,84.5,15,1
STU_19218,2.9385714285714286,81.95714285714287,105,7
STU_19496,2.82,81.3,18,1
STU_19626,1.895,92.5,33,2
STU_18400,2.2262500000000003,81.25,120,8
STU_18832,2.925,85.3,27,2
STU_18974,2.7700000000000005,91.4875,120,8
STU_19068,2.73,91.45,30,2
STU_19288,3.04,83.9,18,1
STU_19424,2.505,88.07499999999999,45,4
STU_19736,2.41,84.6625,141,8
STU_19789,2.7450000000000006,80.48333333333333,93,6
STU_19791,3.0250000000000004,86.05000000000001,33,2
STU_19815,2.93,90.9,15,1
STU_19894,2.225,93.15,36,2
STU_17690,2.806,87.06,96,5
STU_18310,2.995,93.5,36,2
STU_18694,2.9,93.5,12,1
STU_19110,2.51875,84.68750000000001,120,8
STU_19156,3.203333333333333,88.43333333333334,57,3
STU_19268,2.6774999999999998,88.0,117,8
STU_19273,3.01,94.7,18,1
STU_19377,2.9933333333333336,87.03333333333335,48,3
STU_19599,2.32,89.2,18,1
STU_19603,2.72125,89.45,120,8
STU_19605,2.966666666666667,90.46666666666665,90,6
STU_19706,3.58,98.5,12,1
STU_19793,2.29,85.36666666666667,36,3
STU_19976,2.805,87.5,60,4
STU_17639,2.4325,90.80000000000001,63,4
STU_17696,3.13,87.8,12,1
STU_17720,3.266666666666666,88.13333333333333,45,3
STU_17772,2.415,82.4,30,2
STU_17861,2.9933333333333336,88.33333333333333,57,3
STU_18010,2.63,85.7,15,1
STU_18167,3.17,84.6,12,1
STU_18282,2.3575,77.475,51,4
STU_18669,2.92,86.7,18,1
STU_18709,2.7225,88.525,72,4
STU_18819,2.79,85.2,18,1
STU_19131,2.6157142857142857,83.74285714285715,120,7
STU_19247,3.1199999999999997,82.60000000000001,57,3
STU_19724,2.95,82.4375,135,8
STU_18210,2.3200000000000003,84.6125,111,8
STU_18233,2.66,83.55,33,2
STU_18323,3.19,83.9,15,1
STU_18341,2.175,88.8,90,6
STU_18360,2.2899999999999996,93.3,54,3
STU_18368,1.74,79.8,36,2
STU_18885,2.62,82.325,120,8
STU_18912,3.3333333333333335,81.46666666666667,42,3
STU_19345,2.5683333333333334,79.2,90,6
STU_19425,1.97,89.9,18,1
STU_19570,2.7542857142857144,88.08571428571427,102,7
STU_19596,2.2525000000000004,79.675,69,4
STU_19790,2.89,91.8,15,1
STU_19886,2.45,90.6,18,1
STU_19891,2.7114285714285713,73.75714285714285,81,7
STU_19998,3.3,90.05,27,2
STU_18012,2.48,87.7,15,1
STU_18038,3.323333333333333,89.93333333333334,105,6
STU_18115,1.5728571428571427,76.81428571428572,129,7
STU_18152,2.805,79.2,30,2
STU_18180,3.35,87.2,51,3
STU_18188,2.96,81.5,18,1
STU_18476,2.665,81.725,63,4
STU_18627,1.76,89.8,12,1
STU_19016,2.7199999999999998,88.35,30,2
STU_19721,3.0125,89.2375,117,8
STU_19751,2.76,88.05000000000001,30,2
STU_19889,1.93,90.75,33,2
STU_18138,2.9875000000000003,89.225,60,4
STU_18364,3.02,95.1,12,1
STU_18588,3.295,93.65,24,2
STU_18620,2.9933333333333336,86.46666666666665,48,3
STU_18713,3.62,95.3,12,1
STU_18955,2.4066666666666667,81.43333333333334,45,3
STU_19196,2.69,88.10000000000001,45,3
STU_19282,2.2257142857142855,82.42857142857143,105,7
STU_19369,2.805,87.9,21,2
STU_19403,3.025,85.95,21,2
STU_19559,2.915714285714286,80.58571428571429,108,7
STU_19987,3.4033333333333338,88.23333333333333,42,3
STU_17767,2.566,75.42,87,5
STU_17838,2.1625,79.375,72,4
STU_18296,2.0033333333333334,77.86666666666666,48,3
STU_18385,2.4766666666666666,91.86666666666667,45,3
STU_19160,2.836,82.06,75,5
STU_19194,2.44,82.7,15,1
STU_19478,2.58,83.2,15,1
STU_19566,2.6133333333333333,85.59999999999998,45,3
STU_17875,3.54,86.6,15,1
STU_17918,2.527142857142857,85.68571428571428,108,7
STU_18258,2.5233333333333334,84.96666666666665,63,6
STU_18445,2.27,77.9,42,3
STU_18477,2.84,84.4,18,1
STU_18706,3.61,86.4,15,1
STU_18760,2.8925,79.48750000000001,126,8
STU_19405,2.66,96.0,15,1
STU_19435,2.7619999999999996,82.4,75,5
STU_19448,2.9583333333333335,91.8,93,7
STU_19517,2.505,85.3,24,2
STU_19558,3.2733333333333334,85.66666666666667,48,3
STU_19607,2.308,87.11999999999999,75,5
STU_18472,3.42,89.8,15,1
STU_18776,3.49,88.8,15,1
STU_18782,1.955,84.51666666666667,69,6
STU_18847,3.0949999999999998,81.85,36,2
STU_18930,2.11,81.6,69,4
STU_18967,2.17,82.7,30,2
STU_19157,2.6500000000000004,88.75,27,2
STU_19796,3.0675,87.625,48,4
STU_19970,3.1375,83.35000000000001,114,8
STU_17747,2.6166666666666667,80.16666666666667,87,6
STU_18019,2.233333333333333,87.36666666666667,54,3
STU_18090,2.9275,80.325,48,4
STU_18255,2.217142857142857,84.52857142857144,105,7
STU_18410,2.83,87.6,18,1
STU_18449,2.8662499999999995,80.10000000000001,96,8
STU_18557,2.5275,73.775,48,4
STU_18650,2.365,82.45,30,2
STU_19283,2.4175,91.15,57,4
STU_19509,3.067142857142857,86.82857142857142,90,7
STU_19606,2.95,84.8,27,2
STU_19637,3.1014285714285714,87.32857142857144,105,7
STU_18080,2.84,84.6,15,1
STU_19006,2.5933333333333333,94.8,36,3
STU_19053,2.26,78.3,15,1
STU_19463,2.9183333333333334,87.84999999999998,99,6
STU_19898,2.768333333333333,83.56666666666668,87,6
STU_17663,2.27625,84.0625,123,8
STU_17778,3.4074999999999998,86.65,54,4
STU_17960,2.46,85.24285714285713,102,7
STU_18065,2.793333333333333,86.0,90,6
STU_18407,1.8,74.66666666666667,54,3
STU_18698,3.4333333333333336,88.13333333333333,54,3
STU_18699,3.026666666666667,89.53333333333335,42,3
STU_18825,3.2380000000000004,90.2,60,5
STU_18855,2.434,88.76,90,5
STU_19297,2.07,97.2,15,1
STU_19426,3.19,88.8,18,1
STU_19571,2.76,76.05,33,2
STU_19816,3.18,90.55000000000001,33,2
STU_19977,2.99,82.1,12,1
STU_17653,2.274,77.53999999999999,72,5
STU_18004,2.27,85.92500000000001,48,4
STU_18235,2.856,78.44000000000001,57,5
STU_18515,2.4575,85.35,123,8
STU_18544,2.4825,84.25000000000001,96,8
STU_18815,2.876,86.28,75,5
STU_18872,2.575,84.875,48,4
STU_19036,2.7216666666666662,87.44999999999999,90,6
STU_19063,2.46,91.9,18,1
STU_19328,2.334285714285714,77.52857142857144,102,7
STU_19374,2.255,80.4,33,2
STU_19640,2.38375,84.49999999999999,114,8
STU_19644,3.3733333333333335,90.56666666666666,54,3
STU_19695,2.75,91.4,30,2
STU_19801,3.21,85.3,12,1
STU_17770,2.70375,83.2625,117,8
STU_17964,2.335,83.96249999999999,117,8
STU_18092,2.4825,89.1,123,8
STU_18141,2.9766666666666666,87.93333333333334,45,3
STU_18230,2.9875,84.62499999999999,129,8
STU_19284,2.96,83.3,15,1
STU_19371,2.526666666666667,82.80000000000001,45,3
STU_19806,2.94,79.8,24,2
STU_17638,2.875,90.45,24,2
STU_17654,3.48,95.75,30,2
STU_17716,2.4675000000000002,83.725,54,4
STU_17828,2.51,92.56666666666666,48,3
STU_18086,2.688333333333334,90.61666666666666,90,6
STU_18463,1.79,92.5,18,1
STU_18516,2.23,90.4,18,1
STU_18606,2.58,86.0,18,1
STU_18629,2.3483333333333336,87.65000000000002,93,6
STU_18948,3.143333333333333,85.90000000000002,42,3
STU_18963,2.65,87.75,30,2
STU_19007,2.6,87.3,18,1
STU_19308,2.225,87.4,36,2
STU_19639,2.9175,86.3,60,4
STU_17821,2.66,81.6,18,1
STU_18044,2.51,83.1,15,1
STU_18134,3.2349999999999994,84.41666666666667,108,6
STU_18677,2.30125,80.67499999999998,93,8
STU_18933,3.033333333333333,89.46666666666665,48,3
STU_18941,2.35,83.1,36,2
STU_19139,2.4,86.1,18,1
STU_19147,3.335,85.69999999999999,27,2
STU_19198,2.99,86.2,15,1
STU_19350,3.35,89.69999999999999,54,3
STU_19454,2.7566666666666664,80.56666666666666,87,6
STU_19530,3.52,90.5,15,1
STU_19534,2.475,85.92500000000001,72,4
STU_19760,2.7925,81.825,57,4
STU_19762,2.6580000000000004,84.8,75,5
STU_19953,2.5725,85.3375,120,8
STU_18276,3.29,89.1,15,1
STU_19243,3.0,94.7,15,1
STU_19302,3.04875,78.9,114,8
STU_19673,2.29,95.2,12,1
STU_19680,2.0,82.0,18,1
STU_19785,2.67,85.35,30,2
STU_19874,1.78,73.1,12,1
STU_19902,2.09,83.4,24,2
STU_17666,2.43,92.6,12,1
STU_17669,2.4133333333333336,88.10000000000001,45,3
STU_17847,2.5666666666666664,79.76666666666668,87,6
STU_17975,2.995,85.9,33,2
STU_18063,2.6033333333333335,76.83333333333333,90,6
STU_18189,2.3025,87.725,75,4
STU_18397,3.535,92.3,30,2
STU_18840,3.063333333333334,83.33333333333333,57,3
STU_18879,2.12,82.28,96,6
STU_19399,2.572,83.28,78,5
STU_19755,3.1950000000000003,94.8,33,2
STU_19841,2.865,90.75,30,2
STU_17840,1.84,89.5,18,1
STU_17860,3.33,86.6,30,2
STU_17976,3.54,92.7,15,1
STU_18298,2.73,94.9,15,1
STU_18585,2.435714285714286,82.38571428571429,105,7
STU_18610,2.0300000000000002,76.4,30,2
STU_18792,2.8049999999999997,86.4,36,2
STU_18866,2.195,83.85,30,2
STU_18867,2.7079999999999997,83.13999999999999,60,5
STU_19143,3.09,94.2,36,2
STU_19544,2.4,81.85,30,2
STU_19555,3.48,92.1,15,1
STU_19696,2.25,95.2,18,1
STU_19925,2.6333333333333333,87.61666666666666,93,6
STU_17678,2.725,85.93333333333334,111,6
STU_17872,2.215,89.94999999999999,30,2
STU_18040,2.435,78.9,30,2
STU_18821,2.0149999999999997,88.8,66,4
STU_19305,2.7399999999999998,79.72,69,5
STU_19422,2.9059999999999997,85.58,75,5
STU_19482,2.5225,85.9,75,4
STU_19516,2.367142857142857,84.15714285714286,93,7
STU_19586,2.6966666666666668,88.10000000000001,45,3
STU_17890,2.3475,81.25,63,4
STU_18362,2.7660000000000005,80.18,78,5
STU_18453,2.973333333333333,88.5,90,6
STU_18532,2.54,80.4,15,1
STU_18665,2.82375,81.125,123,8
STU_18972,2.724285714285714,86.22857142857143,129,7
STU_19018,2.435,87.4,21,2
STU_19289,2.395,82.975,117,8
STU_19339,3.0149999999999997,85.4,27,2
STU_19598,3.27,88.05000000000001,30,2
STU_19662,2.3925,85.85,63,4
STU_17688,2.8266666666666667,87.7,45,3
STU_18580,3.0260000000000002,74.25999999999999,60,5
STU_18664,2.6975,88.42500000000001,120,8
STU_18730,2.98875,79.4125,96,8
STU_18734,3.1175,90.94999999999999,57,4
STU_18739,3.265,87.8,30,2
STU_18747,2.82,90.025,72,4
STU_18962,2.64,92.15,30,2
STU_19056,2.643333333333333,87.93333333333334,30,3
STU_19185,2.4225000000000003,86.075,69,4
STU_19228,2.25,84.43333333333334,54,3
STU_19314,2.606666666666667,79.61666666666666,90,6
STU_19641,2.95,85.3,15,1
STU_17888,2.904,93.23999999999998,63,5
STU_18061,2.36,85.94000000000001,60,5
STU_18232,2.53,87.56666666666666,45,3
STU_18254,3.42,91.9,18,1
STU_18283,3.176666666666667,84.39999999999999,45,3
STU_18328,2.9175,79.925,120,8
STU_18413,2.2775000000000003,87.925,66,4
STU_18558,2.6550000000000002,76.0,33,2
STU_18679,3.3800000000000003,83.7,36,3
STU_18693,2.44,85.96666666666668,48,3
STU_18718,1.9337499999999999,79.26249999999999,150,8
STU_19075,2.26,82.9,15,1
STU_19563,2.3116666666666665,85.56666666666666,108,6
STU_19661,3.5,93.7,15,1
STU_17816,3.0116666666666667,79.83333333333333,75,6
STU_17967,2.3925,85.35000000000001,48,4
STU_17999,1.7,85.2,57,3
STU_18281,2.87,75.7,15,1
STU_18416,2.4899999999999998,83.51428571428572,87,7
STU_18636,2.7800000000000002,88.58,90,5
STU_18678,2.496,85.66,87,5
STU_18752,2.6100000000000003,89.75,60,4
STU_18800,2.5799999999999996,85.28,75,5
STU_17705,3.026666666666667,81.60000000000001,42,3
STU_17768,2.31,84.725,60,4
STU_17857,2.55,88.7,12,1
STU_17986,2.7628571428571425,82.34285714285716,105,7
STU_18685,2.5614285714285714,88.3,105,7
STU_18757,2.25,88.4,15,1
STU_18843,3.05,84.5,30,2
STU_18857,2.11,82.86666666666666,42,3
STU_19300,3.44,94.1,9,1
STU_19413,3.125,84.0,27,2
STU_19467,2.8333333333333335,86.03333333333335,39,3
STU_19635,2.9639999999999995,82.02,57,5
STU_19752,2.356666666666667,82.76666666666667,33,3
STU_19852,2.6000000000000005,88.21249999999999,120,8
STU_19860,2.73,88.94999999999999,36,2
STU_19864,2.6399999999999997,83.64000000000001,75,5
STU_18175,3.226,79.61999999999999,75,5
STU_18216,2.8280000000000003,85.1,78,5
STU_18689,1.93,88.7,15,1
STU_18873,2.5925,88.02499999999999,57,4
STU_19077,2.6900000000000004,78.325,60,4
STU_19396,2.165,87.0,30,2
STU_19631,2.572,83.02000000000001,72,5
STU_19856,2.65,96.03333333333335,48,3
STU_19979,3.164,84.78,75,5
STU_17785,2.745,95.85,30,2
STU_17977,2.62,88.5,15,1
STU_18129,2.51,91.05,30,2
STU_18248,2.3225,84.55000000000001,60,4
STU_18433,2.97,82.7,15,1
STU_18591,2.2762499999999997,84.2875,120,8
STU_18852,2.04,91.7,24,2
STU_18918,2.76375,81.4,123,8
STU_19022,2.63,93.2,12,1
STU_19102,2.4450000000000003,89.45,24,2
STU_19130,1.3,88.55,36,2
STU_19155,2.9066666666666663,89.63333333333333,45,3
STU_19208,2.99,84.25,30,2
STU_19332,3.4,96.6,15,1
STU_19923,2.55875,88.61250000000001,117,8
STU_17831,2.766666666666666,89.83333333333333,99,6
STU_18402,2.145,90.7,36,2
STU_18767,2.7099999999999995,82.7,90,6
STU_18895,2.595,75.81666666666666,90,7
STU_18978,2.4787500000000002,84.3875,144,8
STU_19120,3.29,87.2,12,1
STU_19597,2.305,89.35000000000001,60,4
STU_19666,3.2087500000000007,84.38749999999999,93,8
STU_17641,3.025,82.07499999999999,66,4
STU_17752,3.32,95.9,12,1
STU_17765,2.6550000000000002,92.85,27,2
STU_17858,2.063333333333333,88.76666666666667,48,3
STU_17969,3.71,94.8,15,1
STU_18659,2.397142857142857,83.21428571428571,105,8
STU_18722,3.1550000000000002,87.9,24,2
STU_18875,1.95,95.2,15,1
STU_18903,2.3720000000000003,85.12,84,5
STU_18936,2.5749999999999997,83.7,57,4
STU_19071,2.16,82.1,12,1
STU_19113,2.2600000000000002,73.82857142857142,105,7
STU_19470,2.96,93.18,72,5
STU_19803,2.44,78.53333333333333,36,3
STU_19826,2.6514285714285712,82.10000000000001,87,7
STU_17632,3.2566666666666664,92.46666666666665,45,3
STU_17763,2.62,88.4,15,1
STU_17877,2.965,86.11250000000001,123,8
STU_17939,2.6,84.75,30,2
STU_17955,2.77875,86.05,123,8
STU_18059,3.17,94.2,18,1
STU_18067,2.33,81.86666666666666,54,3
STU_18183,1.5366666666666664,79.16666666666667,54,3
STU_18371,2.534,90.66000000000001,90,5
STU_18450,2.9433333333333334,87.5,48,3
STU_19025,2.526,88.1,63,5
STU_19195,2.385,84.3,120,8
STU_19260,2.35,96.0,15,1
STU_19349,1.6733333333333336,79.33333333333334,102,6
STU_19768,2.99,95.3,12,1
STU_17655,3.58,89.65,30,2
STU_17656,2.8150000000000004,85.8,147,8
STU_18076,2.2379999999999995,80.17999999999999,72,5
STU_18246,1.77,91.75,36,2
STU_18297,2.91,88.09999999999998,45,3
STU_18390,2.73,97.16666666666667,57,3
STU_18979,1.9625,79.9,57,4
STU_19061,3.13,82.96000000000001,66,5
STU_19074,3.125,83.94999999999999,27,2
STU_19440,2.605,79.1,30,2
STU_19486,2.5066666666666664,93.3,48,3
STU_19537,2.9566666666666666,90.46666666666665,48,3
STU_19713,2.32,84.53333333333332,51,3
STU_19909,2.716666666666667,82.71666666666667,87,6
STU_17673,3.1,89.2,33,3
STU_17743,2.92,90.5,18,1
STU_18030,2.4887499999999996,84.825,120,8
STU_18578,3.1,83.05,36,2
STU_18582,2.51,90.1,15,1
STU_19134,2.4800000000000004,88.5,30,2
STU_19221,2.401666666666667,86.94999999999999,93,6
STU_19642,3.25,98.2,12,1
STU_17704,2.403333333333333,75.06666666666666,90,6
STU_17774,2.69,95.4,18,1
STU_18023,2.3000000000000003,78.2,42,3
STU_18220,2.6425,85.1,48,4
STU_18459,2.513333333333333,84.60000000000001,48,3
STU_18602,2.64,81.9,39,2
STU_18932,2.465,89.75,30,2
STU_18950,2.634,83.9,75,5
STU_19111,2.79,84.4,15,1
STU_19347,3.0625,80.975,60,4
STU_19568,2.6133333333333333,90.73333333333335,36,3
STU_19619,2.7433333333333336,87.5,93,6
STU_19836,2.4050000000000002,92.9,36,2
STU_17751,2.75,89.53333333333335,45,3
STU_17887,2.4099999999999997,84.75999999999999,90,5
STU_18439,3.0012499999999993,88.62499999999999,120,8
STU_18455,2.4250000000000003,83.39999999999999,72,6
STU_18570,2.8775,90.25,48,4
STU_18573,2.6100000000000003,88.52000000000001,90,5
STU_18781,2.8975,91.07499999999999,66,4
STU_19817,3.2725,90.5,60,4
STU_19821,2.54,82.6,24,2
STU_17687,2.75,84.69999999999999,72,4
STU_17934,2.53,89.8,12,1
STU_17985,3.0599999999999996,86.4,30,2
STU_18164,1.835,83.87500000000001,48,4
STU_18592,2.476,89.58,75,5
STU_18753,2.548571428571429,85.11428571428573,105,7
STU_19003,3.2325,84.975,69,4
STU_19057,3.14,92.45,30,2
STU_19191,2.54,81.5,18,1
STU_19564,2.334,88.4,75,5
STU_19649,1.58,91.9,15,1
STU_19804,3.16,94.1,15,1
STU_19973,2.7199999999999998,83.05,36,2
STU_17881,2.6999999999999997,81.36666666666666,42,3
STU_17919,2.7920000000000003,85.52,90,5
STU_17943,2.9933333333333336,84.33333333333333,45,3
STU_18119,2.5700000000000003,76.18,90,5
STU_18160,2.3871428571428575,85.6,78,7
STU_18172,2.94,85.9,15,1
STU_18219,2.07,88.6,18,1
STU_18641,3.43,91.8,15,1
STU_18684,2.6425,89.225,54,4
STU_18749,2.74625,81.47500000000001,120,8
STU_19214,2.725,83.83333333333333,84,6
STU_19390,2.8225,83.9875,120,8
STU_19757,2.8800000000000003,89.5,39,3
STU_17671,3.1999999999999997,85.46666666666665,33,3
STU_18809,2.885,85.95,27,2
STU_18814,2.447142857142857,84.5,102,7
STU_18988,3.0133333333333336,90.39999999999999,57,3
STU_19039,2.26,86.9,21,1
STU_19368,3.1166666666666667,90.8,36,3
STU_19373,3.2425,88.7,120,8
STU_19797,2.81,91.4,15,1
STU_19951,2.586,82.88,72,5
STU_17874,2.275,91.9,30,2
STU_18121,2.5366666666666666,88.16666666666667,33,3
STU_18284,2.48,79.67142857142856,99,7
STU_18537,2.7662500000000003,86.07499999999999,120,8
STU_18604,2.5912500000000005,80.73750000000001,111,8
STU_18954,3.585,88.15,30,2
STU_19326,2.8274999999999997,85.0,63,4
STU_19340,2.212,83.55999999999999,75,5
STU_19477,3.126666666666667,91.43333333333332,30,3
STU_19630,2.694,81.84,81,5
STU_19832,2.804,86.8,90,5
STU_17806,2.763333333333333,83.46666666666665,48,3
STU_18332,2.78,94.1,15,1
STU_19014,2.802,85.61999999999999,78,5
STU_19129,2.9266666666666663,89.76666666666667,48,3
STU_17997,2.75,86.65,33,2
STU_18632,3.65,77.1,18,1
STU_18662,3.117142857142857,87.77142857142859,84,7
STU_19072,2.435,86.2,75,4
STU_19097,2.5671428571428576,89.11428571428571,126,7
STU_19133,3.393333333333333,91.33333333333333,45,3
STU_19242,2.9333333333333336,80.93333333333332,69,6
STU_19950,2.4299999999999997,91.66666666666667,54,3
STU_18178,2.4966666666666666,93.53333333333335,45,3
STU_18270,2.6125,90.5,66,4
STU_18943,2.19,81.7,60,4
STU_19060,2.712,87.86,78,5
STU_19189,3.23,87.2,18,1
STU_17631,2.96,84.2,12,1
STU_17870,2.12,87.60000000000001,54,3
STU_18170,2.6224999999999996,86.3,63,4
STU_18240,3.4500000000000006,91.23333333333333,45,3
STU_18292,2.96,96.1,15,1
STU_18556,2.005,87.9,36,2
STU_18849,2.06,77.0,15,1
STU_18926,2.263333333333333,85.19999999999999,72,6
STU_19192,2.45,89.8,18,1
STU_19417,2.43,84.9,12,1
STU_19468,2.63,97.9,15,1
STU_19471,2.9,81.9,30,2
STU_18154,3.53,89.6,15,1
STU_18334,2.2899999999999996,88.7,42,3
STU_18391,3.0749999999999997,89.7,72,6
STU_18763,3.02,80.7,24,2
STU_19261,3.1825,84.625,54,4
STU_19286,2.9483333333333337,79.25,90,6
STU_19610,2.8228571428571425,85.08571428571429,108,7
STU_19991,2.4379999999999997,92.58000000000001,72,5
STU_17649,2.12,87.60000000000001,108,7
STU_17762,2.84125,85.525,120,8
STU_17813,2.865,98.05,60,4
STU_17965,2.742,83.08,90,5
STU_18034,1.8499999999999999,86.3,69,4
STU_18312,2.1312499999999996,85.71249999999999,120,8
STU_18421,2.615,89.85,30,2
STU_18813,2.728333333333333,85.88333333333334,90,6
STU_18970,2.628,78.7,78,5
STU_19122,2.6975,88.225,60,4
STU_19215,3.1975,83.3125,123,8
STU_19254,2.762,86.42,78,5
STU_19428,2.36,78.36666666666666,51,3
STU_19604,2.793333333333333,90.63333333333333,45,3
STU_19636,2.3575,94.74999999999999,60,4
STU_19677,3.09,93.35,30,2
STU_19733,2.5587499999999994,87.95,114,8
STU_17718,2.865,84.44999999999999,30,2
STU_18079,2.98,87.95,24,2
STU_18082,3.165,83.85,30,2
STU_18171,2.8475,84.55000000000001,45,4
STU_18239,2.8249999999999997,87.2,66,6
STU_18304,3.61,96.4,15,1
STU_19095,2.67,91.6,15,1
STU_19207,3.0766666666666667,91.59999999999998,54,3
STU_19462,3.35,86.3,18,1
STU_19495,1.91,86.8,18,1
STU_19511,2.78,78.525,60,4
STU_19512,2.95,87.5,30,2
STU_19551,2.69,88.4,30,2
STU_17900,2.295,83.26250000000002,144,8
STU_18073,2.605,87.15000000000002,93,6
STU_18437,3.06,85.9,12,1
STU_18524,1.7414285714285715,83.75714285714285,90,7
STU_18961,2.12,85.9,15,1
STU_19000,3.145,86.1,30,2
STU_19062,2.855,88.5,60,4
STU_19136,3.105,84.95,48,4
STU_19227,3.61,81.7,15,1
STU_17749,2.1525,77.89999999999999,48,4
STU_17825,2.07,87.2,24,2
STU_17902,2.5783333333333336,83.41666666666667,90,6
STU_18244,2.5250000000000004,83.8,24,2
STU_18448,3.2,83.46,75,5
STU_18479,2.45,83.3,15,1
STU_18547,3.08,83.0,18,1
STU_19028,2.32,87.13333333333333,45,3
STU_19032,2.7824999999999998,82.875,120,8
STU_19083,2.4379999999999997,83.35999999999999,75,5
STU_19344,2.612,86.53999999999999,72,5
STU_19676,2.015,82.18333333333332,90,7
STU_17894,3.64,83.6,15,1
STU_18048,2.6,89.13333333333333,108,6
STU_18222,2.898,77.92,57,5
STU_18340,3.545,91.1,24,2
STU_18411,2.2224999999999997,81.525,60,4
STU_18491,2.98,85.6,15,1
STU_18574,3.14,83.2,15,1
STU_18607,3.046,77.78,75,5
STU_18615,2.9466666666666668,91.60000000000001,87,6
STU_19100,2.7,74.3,30,2
STU_19324,2.55,80.5,54,3
STU_19438,1.8933333333333333,87.5,45,3
STU_19917,2.766,70.7,60,5
STU_19939,2.8525,79.225,63,4
STU_17724,3.045,87.6,30,2
STU_17802,3.59,95.2,12,1
STU_17923,3.2800000000000002,88.4,78,5
STU_18173,2.565,85.95,36,2
STU_18324,3.2525,88.92500000000001,45,4
STU_18431,1.905,87.225,66,4
STU_18502,2.634,84.61999999999999,75,5
STU_18538,3.08,94.4,33,2
STU_18736,2.647142857142857,84.38571428571429,105,7
STU_18796,3.2099999999999995,87.39999999999999,48,3
STU_18836,3.27,79.93333333333332,48,3
STU_19556,3.0,85.26666666666667,45,3
STU_19720,2.8600000000000003,90.55000000000001,30,2
STU_19827,3.2039999999999993,83.47999999999999,72,5
STU_19914,2.901666666666667,88.05,96,6
STU_17732,2.508571428571429,88.32857142857142,102,7
STU_17907,2.8080000000000003,79.7,72,5
STU_18639,1.55,86.7,15,1
STU_18640,3.024,79.04,90,5
STU_18647,2.892,87.88000000000001,90,5
STU_18702,2.636666666666667,83.71666666666665,90,6
STU_19246,3.45,89.15,24,2
STU_19290,3.1833333333333336,86.60000000000001,45,3
STU_19381,2.62,80.4,18,1
STU_19397,1.5999999999999999,82.26666666666667,48,3
STU_19553,2.513333333333333,84.86666666666667,42,3
STU_19701,3.1275000000000004,87.35000000000001,75,4
STU_19756,2.6187500000000004,91.58749999999999,117,8
STU_17722,2.9350000000000005,87.525,57,4
STU_17862,3.0759999999999996,89.16,78,5
STU_18599,2.252,83.4,75,5
STU_18611,2.82,90.25,69,4
STU_19237,2.8166666666666664,86.86666666666667,51,3
STU_19408,2.7566666666666664,74.66666666666667,45,3
STU_19728,2.7800000000000002,79.525,60,4
STU_19996,2.5100000000000002,87.48750000000001,105,8
STU_17956,2.3375,87.91250000000001,114,8
STU_17959,3.0949999999999998,94.35,33,2
STU_18022,3.09,83.6,60,4
STU_18529,2.5533333333333332,88.16666666666667,48,3
STU_18634,2.76,95.1,18,1
STU_18887,2.78,87.1,15,1
STU_18928,2.6500000000000004,87.57499999999999,75,4
STU_19038,2.3766666666666665,73.76666666666667,42,3
STU_19040,2.24,89.9,18,1
STU_18247,3.02,81.4,15,1
STU_18264,2.1387500000000004,85.68750000000001,120,8
STU_18271,3.05,85.05,30,2
STU_18554,3.235,86.3,30,2
STU_18577,2.5475,85.525,66,4
STU_18593,2.74,90.15,30,2
STU_18674,2.624,87.08000000000001,63,5
STU_19024,3.0785714285714283,86.48571428571428,105,7
STU_19370,2.8025,82.77499999999999,57,4
STU_19437,2.38375,83.26249999999999,111,8
STU_19542,2.12,91.0,15,1
STU_19560,2.765,89.6,69,4
STU_19621,3.175,84.2,18,2
STU_19915,2.65,89.8,57,4
STU_19941,2.4983333333333335,85.34999999999998,75,6
STU_19956,2.848,85.14000000000001,78,5
STU_18039,2.9675000000000002,87.79999999999998,72,4
STU_18114,2.585,88.85,36,2
STU_18163,2.22,79.6,33,3
STU_18773,2.746,81.3,78,5
STU_19138,2.8000000000000003,85.23333333333333,45,3
STU_19205,2.558,85.28,81,5
STU_19718,2.6325000000000003,78.77499999999999,102,8
STU_17699,2.415,85.75,30,2
STU_17700,3.1950000000000003,90.9,36,2
STU_17746,3.176666666666667,86.46666666666665,45,3
STU_17864,2.5949999999999998,87.75,27,2
STU_17883,3.106666666666667,90.16666666666667,45,3
STU_18465,1.91,83.1,72,4
STU_18707,3.26,85.21666666666668,75,6
STU_18964,3.1833333333333336,90.33333333333333,42,3
STU_19285,2.7875,87.05000000000001,117,8
STU_19684,2.8837499999999996,85.925,126,8
STU_19802,2.34,85.9,72,4
STU_17731,2.9450000000000003,90.9,30,2
STU_17783,3.1300000000000003,83.66666666666666,90,6
STU_18037,2.563333333333333,90.63333333333333,93,6
STU_18169,2.5999999999999996,80.7,45,3
STU_18481,2.6725,90.65,63,4
STU_18526,3.186,89.08,63,5
STU_18868,2.6325000000000003,79.91250000000001,105,8
STU_19258,2.136,86.19999999999999,90,5
STU_19458,3.376666666666667,93.10000000000001,45,3
STU_19518,2.405,90.9,30,2
STU_19893,2.5766666666666667,88.86666666666666,33,3
STU_17646,2.7150000000000003,83.0,51,4
STU_18094,1.8733333333333333,90.06666666666666,36,3
STU_18330,2.774,86.6,75,6
STU_18595,2.6399999999999997,81.51428571428572,129,7
STU_18619,2.52,100.0,30,2
STU_18820,2.7475,85.92500000000001,60,4
STU_18900,3.18,96.4,15,1
STU_18910,3.28,90.6,15,1
STU_18986,2.2587499999999996,83.27500000000002,147,8
STU_19050,2.85,87.60000000000001,45,3
STU_19527,3.3842857142857143,83.67142857142858,84,7
STU_19614,2.77,81.4,15,1
STU_19628,2.7424999999999997,86.025,45,4
STU_19846,2.746666666666666,82.45,87,6
STU_17658,1.795,82.725,72,4
STU_17963,2.8833333333333333,84.8,48,3
STU_18054,3.1166666666666667,89.5,54,3
STU_18168,3.1,73.16666666666667,45,3
STU_18393,2.73,88.61666666666667,75,6
STU_18487,3.46,81.1,15,1
STU_18567,2.2975,88.275,51,4
STU_19269,2.818,81.18,78,5
STU_19327,2.9371428571428573,84.89999999999999,99,7
STU_19429,3.0566666666666666,92.7,45,3
STU_19569,2.8033333333333332,95.33333333333333,36,3
STU_19988,2.6699999999999995,84.7,75,5
STU_17843,2.0949999999999998,80.8,30,2
STU_17983,2.64,82.0,36,2
STU_18017,2.6966666666666668,80.0,90,6
STU_18021,3.085,86.3,27,2
STU_18325,3.01,80.5,27,2
STU_18430,1.76,89.65,24,2
STU_18539,2.6725,85.35,60,4
STU_18540,1.72,88.7,18,1
STU_18568,3.233333333333333,88.56666666666666,108,6
STU_18774,3.13,85.80000000000001,30,2
STU_18824,2.926666666666667,84.36666666666666,48,3
STU_19090,3.0075,86.925,72,4
STU_19675,2.91125,83.7625,99,8
STU_19710,2.8528571428571428,89.10000000000001,99,7
STU_17668,2.86,88.96666666666665,36,3
STU_17832,3.195,91.45,30,2
STU_17950,2.572,91.74000000000001,75,5
STU_18042,2.4850000000000003,85.2625,120,8
STU_18200,1.93,87.65,36,2
STU_18250,2.1125,84.925,66,4
STU_18372,2.55,86.6,18,1
STU_18559,2.3299999999999996,82.2,51,3
STU_18700,3.043333333333333,90.3,39,3
STU_18703,2.7600000000000002,79.72,60,5
STU_18761,2.99,82.17500000000001,57,4
STU_19539,2.842,85.04,96,5
STU_19714,3.0525,87.475,57,4
STU_18420,2.78,89.1,15,1
STU_18521,2.4612499999999997,74.5875,123,8
STU_18600,3.73,89.3,12,1
STU_19080,3.28,87.97500000000001,42,4
STU_19226,2.79,94.5,15,1
STU_19293,2.53,91.9,15,1
STU_19550,3.0,88.6,30,2
STU_19704,2.4650000000000003,87.33333333333333,87,6
STU_17710,2.35625,83.13749999999999,147,8
STU_17784,2.875,78.775,72,4
STU_18056,3.14,92.43333333333334,45,3
STU_18424,2.79,88.67500000000001,48,4
STU_18951,2.68,88.3,12,1
STU_19141,2.266666666666667,79.26666666666667,54,3
STU_19520,3.1224999999999996,80.65,63,4
STU_19578,3.165714285714286,85.97142857142856,99,7
STU_19591,2.731666666666667,74.89999999999999,96,6
STU_19711,2.3,88.5,15,1
STU_19781,2.73,89.66666666666667,57,3
STU_19883,2.57,94.3,18,1
STU_19986,2.46,86.8,18,1
STU_17626,2.825,76.1,33,2
STU_17795,2.31,89.70000000000002,57,5
STU_17848,2.9450000000000003,85.87499999999999,117,8
STU_17914,2.5366666666666666,79.93333333333334,93,6
STU_18097,2.6114285714285717,76.38571428571429,102,7
STU_18110,2.9166666666666665,83.8,36,3
STU_18262,2.85875,82.325,123,8
STU_18394,3.58,85.8,18,1
STU_18475,2.4175,77.075,60,4
STU_18511,2.8633333333333333,88.13333333333333,39,3
STU_18720,3.355,87.05,45,5
STU_19048,2.77375,82.75,114,8
STU_19203,3.245,90.80000000000001,30,2
STU_19412,2.87,85.25,27,2
STU_19418,2.946,89.32,75,5
STU_19466,2.7866666666666666,85.11666666666667,87,6
STU_19638,2.9875,89.17500000000001,48,4
STU_19859,2.24,82.75,30,2
STU_19910,2.48,86.82000000000001,60,5
STU_17672,2.5175,85.125,63,4
STU_17812,2.2750000000000004,91.0,30,2
STU_18118,2.31,88.1,30,2
STU_18338,1.8833333333333335,84.46666666666665,54,3
STU_18728,2.64,88.83333333333333,42,3
STU_18992,2.43,87.3,18,1
STU_19047,2.27,83.76666666666667,36,3
STU_19294,3.57,93.2,15,1
STU_19507,2.8449999999999998,92.45,24,2
STU_19613,1.67,76.9,18,1
STU_19754,2.33,86.55000000000001,36,2
STU_19843,3.07,86.6,15,1
STU_18116,2.4414285714285717,86.54285714285716,87,7
STU_18743,2.95,86.7,15,1
STU_19455,2.77,86.89999999999999,93,6
STU_19519,2.9387499999999998,88.30000000000001,144,8
STU_19615,3.3525,93.625,57,4
STU_19712,2.73,90.7,15,1
STU_19957,3.046666666666667,87.26666666666665,39,3
STU_17817,3.43,82.6,15,1
STU_18106,2.3325,77.175,60,4
STU_18496,2.6500000000000004,85.75,33,2
STU_18865,2.5883333333333334,85.45,75,6
STU_19279,3.16,89.4,12,1
STU_19301,2.0928571428571425,86.62857142857142,123,7
STU_19409,3.0549999999999997,95.8,30,2
STU_19474,3.1271428571428572,81.41428571428571,105,7
STU_19618,2.915,87.05,33,2
STU_19682,3.05,86.15,30,2
STU_19933,1.9816666666666665,81.26666666666667,93,6
STU_19948,2.8200000000000003,91.5,30,2
STU_17953,3.098333333333334,78.55,90,6
STU_18158,2.88,87.9,15,1
STU_18186,2.025,86.2,33,2
STU_18355,2.965,89.85,30,2
STU_18489,2.8525,83.32499999999999,51,4
STU_18850,2.9239999999999995,93.16,75,5
STU_18891,2.47,94.4,15,1
STU_18983,2.4175000000000004,81.89999999999999,60,4
STU_19087,3.186666666666667,84.46666666666667,39,3
STU_19179,2.932,86.64,96,5
STU_19372,2.96,86.10000000000001,48,4
STU_19529,1.8449999999999998,85.7,30,2
STU_19552,2.83,93.0,18,1
STU_19611,3.29,85.55000000000001,36,2
STU_19731,1.7799999999999998,86.94999999999999,36,2
STU_19954,3.015,90.8,30,2
STU_19984,2.36,83.7,15,1
STU_18260,2.54,86.84,75,5
STU_18594,2.9025000000000003,83.0,60,4
STU_18842,2.4633333333333334,89.23333333333333,39,3
STU_18863,2.32,92.9,15,1
STU_18870,2.42,87.4,18,1
STU_19092,2.8699999999999997,88.10000000000001,45,4
STU_19108,2.8362499999999997,84.15,90,8
STU_19367,2.685,84.44999999999999,30,2
STU_19439,2.7250000000000005,76.24999999999999,120,8
STU_17807,2.31,81.81666666666668,72,6
STU_17972,2.56,89.19999999999999,111,6
STU_18137,2.56,81.0,12,1
STU_18382,2.82375,83.0875,96,8
STU_18504,2.7650000000000006,86.85000000000001,90,6
STU_18609,2.0,82.9,90,6
STU_18723,2.8466666666666662,87.43333333333334,36,3
STU_18798,2.4419999999999997,78.55999999999999,78,5
STU_19445,2.545,91.1375,102,8
STU_19480,2.22,86.3,18,1
STU_19632,2.31,85.7,12,1
STU_19674,3.45,94.4,18,1
STU_19742,2.5799999999999996,80.64999999999999,87,6
STU_19943,2.7,78.26,75,5
STU_17645,2.8,83.05,60,4
STU_17842,2.926666666666667,84.16666666666667,93,6
STU_17949,3.205,92.25,27,2
STU_18909,2.277142857142857,75.14285714285714,99,7
STU_19019,2.4349999999999996,80.9375,126,8
STU_19384,2.11,86.46666666666665,51,3
STU_19748,2.97,88.4,15,1
STU_19766,3.393333333333333,83.06666666666666,54,3
STU_19932,2.74,82.3,15,1
STU_17820,2.65625,88.6,123,8
STU_17865,2.9766666666666666,88.8,48,3
STU_18187,2.475,92.05000000000001,60,4
STU_18205,3.17,82.4,27,2
STU_18236,2.9050000000000002,80.9,21,2
STU_18419,2.33,83.33333333333333,33,3
STU_18560,2.68,89.0,15,1
STU_18696,2.64,84.8,15,1
STU_18717,2.885,83.55000000000001,30,2
STU_18786,2.5700000000000003,88.14999999999999,93,6
STU_18844,2.1725,79.975,66,4
STU_17876,2.9174999999999995,79.65,60,4
STU_18194,2.6399999999999997,86.65,27,2
STU_18335,2.55,88.5,12,1
STU_18356,3.108,80.26,75,5
STU_18483,2.205,88.65,36,2
STU_18790,2.3049999999999997,81.81666666666668,87,6
STU_18880,1.96,91.0,18,1
STU_19004,2.178,85.32000000000001,78,5
STU_19099,2.1899999999999995,89.57499999999999,63,4
STU_19252,2.956666666666667,92.13333333333333,48,3
STU_19276,2.7266666666666666,85.39999999999999,45,3
STU_19648,2.6975,89.125,69,4
STU_19744,3.24,87.5,39,3
STU_19820,2.86,86.7,12,1
STU_17628,2.47,88.9,15,1
STU_17886,2.793333333333333,81.3,45,3
STU_17971,2.85,80.375,123,8
STU_18207,2.6580000000000004,90.88,72,5
STU_18320,3.195,84.65,21,2
STU_18492,2.49,77.25,33,2
STU_18535,2.7525000000000004,86.9,93,8
STU_18642,2.308333333333333,82.53333333333332,75,6
STU_18892,2.838,85.08,63,5
STU_19054,2.775,84.65,63,4
STU_19219,2.71,81.7,15,1
STU_19771,1.535,82.3,33,2
STU_19993,2.545714285714286,83.05714285714285,84,7
STU_17844,3.26,84.4,15,1
STU_17895,2.616,85.96,78,5
STU_17910,3.45,89.3,15,1
STU_18265,3.71,92.6,15,1
STU_18405,2.5933333333333333,82.2,39,3
STU_18548,2.48,90.4,18,1
STU_18861,1.96,87.23333333333333,45,3
STU_19250,3.0275,81.625,57,4
STU_19277,2.5933333333333333,83.63333333333333,54,3
STU_19391,3.0766666666666667,87.03333333333335,42,3
STU_19573,2.995,91.3,24,2
STU_19787,2.95,89.6,30,2
STU_19823,3.4050000000000002,92.19999999999999,24,2
STU_19842,2.26,95.5,48,3
STU_17675,3.0833333333333335,85.80000000000001,45,3
STU_17694,2.625,81.875,54,4
STU_17908,2.936666666666667,86.43333333333334,36,3
STU_18225,2.91875,75.57499999999999,99,8
STU_18326,3.248333333333333,84.55,63,6
STU_18579,2.855,90.0,48,4
STU_18670,2.58125,76.3125,93,8
STU_18690,2.5175,75.275,60,4
STU_18818,2.6500000000000004,89.3,36,2
STU_19124,3.2775,88.175,60,4
STU_19146,2.853333333333333,83.89999999999999,90,6
STU_19212,2.462,92.0,93,5
STU_19216,2.84,91.3,18,1
STU_19723,2.36,79.63333333333334,36,3
STU_19741,2.3049999999999997,86.35,63,4
STU_19763,2.6300000000000003,90.14999999999999,60,4
STU_19884,3.18,98.6,12,1
STU_17643,3.233333333333333,88.13333333333333,54,3
STU_18053,3.151666666666667,87.45,90,6
STU_18139,2.7175,86.85,60,4
STU_18383,3.575,86.45,24,2
STU_18493,3.2983333333333333,88.03333333333335,108,6
STU_18808,2.2657142857142856,81.01428571428572,105,7
STU_18981,2.63,85.4,15,1
STU_19554,3.37,97.0,15,1
STU_19779,3.2833333333333337,93.03333333333335,45,3
STU_19966,3.075,83.85,30,2
STU_17726,2.99,85.29999999999998,57,4
STU_18586,3.0033333333333334,80.7,42,3
STU_18742,2.601666666666667,88.0,72,6
STU_18788,2.0942857142857143,78.01428571428572,120,7
STU_19256,3.295,91.9,24,2
STU_19320,3.2199999999999998,87.15,57,4
STU_19363,2.66,89.72500000000001,45,4
STU_19764,2.14,92.2,15,1
STU_19765,2.457142857142857,84.8,114,7
STU_17878,2.9,87.9,12,1
STU_18035,3.165714285714286,82.47142857142856,105,7
STU_18104,2.57,86.8,15,1
STU_18380,2.3,87.3,18,1
STU_18387,2.7,83.36,75,5
STU_18697,2.9040000000000004,82.02,69,5
STU_18829,2.8,96.1,9,1
STU_18939,2.625,88.61666666666666,93,6
STU_19365,3.2199999999999998,88.05,30,2
STU_19625,3.063333333333334,93.39999999999999,45,3
STU_19922,2.91,90.35,24,2
STU_19962,2.824,83.39999999999999,75,5
STU_17680,2.5666666666666664,81.6,45,3
STU_18279,2.2800000000000002,87.15,30,2
STU_18316,2.43,77.125,48,4
STU_18708,2.8575,83.63749999999999,93,8
STU_19041,2.99,92.7,15,1
STU_19270,1.9142857142857144,83.07142857142857,108,7
STU_19671,2.505,85.45,90,6
STU_19691,3.57,85.6,12,1
STU_19992,2.774,88.92,93,5
STU_17879,3.074,81.75999999999999,75,5
STU_18043,2.8312499999999994,85.7,120,8
STU_18294,2.6066666666666665,85.26666666666667,48,3
STU_18359,3.08,86.5,12,1
STU_18484,3.29,94.7,15,1
STU_18623,3.0500000000000003,84.48333333333333,72,6
STU_18959,3.2325,85.75,72,4
STU_18997,3.2600000000000002,95.05714285714284,81,7
STU_19248,2.8,88.85,39,2
STU_19451,2.1183333333333327,85.98333333333333,72,6
STU_19526,2.733333333333333,85.5,45,3
STU_19897,2.605,77.55,27,2
STU_17693,3.375,85.4,30,2
STU_17737,2.84,85.1,33,2
STU_17867,2.861666666666667,82.95,72,6
STU_18365,2.766666666666667,88.53333333333335,87,6
STU_18621,2.36,89.4,15,1
STU_19114,2.6914285714285717,86.04285714285713,84,7
STU_19434,2.315,83.95,36,2
STU_19656,3.15,95.3,51,3
STU_17901,2.942,86.28,78,5
STU_17926,3.0771428571428574,82.35714285714286,102,7
STU_18075,2.2433333333333336,85.89999999999999,45,3
STU_18395,3.016666666666666,83.8,114,6
STU_18626,2.716,83.3,60,5
STU_18645,2.4400000000000004,88.25,30,2
STU_18878,1.56,92.7,12,1
STU_18899,2.69875,85.5125,141,8
STU_19012,2.56,82.76666666666667,36,3
STU_19085,1.8399999999999999,75.95,63,4
STU_19263,2.556,92.02000000000001,60,5
STU_19389,2.79,87.32,66,5
STU_19479,3.085,90.75,36,2
STU_19687,3.15,95.30000000000001,24,2
STU_19928,2.4233333333333333,86.36666666666667,36,3
STU_17625,2.5225,73.625,123,8
STU_17712,2.698,88.94,75,5
STU_17808,2.4257142857142853,85.54285714285716,111,7
STU_17970,2.482,89.12,78,5
STU_18268,2.69,89.5,15,1
STU_18277,2.2800000000000002,91.75,30,2
STU_18403,2.848,84.56,78,5
STU_18464,2.2625,83.8125,126,8
STU_18637,2.643333333333333,86.73333333333333,36,3
STU_19441,2.96,87.75,57,4
STU_19494,2.974285714285714,81.41428571428571,102,7
STU_19873,3.165,90.65,24,2
STU_19965,2.7842857142857143,82.75714285714287,108,7
STU_18288,2.12,83.11999999999999,87,5
STU_18714,2.692857142857143,83.64285714285712,87,7
STU_18750,2.9779999999999998,83.83999999999999,72,5
STU_18771,2.4749999999999996,92.0,24,2
STU_18830,3.12125,91.3,123,8
STU_19169,2.49,92.94999999999999,33,2
STU_19202,2.765,80.03333333333333,90,6
STU_19213,2.7325,81.45,63,4
STU_19589,3.285,85.69999999999999,30,2
STU_19738,2.6950000000000003,82.44999999999999,30,2
STU_19999,2.745,82.8,27,2
STU_17740,2.5733333333333333,90.13333333333333,36,3
STU_18834,3.241666666666667,93.48333333333333,87,6
STU_18858,2.6999999999999997,89.11666666666667,105,6
STU_19045,2.89,88.6,21,1
STU_19089,3.62,93.8,12,1
STU_19096,3.4033333333333338,87.7,45,3
STU_19244,3.3475,89.17500000000001,60,4
STU_19366,2.806,83.47999999999999,66,5
STU_19880,2.1439999999999997,85.83999999999999,72,5
STU_17644,3.23,84.5,12,1
STU_17922,2.3975,87.26249999999999,138,8
STU_17925,2.6216666666666666,81.96666666666668,93,6
STU_18300,3.1016666666666666,81.76666666666667,75,6
STU_18572,2.9599999999999995,87.13333333333333,93,6
STU_18881,2.5387500000000003,74.575,117,8
STU_18994,2.9449999999999994,91.42500000000001,150,8
STU_18999,2.9857142857142853,88.32857142857142,120,7
STU_19153,2.76,88.0,36,3
STU_19678,1.9760000000000002,79.11999999999999,90,5
STU_19693,3.224,86.22,60,5
STU_19851,2.3,89.45,36,2
STU_17730,2.646666666666667,86.48333333333333,75,6
STU_17771,2.3725,82.875,57,4
STU_17829,2.76,95.3,18,1
STU_18197,2.691666666666667,83.68333333333332,87,6
STU_18488,3.11,88.46666666666665,42,3
STU_18555,2.18,84.0,12,1
STU_19073,3.085,92.1,33,2
STU_19235,2.3825000000000003,87.7375,120,8
STU_19577,2.948,87.53999999999999,81,5
STU_19679,2.415,84.85,30,2
STU_19919,2.955,88.5,48,4
STU_19934,2.9516666666666667,84.6,93,6
STU_18105,2.393333333333333,84.9,42,3
STU_18124,2.7699999999999996,82.72,72,5
STU_18181,2.12,87.9,36,2
STU_18218,3.254,94.78,75,5
STU_18536,3.31,84.75,33,2
STU_19152,3.23,92.9,12,1
STU_19342,2.9287500000000004,86.525,120,8
STU_19535,2.5625,77.02499999999999,45,4
STU_19989,2.7216666666666662,87.96666666666665,105,6
STU_17711,2.69,88.6,15,1
STU_17805,2.809999999999999,83.97142857142858,105,7
STU_18027,2.16,88.6,15,1
STU_18318,1.9449999999999998,88.975,75,4
STU_18339,2.00375,80.2875,123,8
STU_18612,2.97,81.3,18,1
STU_18683,3.48,84.4,27,2
STU_19142,3.0387500000000003,78.22500000000001,111,8
STU_17695,2.82,92.0,9,1
STU_17911,2.66625,87.725,141,8
STU_18045,2.875,86.7,63,4
STU_18068,3.23,79.15,30,2
STU_18192,2.84,78.73333333333333,45,3
STU_18287,2.2199999999999998,86.30000000000001,27,2
STU_18398,2.65,80.78333333333335,72,6
STU_18581,2.386666666666667,84.11666666666667,90,6
STU_18598,2.07625,80.525,123,8
STU_18827,2.495,84.30000000000001,60,4
STU_18854,2.46,83.1,15,1
STU_18893,3.04,95.0,15,1
STU_18904,2.488571428571429,85.2,102,7
STU_19107,2.9,89.3,15,1
STU_19206,2.51,85.5,18,1
STU_19634,2.965,76.5875,117,8
STU_19759,2.63,84.7,57,3
STU_18031,2.3033333333333332,95.23333333333333,90,6
STU_18041,3.33,93.4,15,1
STU_18215,1.87,88.05000000000001,36,2
STU_18322,2.9233333333333333,87.85000000000001,90,6
STU_18451,2.72,83.8,12,1
STU_18590,3.325,90.3,30,2
STU_18597,2.215,88.35,36,2
STU_19042,1.8550000000000002,78.53333333333335,93,6
STU_19069,3.327142857142857,91.28571428571429,105,7
STU_19150,2.808333333333333,87.10000000000001,93,7
STU_19335,1.72,86.3,39,2
STU_19414,3.0925,88.075,48,4
STU_19722,3.06,91.2,21,2
STU_19947,2.6224999999999996,84.8,57,4
STU_19983,2.4266666666666663,84.7,36,3
STU_17676,3.1666666666666665,91.16666666666667,42,3
STU_17788,2.216666666666667,86.26666666666665,54,3
STU_17928,2.18,86.30000000000001,93,6
STU_18011,2.935714285714286,90.47142857142858,105,7
STU_18081,2.6699999999999995,84.34285714285714,102,7
STU_18146,2.715,85.08333333333333,111,6
STU_18366,2.27,90.15,39,2
STU_18423,3.02,85.4,18,1
STU_18859,2.01,89.2,45,3
STU_18993,2.73125,81.325,120,8
STU_19052,2.6125,88.75,72,4
STU_19159,2.81,80.2,18,1
STU_19241,3.0700000000000003,85.3,30,2
STU_19354,2.197142857142857,80.72857142857141,126,7
STU_19514,2.9125,78.1,72,4
STU_19643,3.106666666666667,85.23333333333333,33,3
STU_19895,2.6100000000000003,88.46000000000001,72,5
STU_19908,2.905,92.05,93,6
STU_17811,2.4233333333333333,84.98333333333333,75,6
STU_17845,2.555,78.875,54,4
STU_17987,3.38,88.0,36,2
STU_18057,3.21,84.04999999999998,45,4
STU_18103,2.7675,86.875,96,8
STU_18295,2.973333333333333,91.66666666666667,45,3
STU_18321,2.3866666666666667,86.0,90,6
STU_18601,2.3099999999999996,87.94999999999999,36,2
STU_18705,2.4775,86.0,63,4
STU_18862,2.7816666666666663,83.71666666666667,84,6
STU_18976,2.8,77.5,15,1
STU_19323,3.385,90.7,21,2
STU_19331,3.056,82.38,75,5
STU_19386,3.1687499999999997,86.75,96,8
STU_18185,2.54,88.1,30,2
STU_18633,2.643333333333333,84.73333333333333,45,3
STU_18737,2.862,86.34,87,5
STU_18838,3.085,81.55,36,2
STU_18883,2.464,88.56,90,5
STU_18998,3.465,93.55,33,2
STU_19166,2.87,81.525,45,4
STU_19885,1.5599999999999998,86.96666666666665,54,3
STU_17635,2.6862500000000002,86.48750000000001,93,8
STU_17790,2.858571428571428,84.08571428571427,102,7
STU_17941,2.561666666666666,87.64999999999999,75,6
STU_17990,1.9200000000000004,84.84,81,5
STU_18237,2.855,90.28333333333332,111,6
STU_18333,2.74,91.9,12,1
STU_18805,2.474,77.84,75,5
STU_19144,2.91,84.75714285714287,105,7
STU_19222,2.8033333333333332,88.73333333333335,45,3
STU_19341,2.55875,78.85,114,8
STU_19343,2.7220000000000004,87.64000000000001,60,5
STU_19809,2.433333333333333,85.93333333333334,45,3
STU_19863,2.7025,90.42500000000001,120,8
STU_19995,2.3066666666666666,88.80000000000001,51,3
STU_17741,3.0366666666666666,87.83333333333333,45,3
STU_17819,2.79,84.44999999999999,57,4
STU_17947,2.6825,89.2875,120,8
STU_18089,2.725,86.35,75,4
STU_18746,2.8666666666666667,86.63333333333334,54,3
STU_18828,2.202,83.1,78,5
STU_18953,2.8699999999999997,86.82500000000002,54,4
STU_19002,2.86625,82.2125,102,8
STU_19034,2.5125,91.0625,147,8
STU_19287,2.3957142857142855,87.2,105,7
STU_19489,3.4,90.65,30,2
STU_19547,3.1100000000000003,83.65,30,2
STU_19575,2.8162499999999997,89.63749999999999,99,8
STU_19587,3.0366666666666666,89.26666666666667,42,3
STU_19700,2.73,85.0,15,1
STU_17759,2.525,86.4,36,2
STU_18002,2.7533333333333334,92.7,45,4
STU_18275,2.31,89.0,18,1
STU_18546,2.36,84.7,78,5
STU_18803,3.0083333333333333,90.0,69,6
STU_19443,2.96,88.9,30,2
STU_19668,3.2960000000000003,92.91999999999999,63,5
STU_19727,2.43,83.625,69,4
STU_19788,2.3957142857142855,87.3,99,7
STU_19876,2.9725,84.9,117,8
STU_18047,2.7525,76.525,54,4
STU_18132,3.76,94.2,15,1
STU_18196,2.9842857142857144,79.95714285714287,84,7
STU_18563,3.035,91.5,30,2
STU_18982,2.36,86.65,33,2
STU_19446,2.7874999999999996,85.1375,120,8
STU_19767,3.29,79.8,18,1
STU_19828,3.06,90.1,18,1
STU_17627,2.9574999999999996,82.4625,120,8
STU_17738,2.52,91.1,18,1
STU_17921,2.6566666666666667,92.43333333333334,42,3
STU_18198,2.85,89.0,15,1
STU_18221,1.62,94.0,27,2
STU_18404,2.5425,85.6125,147,8
STU_18952,2.51,86.225,51,4
STU_18977,2.734,85.6,57,5
STU_19126,2.685,80.35,30,2
STU_19379,3.135,89.95,30,2
STU_19717,2.818,85.66,90,5
STU_19855,2.8533333333333335,87.5,45,3
STU_19900,2.195,75.43333333333332,93,6
STU_17946,2.51,89.4,15,1
STU_17962,2.575,93.05000000000001,30,2
STU_18399,2.8375,87.35,57,4
STU_18412,2.325,78.80000000000001,30,2
STU_18470,2.44,89.75,24,2
STU_18506,2.4000000000000004,80.91250000000001,114,8
STU_18514,3.013333333333333,85.96666666666665,36,3
STU_18691,2.54,85.6,12,1
STU_18991,3.0575,81.57499999999999,60,4
STU_19536,2.7899999999999996,89.29999999999998,57,4
STU_17733,3.1799999999999997,80.66666666666667,42,3
STU_17823,2.9675,86.6125,117,8
STU_17937,2.485,81.92500000000001,69,4
STU_17952,2.4,85.17999999999999,75,5
STU_17973,2.9850000000000003,79.67500000000001,48,4
STU_18095,2.422857142857143,88.44285714285715,102,7
STU_18542,2.516666666666666,85.51666666666667,102,6
STU_18622,2.21,84.8,18,1
STU_18765,2.98,85.2,18,1
STU_18816,2.06375,81.0375,126,8
STU_19171,2.5866666666666664,87.58333333333333,75,6
STU_19272,2.8425000000000002,86.0875,90,8
STU_19278,3.81,88.0,18,1
STU_19461,2.3575,88.01249999999999,147,8
STU_19882,2.4966666666666666,87.66666666666667,54,3
STU_20000,3.3899999999999997,91.6,24,2
STU_18123,2.8899999999999997,86.52000000000001,72,5
STU_18375,3.0416666666666665,85.25,96,6
STU_18442,2.8075,84.89999999999999,63,4
STU_18500,2.8716666666666666,88.89999999999999,81,6
STU_18886,2.2199999999999998,88.6,36,2
STU_18984,2.6557142857142852,86.34285714285716,108,7
STU_19106,2.9625,87.3375,117,8
STU_19165,2.804,82.61999999999999,72,5
STU_19602,3.2899999999999996,79.60000000000001,93,6
STU_19853,2.882,82.04,75,5
STU_19907,2.6500000000000004,86.475,57,4
STU_17827,2.1375,83.70000000000002,63,4
STU_18085,2.97,84.3,15,1
STU_18098,3.3466666666666662,89.39999999999999,45,3
STU_18446,3.4850000000000003,90.5,33,2
STU_18756,2.94,84.64,75,5
STU_18958,2.73,77.5375,120,8
STU_19128,2.69625,91.05,117,8
STU_19410,3.335,87.05,54,4
STU_19431,1.9628571428571426,78.74285714285715,78,7
STU_19812,2.636,89.02000000000001,78,5
STU_17826,3.0,82.1,30,2
STU_17903,2.7687499999999994,81.63749999999999,120,8
STU_18245,2.8575,78.08749999999999,99,8
STU_18517,3.1850000000000005,90.76666666666667,93,6
STU_18575,3.0133333333333336,87.33333333333333,51,3
STU_18795,2.835,83.65,33,2
STU_18845,2.6075,86.4,60,4
STU_18957,2.565714285714286,85.7142857142857,78,7
STU_18980,2.918,85.38,69,5
STU_19104,2.29,92.1,15,1
STU_19178,2.8899999999999997,82.65,27,2
STU_19264,2.7950000000000004,78.13333333333333,75,6
STU_19322,2.6816666666666666,86.43333333333334,75,6
STU_19382,3.0250000000000004,79.35,30,2
STU_19681,2.655,90.34999999999998,126,8
STU_17818,2.7166666666666663,89.3,54,3
STU_17846,2.5816666666666666,81.36666666666667,90,6
STU_17880,2.785,81.44999999999999,33,2
STU_18290,2.91,94.0,18,1
STU_18414,2.605,94.5,30,2
STU_18460,2.415,90.65,36,2
STU_18968,2.9466666666666668,83.41666666666666,93,6
STU_19197,3.05,94.4,15,1
STU_19253,2.112,82.84,72,5
STU_19686,2.8066666666666666,88.18333333333334,90,6
STU_19750,2.585714285714286,81.78571428571429,78,8
STU_19911,2.936666666666667,82.83333333333333,72,6
STU_18140,2.26,87.0,75,5
STU_18680,2.8075,84.4,54,4
STU_18780,3.348,88.66000000000001,75,5
STU_18804,3.16,88.5,12,1
STU_18946,2.25,79.5625,117,8
STU_19890,2.56,90.1,15,1
STU_19955,3.2566666666666664,84.33333333333333,42,3
STU_19980,2.7187499999999996,85.5875,144,8
STU_17793,2.40375,85.3,120,8
STU_17849,2.1399999999999997,85.94285714285715,81,7
STU_18261,2.854,85.4,63,5
STU_18361,2.572,78.11999999999999,78,5
STU_18428,1.475,78.475,72,4
STU_18501,2.47,82.7,15,1
STU_18525,2.67,87.3,45,3
STU_18630,2.625,83.33333333333334,93,6
STU_18692,2.1,86.9,30,2
STU_18724,2.93,78.3125,123,8
STU_18811,3.001666666666667,76.05,93,6
STU_18934,2.1185714285714283,86.44285714285715,81,7
STU_19183,2.39,84.80000000000001,45,3
STU_19329,2.775,88.9,24,2
STU_19609,3.29,84.2,30,2
STU_19612,2.325,88.95,30,2
STU_19811,2.396,85.3,90,5
STU_19854,2.63,81.6,18,1
STU_17662,2.73,92.75,30,2
STU_17989,2.9974999999999996,82.975,150,8
STU_18120,3.17,89.95,24,2
STU_18510,3.06,93.3,54,3
STU_18711,1.89,83.0,15,1
STU_18807,2.8049999999999997,87.8,27,2
STU_19084,3.02,87.0,15,1
STU_19187,2.93,94.43333333333334,45,3
STU_19351,3.0066666666666664,88.89999999999999,84,6
STU_19697,2.255714285714286,86.54285714285713,108,7
STU_19942,2.7537499999999993,80.4875,96,8
STU_17834,2.6275,86.125,48,4
STU_17869,2.255,84.69999999999999,30,2
STU_18201,2.915,90.2,24,2
STU_18206,2.8266666666666667,85.06666666666666,39,3
STU_18214,2.9000000000000004,83.76666666666667,36,3
STU_18576,2.79375,85.64999999999999,147,8
STU_18890,3.338,89.46,78,5
STU_19033,2.69,94.1,15,1
STU_19404,1.99,85.7,21,1
STU_19546,2.08,93.2,18,1
STU_19590,2.645,83.65,33,2
STU_19595,3.016666666666667,86.73333333333333,36,3
STU_19830,3.091428571428571,80.22857142857143,102,7
STU_17787,3.3200000000000003,81.15,36,2
STU_17797,2.7900000000000005,85.16666666666667,39,3
STU_17798,3.208333333333334,79.48333333333333,90,6
STU_17830,2.73,89.3,45,3
STU_17974,2.89,86.4,12,1
STU_18015,2.2516666666666665,79.46666666666667,90,6
STU_18374,2.7950000000000004,80.1875,123,8
STU_18381,2.5433333333333334,89.2,45,3
STU_18418,3.013333333333333,83.83333333333333,42,3
STU_18480,3.1133333333333333,85.30000000000001,39,3
STU_18497,2.5066666666666664,84.56666666666668,45,3
STU_18727,3.2,83.30000000000001,33,2
STU_19385,2.13,76.8,18,1
STU_19652,2.79,89.5,15,1
STU_17871,2.78625,83.93750000000001,126,8
STU_17935,3.1000000000000005,83.96000000000001,75,5
STU_18052,2.6719999999999997,83.39999999999999,93,5
STU_18317,2.025,88.0,30,2
STU_18440,3.255,86.15,27,2
STU_18658,2.7640000000000002,90.16,60,5
STU_18908,2.2,84.5,12,1
STU_19180,3.321428571428572,92.22857142857143,84,7
STU_19186,2.8280000000000003,87.2,90,5
STU_19306,2.9975,85.025,45,4
STU_19473,1.768,84.54,60,5
STU_19505,2.256666666666667,90.81666666666666,111,6
STU_19513,2.3512500000000003,86.33749999999999,144,8
STU_19532,3.236666666666667,90.33333333333333,45,3
STU_19548,2.1700000000000004,85.53333333333335,51,3
STU_19565,2.795,84.96666666666665,87,6
STU_19580,3.64,92.1,15,1
STU_19692,2.6759999999999997,81.38,90,5
STU_19936,3.37,93.3,15,1
STU_17723,2.4266666666666663,81.96666666666667,54,3
STU_17850,3.35,95.7,15,1
STU_17896,1.73,93.8,18,1
STU_18438,3.3033333333333332,91.39999999999999,54,3
STU_18731,3.0675,83.33749999999999,120,8
STU_18758,2.3162499999999997,79.4875,123,8
STU_18791,2.7675,82.475,99,8
STU_18971,3.1825,83.27499999999999,63,4
STU_19168,2.67,79.9,15,1
STU_19383,2.5,91.28,72,5
STU_19388,2.6783333333333332,78.05,90,6
STU_19421,2.8419999999999996,89.78,75,5
STU_19484,2.8766666666666665,80.60000000000001,45,3
STU_17681,2.66,84.6,18,1
STU_17796,2.99875,90.16249999999998,123,8
STU_17980,2.7937499999999997,86.32500000000002,123,8
STU_18033,2.7024999999999997,87.57499999999999,72,4
STU_18785,1.945,87.5,30,2
STU_18995,3.1525,85.55000000000001,75,4
STU_19499,2.8975,90.025,72,4
STU_19531,2.65,91.9,15,1
STU_19549,2.76,92.8,18,1
STU_19878,2.3885714285714283,76.24285714285715,108,7
STU_17920,2.71,88.6,24,2
STU_18064,2.625,80.1,30,2
STU_18273,3.0066666666666664,87.3,36,3
STU_18345,3.545,89.30000000000001,21,2
STU_18486,2.785,91.2,33,2
STU_18513,3.685,90.15,36,2
STU_19086,2.735,83.825,63,4
STU_19444,2.3449999999999998,84.85,33,2
STU_19498,2.7520000000000002,89.78,75,5
STU_19506,2.585,87.9,60,4
STU_19600,2.996,85.3,75,5
STU_19835,2.8825000000000003,83.25000000000001,57,4
STU_19938,3.1999999999999997,92.9,54,4
STU_19981,3.1412500000000003,79.96249999999999,120,8
STU_17904,2.8966666666666665,80.86666666666666,42,3
STU_18306,2.3120000000000003,88.67999999999999,60,5
STU_18490,2.3866666666666667,87.7,45,3
STU_18561,2.25,90.2,18,1
STU_18562,2.325,82.14999999999999,60,4
STU_18766,2.575,82.35,108,6
STU_19009,3.325,90.0,30,2
STU_19234,2.6374999999999997,84.89999999999999,45,4
STU_19356,2.5033333333333334,89.89999999999999,72,6
STU_19416,3.162,88.24,81,5
STU_19653,2.8857142857142857,82.81428571428572,96,7
STU_19805,2.14,93.6,24,2
STU_19949,2.882,86.92,75,5
STU_18102,2.48,87.1,18,1
STU_18251,2.6425,88.97500000000001,126,8
STU_18289,1.53,88.9,15,1
STU_18523,2.895,79.7,60,4
STU_18906,3.144285714285714,85.74285714285715,102,7
STU_19296,2.8433333333333333,86.66666666666667,60,3
STU_19562,3.2066666666666666,89.7,45,3
STU_19645,2.8966666666666665,92.34999999999998,87,6
STU_19778,2.1100000000000003,84.85,36,2
STU_17725,2.65,90.08,75,5
STU_17873,3.2050000000000005,87.21666666666668,75,6
STU_18055,2.608571428571428,81.85714285714286,90,7
STU_18314,2.276666666666667,83.76666666666667,57,3
STU_18363,2.97,88.9,12,1
STU_18456,2.08,81.25,30,2
STU_18741,2.5300000000000002,91.4,24,2
STU_18896,2.69,87.0,12,1
STU_18956,3.09,87.7,42,2
STU_19172,2.1033333333333335,81.06666666666666,45,3
STU_19175,2.6571428571428575,81.61428571428573,105,7
STU_19240,3.31,86.7,15,1
STU_19266,2.178,91.82000000000001,78,5
STU_19659,2.4299999999999997,88.3125,144,8
STU_17629,2.035,85.47500000000001,63,4
STU_17652,2.986666666666667,80.56666666666668,36,3
STU_17736,2.2712499999999998,84.96250000000002,123,8
STU_17756,2.753333333333334,88.13333333333333,90,6
STU_17757,3.215,84.85,30,2
STU_18269,2.2962499999999997,81.35,120,8
STU_18348,2.6500000000000004,84.56666666666666,54,3
STU_18377,3.19,81.975,72,4
STU_18454,2.1550000000000002,78.05,30,2
STU_18512,1.9533333333333334,86.46666666666665,48,3
STU_18965,2.93,85.0,15,1
STU_19093,2.7525,83.0,63,4
STU_19298,2.1766666666666663,85.73333333333333,36,3
STU_19299,2.2433333333333336,83.0,48,3
STU_19427,1.62,86.6,39,2
STU_19460,2.81,79.63333333333333,45,3
STU_19875,2.52625,88.65,129,8
STU_17744,2.58,84.6,57,4
STU_18649,2.885714285714286,84.27142857142857,105,7
STU_18740,3.1900000000000004,87.0,30,2
STU_18949,2.8,86.6,15,1
STU_18969,3.0133333333333336,84.2,45,3
STU_19158,2.7,93.3,15,1
STU_19359,3.063333333333334,86.80000000000001,90,6
STU_19465,2.855714285714286,82.32857142857142,78,7
STU_19501,3.02,89.9,15,1
STU_19533,3.008,91.48,60,5
STU_19538,3.325,90.7,24,2
STU_19715,2.645,91.44999999999999,24,2
STU_17755,2.3500000000000005,88.78,93,5
STU_17761,3.17,91.4,15,1
STU_17855,2.915,93.35,33,2
STU_18024,2.825,84.94999999999999,30,2
STU_18211,2.9987500000000002,90.30000000000001,96,8
STU_18905,2.0949999999999998,89.25,36,2
STU_18922,1.55,78.2,15,1
STU_19043,2.25,85.2,78,4
STU_19447,2.6271428571428572,79.27142857142857,102,7
STU_19490,2.4637500000000006,88.49999999999999,123,8
STU_19848,2.5820000000000003,87.84,81,5
STU_17683,2.688333333333333,82.31666666666666,90,6
STU_18026,3.4749999999999996,88.65,30,2
STU_18135,2.98,83.85,27,2
STU_18253,2.9066666666666667,87.06666666666666,45,3
STU_19065,2.9074999999999998,84.025,123,8
STU_19173,2.85875,80.10000000000001,120,8
STU_19233,2.415,88.5,39,2
STU_19295,2.864,89.99999999999999,72,5
STU_19464,2.355,77.35,24,2
STU_19521,2.228,88.67999999999999,60,5
STU_17691,2.88,85.9,15,1
STU_17781,2.812,85.57999999999998,75,5
STU_17882,3.365,87.55000000000001,27,2
STU_17912,2.676666666666667,80.8,54,3
STU_18458,3.0966666666666662,88.76666666666667,45,3
STU_18666,3.034,84.16,72,6
STU_18833,2.473333333333333,78.39999999999999,45,3
STU_19044,2.145,90.25,27,2
STU_19732,2.9375,87.58749999999999,93,8
STU_19783,3.32,87.4,12,1
STU_19814,2.47,84.6,12,1
STU_19906,3.145,94.7,30,2
STU_17719,2.9299999999999997,88.76666666666667,54,3
STU_18660,2.41,93.0,12,1
STU_18772,1.7079999999999997,83.9,84,5
STU_18794,2.7424999999999997,88.225,60,4
STU_19229,2.84625,81.25,123,8
STU_19593,3.122,90.54,84,5
STU_19620,2.57,86.3,18,1
STU_19819,2.8066666666666666,91.5,45,3
STU_19929,2.4825,85.57499999999999,48,4
STU_19963,3.01,94.6,18,1
STU_18280,3.0799999999999996,80.77142857142857,126,7
STU_18841,2.6766666666666663,86.63333333333334,51,3
STU_18915,2.87625,82.38749999999999,117,8
STU_19037,2.686666666666667,96.36666666666667,45,3
STU_19049,2.5,85.7,117,8
STU_19170,1.9075000000000002,86.275,75,4
STU_19394,2.6075,82.875,123,8
STU_19491,1.725,81.275,72,4
STU_19703,2.45,88.0,24,2
STU_19924,2.8,81.5375,114,8
STU_18069,2.2,83.25,36,2
STU_18744,2.3414285714285716,83.58571428571429,108,7
STU_19576,2.8075,84.94999999999999,60,4
STU_19847,2.0,79.5,18,1
STU_18083,2.5149999999999997,85.25,36,2
STU_18252,3.1839999999999997,93.28,63,5
STU_18408,2.74,92.80000000000001,27,2
STU_18429,2.7900000000000005,88.56666666666666,36,3
STU_18942,3.206666666666667,85.95,90,6
STU_18947,2.71,87.0,15,1
STU_19309,2.306,83.72,78,5
STU_19523,2.738,81.66,72,5
STU_19698,2.5883333333333334,86.66666666666667,84,6
STU_19795,2.825,86.75,30,2
STU_19807,1.84,84.5,18,1
STU_19840,2.61,94.1,30,2
STU_19952,2.5875000000000004,88.17500000000001,48,4
STU_19994,2.505,90.5,36,2
STU_18122,2.8333333333333335,86.23333333333333,87,6
STU_18303,2.9783333333333335,79.81666666666668,93,6
STU_18370,2.32,90.23333333333333,54,3
STU_18688,3.1149999999999998,82.13333333333334,90,6
STU_19066,2.3500000000000005,76.11428571428573,87,7
STU_19115,2.47,85.16666666666667,45,3
STU_19209,2.358571428571429,85.34285714285714,126,7
STU_17648,2.5,83.15,24,2
STU_17775,2.9966666666666666,86.33333333333333,36,3
STU_17863,2.8275,87.25,72,4
STU_18078,3.45,90.2,15,1
STU_18149,2.5,88.0,15,1
STU_18299,2.5666666666666664,92.01666666666667,108,6
STU_18466,3.08,91.2,15,1
STU_18735,2.813333333333334,86.0,45,3
STU_18920,2.9466666666666668,86.46666666666665,33,3
STU_19109,3.14,86.91666666666667,90,6
STU_19358,3.025,89.4,30,2
STU_19449,3.04,81.075,60,4
STU_19487,2.6566666666666667,87.7,45,3
STU_19493,2.8833333333333333,92.14999999999999,75,6
STU_19758,2.5900000000000003,84.33333333333333,93,6
STU_19968,3.1024999999999996,85.35000000000001,144,8
STU_17721,2.71,87.2,15,1
STU_17854,2.436666666666667,86.3,42,3
STU_18267,2.3866666666666663,87.8,54,3
STU_18313,2.7283333333333335,85.98333333333333,93,6
STU_18401,2.75,93.7,12,1
STU_18468,2.91,86.75,30,2
STU_18710,2.68,84.6,12,1
STU_18937,3.141428571428572,83.5142857142857,84,7
STU_19119,2.7842857142857147,84.61428571428573,102,7
STU_19220,2.565,89.25,33,2
STU_19800,2.8200000000000003,82.03333333333333,45,3
STU_19940,2.966666666666667,87.61666666666667,90,6
STU_18084,2.61,91.0,15,1
STU_18789,3.2560000000000002,79.1,87,5
STU_19091,2.4099999999999997,75.3,87,6
STU_19401,2.81875,90.02500000000002,117,8
STU_19500,2.1483333333333334,84.08333333333333,108,6
STU_19866,2.8649999999999998,82.66250000000001,126,8
STU_19944,2.6625,82.45,60,4
STU_17764,2.548,89.88,69,5
STU_17852,2.7687500000000003,82.775,96,8
STU_18087,2.5833333333333335,80.03333333333333,48,3
STU_18927,2.685,94.65,27,2
STU_19164,2.382,84.54,60,5
STU_19475,3.2224999999999997,89.375,72,4
STU_19799,2.268333333333333,86.08333333333333,87,6
STU_18096,2.488571428571429,84.42857142857143,129,7
STU_18249,1.3633333333333333,89.93333333333334,108,6
STU_18527,2.65,84.5,15,1
STU_19174,3.67,85.4,12,1
STU_19193,2.9233333333333333,89.73333333333333,48,3
STU_19311,2.9699999999999998,89.4,24,2
STU_19337,2.74,78.4,69,4
STU_19456,3.3325,89.875,63,4
STU_19543,3.3266666666666667,84.7,45,3
STU_19582,2.31,90.63333333333333,51,3
STU_19633,2.3,92.4,27,2
STU_19663,2.82,80.2,15,1
STU_17776,2.48625,91.41250000000001,123,8
STU_17889,2.8183333333333334,86.68333333333334,87,6
STU_17951,2.5675,81.0125,117,8
STU_18100,2.6950000000000003,81.22500000000001,126,8
STU_18112,2.703333333333333,87.23333333333335,51,3
STU_18384,3.125,86.6,33,2
STU_18417,2.6149999999999998,88.05,123,8
STU_18837,2.71,86.0,15,1
STU_19005,2.254,83.32000000000001,78,5
STU_19082,2.8825000000000003,89.6,57,4
STU_19163,2.6759999999999997,87.92,75,5
STU_19267,2.57,84.4,12,1
STU_19525,2.0,89.4,15,1
STU_19572,2.186666666666667,83.56666666666666,36,3
STU_18072,2.36,79.35,30,2
STU_18182,3.145,86.4,33,2
STU_18315,3.04,92.7,9,1
STU_18358,1.89,90.3,18,1
STU_18802,2.971666666666667,76.66666666666667,87,6
STU_18945,2.8025,83.92500000000001,96,8
STU_19230,2.2079999999999997,82.0,87,5
STU_19313,2.0999999999999996,87.75,27,2
STU_19584,2.1325,82.85,78,4
STU_19667,2.973333333333333,87.76666666666667,42,3
STU_19730,2.73,80.35,24,2
STU_19798,3.0933333333333333,86.44999999999999,93,6
STU_19879,2.26,76.9,42,2
STU_19971,2.2800000000000002,92.25,30,2
STU_18046,2.7675,89.225,72,4
STU_18499,2.49,88.9,15,1
STU_18686,2.23,82.93333333333334,48,3
STU_19346,2.7699999999999996,82.56,75,5
STU_19492,2.313333333333333,87.53333333333335,45,3
STU_19761,3.136,88.34,60,5
STU_19892,2.695,88.87500000000001,114,8
STU_17709,2.522,85.72,78,5
STU_18142,2.37,80.9,15,1
STU_18426,3.05,87.0,18,1
STU_18462,2.2142857142857144,88.21428571428571,102,7
STU_18624,2.957142857142857,84.61428571428571,81,7
STU_18715,2.425,84.15,30,2
STU_18877,3.47,85.3,18,1
STU_19031,2.5999999999999996,82.63333333333334,48,3
STU_19149,2.4266666666666667,82.2,45,3
STU_19200,3.21,95.4,12,1
STU_19317,2.7675,89.975,60,4
STU_19858,2.55,89.8,15,1
STU_19904,3.09,94.94999999999999,27,2
STU_18008,2.58,78.1,30,2
STU_18227,2.546666666666667,84.5,36,3
STU_18495,3.47,81.36666666666666,48,3
STU_18668,3.31,81.7,15,1
STU_19360,3.19,93.55000000000001,36,2
STU_19420,2.3633333333333337,80.03333333333332,90,6
STU_19583,2.78,84.7,12,1
STU_19627,2.772,80.6,81,5
STU_19833,3.31,84.13333333333333,36,3
STU_19896,2.8166666666666664,84.55,90,6
STU_17792,2.7616666666666667,81.21666666666665,93,6
STU_17836,3.24,78.06666666666666,45,3
STU_17841,2.71,85.66,78,5
STU_18109,3.165,87.6,63,4
STU_18155,2.214,75.78,75,5
STU_18177,2.73,83.4,18,1
STU_18242,2.5300000000000002,84.0,72,5
STU_18272,2.1475,83.875,60,4
STU_18522,3.4699999999999998,88.15,27,2
STU_18589,3.1566666666666663,88.23333333333333,45,3
STU_18613,2.965,90.55000000000001,66,4
STU_18643,2.8866666666666667,80.2,45,3
STU_18675,3.2000000000000006,82.63333333333333,45,3
STU_18797,2.44,85.3,30,2
STU_18822,3.0949999999999998,93.8,24,2
STU_19079,2.59,91.5,18,1
STU_19740,2.8099999999999996,82.95714285714287,108,7
STU_19772,2.934285714285714,81.0,123,7
STU_19918,2.2100000000000004,87.90000000000002,39,3
STU_17739,3.1633333333333336,90.01666666666665,78,6
STU_17866,2.2975000000000003,88.05,120,8
STU_18091,1.87,82.7,12,1
STU_18093,2.492,84.72,75,5
STU_18126,3.16,85.6,30,3
STU_18469,2.8337499999999998,86.9375,99,8
STU_18498,1.9849999999999999,85.15,30,2
STU_19064,2.62,82.9,63,4
STU_19135,2.825,81.275,57,4
STU_19393,2.6025,87.42500000000001,60,4
STU_19857,2.99875,83.07499999999999,93,8
STU_17800,3.46,93.6,15,1
STU_18006,2.53,78.92500000000001,123,8
STU_18014,1.0199999999999998,80.08333333333333,111,6
STU_18062,3.285,89.0,30,2
STU_18190,3.2649999999999997,88.5,27,2
STU_18349,2.777142857142857,85.41428571428571,123,7
STU_18443,2.27,84.8,18,1
STU_18444,3.0083333333333333,85.73333333333333,93,6
STU_19030,2.99,82.8,12,1
STU_19251,2.2239999999999998,76.96000000000001,78,5
STU_19325,2.66,84.0,60,4
STU_19353,3.3,98.2,18,1
STU_19457,3.16,86.7,15,1
STU_19594,2.5975,81.5125,120,8
STU_19617,2.1833333333333336,84.36666666666667,45,3
STU_19960,2.9566666666666666,86.14999999999999,90,6
STU_17909,2.783333333333333,86.46666666666665,36,3
STU_18007,2.2800000000000002,91.94999999999999,30,2
STU_18213,2.99,81.89999999999999,78,6
STU_18457,3.63,95.1,12,1
STU_18614,2.9450000000000003,94.05,24,2
STU_18990,2.6757142857142857,84.92857142857142,84,7
STU_19334,3.49,88.23333333333333,48,3
STU_19380,1.9575,80.4,96,8
STU_19398,2.534,86.62,75,5
STU_19997,2.76,91.5,33,2
STU_17717,3.16,79.8,18,1
STU_17760,3.3533333333333335,86.43333333333334,45,3
STU_17978,2.785,83.46666666666665,90,6
STU_17995,2.541428571428572,86.48571428571428,102,7
STU_18088,2.615,88.35,30,2
STU_18113,2.856666666666667,94.83333333333333,48,3
STU_18467,2.7475000000000005,82.125,63,4
STU_19015,2.9425,90.69999999999999,51,4
STU_19101,2.85,88.1,48,4
STU_19561,1.873333333333333,77.73333333333333,54,3
STU_19782,3.39,88.2,12,1
STU_19792,2.4614285714285713,76.31428571428572,84,7
STU_19870,2.235,80.66666666666667,93,6
STU_19926,2.79,90.4,12,1
STU_19990,2.27,86.17500000000001,60,4
STU_17868,3.1933333333333334,87.63333333333333,45,3
STU_17936,2.7566666666666664,84.11666666666666,96,6
STU_17979,2.18,96.2,12,1
STU_18128,2.6666666666666665,87.73333333333335,78,6
STU_18229,2.6233333333333335,87.05,72,6
STU_18778,2.6487499999999997,84.3,120,8
STU_19357,2.83875,86.2,117,8
STU_19361,3.3800000000000003,80.325,51,4
STU_19545,3.36,96.2,15,1
STU_19872,3.28,86.75,78,4
STU_17885,2.0100000000000002,85.08,90,5
STU_18179,2.48,91.4,15,1
STU_18379,2.115,90.05,30,2
STU_18553,1.9600000000000002,80.34,84,5
STU_18931,2.662,83.08,69,5
STU_19076,2.69,85.39999999999999,93,6
STU_19702,2.69,83.3,15,1
STU_19749,2.5,82.6,18,1
STU_19831,2.75625,86.28750000000001,144,8
STU_19838,3.3825000000000003,90.75,60,4
STU_19945,2.778,83.66,75,5
STU_17766,2.58,91.7,15,1
STU_17809,2.5985714285714283,86.45714285714284,129,7
STU_17833,2.7100000000000004,84.89999999999999,117,8
STU_18070,2.84625,83.175,120,8
STU_18107,2.564285714285714,86.27142857142857,102,7
STU_18447,3.2133333333333334,82.66666666666667,45,3
STU_18817,2.71,89.1,15,1
STU_18853,2.7449999999999997,90.23333333333335,90,6
STU_18884,2.308333333333333,78.03333333333333,75,6
STU_19098,3.53,91.6,12,1
STU_19567,3.24,85.7,15,1
STU_17651,2.87875,85.58749999999999,144,8
STU_17714,2.825,89.75,36,2
STU_18161,2.16,86.35,24,2
STU_18274,2.6199999999999997,88.43333333333332,54,3
STU_18396,2.866666666666667,85.53333333333335,33,3
STU_18435,2.394,81.17999999999999,75,5
STU_18719,2.6,87.0,27,2
STU_18894,2.9000000000000004,92.5,36,2
STU_19777,2.2099999999999995,87.89999999999999,45,3
STU_17824,3.0766666666666667,78.46666666666667,45,3
STU_17961,2.9628571428571426,84.15714285714286,126,7
STU_18191,1.972,81.74000000000001,75,5
STU_18319,2.435,89.45,33,2
STU_18329,2.14,88.4,18,1
STU_18344,2.362,81.43999999999998,75,5
STU_18617,2.83,86.36666666666667,69,6
STU_18648,2.43,85.55999999999999,60,5
STU_18860,2.8724999999999996,89.67499999999998,48,4
STU_18907,2.2024999999999997,87.05,60,4
STU_19167,2.9000000000000004,88.15,36,2
STU_19315,3.11,85.6,18,1
STU_19395,3.2049999999999996,79.60000000000001,60,4
STU_19665,2.3416666666666663,80.98333333333335,72,6
STU_19829,2.9360000000000004,90.9,66,5
STU_19937,2.7425,86.5,48,4
STU_19958,2.8125,90.475,117,8
STU_17686,2.8600000000000003,92.9,33,2
STU_17791,3.3366666666666664,82.6,45,3
STU_18018,2.538,85.55999999999999,75,5
STU_18032,2.7125,84.925,72,4
STU_18127,3.3750000000000004,86.875,66,4
STU_18839,2.67,86.15,36,2
STU_18864,2.3,85.7,72,5
STU_18874,3.0233333333333334,84.66666666666667,45,3
STU_18923,2.84,84.2,15,1
STU_19231,3.1,89.4,15,1
STU_19654,3.3237499999999995,83.61250000000001,90,8
STU_19660,2.3699999999999997,78.53333333333332,90,6
STU_17630,2.175,81.475,69,4
STU_17637,2.47,92.4,15,1
STU_17665,2.86,93.0,18,1
STU_17916,2.14,89.4,36,2
STU_17992,3.0999999999999996,95.35,27,2
STU_18165,2.4,83.65,24,2
STU_18184,2.682857142857143,87.81428571428572,108,7
STU_18202,3.43,92.1,15,1
STU_18226,1.58,83.5,18,1
STU_18494,2.25,90.05000000000001,36,2
STU_18569,3.01,88.3,15,1
STU_18919,2.8225,83.5,51,4
STU_19051,3.1283333333333334,87.61666666666667,72,6
STU_19837,3.106666666666667,79.35000000000001,72,6
STU_19849,2.012,86.25999999999999,81,5
STU_19881,3.17,94.3,15,1
STU_18125,2.7275,84.10000000000001,117,8
STU_18285,2.575,88.55,21,2
STU_18354,2.576666666666666,83.66666666666666,45,3
STU_18655,2.28625,87.89999999999999,93,8
STU_18914,2.98,97.9,15,1
STU_19623,2.9499999999999997,82.06666666666666,36,3
STU_19672,2.5225,81.7125,120,8
STU_19737,2.498571428571428,90.7,102,7
STU_19739,2.9560000000000004,77.96000000000001,75,5
STU_19985,3.04,87.8,18,1
STU_17701,2.895,82.1,45,4
STU_17769,2.68,87.9,15,1
STU_17981,2.9325,82.97500000000001,120,8
STU_17998,3.33,92.4,30,2
STU_18101,3.095,88.5,57,4
STU_18308,2.7466666666666666,95.76666666666667,42,3
STU_18347,2.24,100.0,15,1
STU_18505,2.48,84.5125,117,8
STU_18667,2.77,90.63333333333333,42,3
STU_18769,3.505,92.4,30,2
STU_19245,3.635,89.15,24,2
STU_19770,2.31,92.0,15,1
STU_19822,3.1271428571428577,88.17142857142858,102,7
STU_18212,2.43,78.5,18,1
STU_18485,2.91,84.69999999999999,30,2
STU_18663,2.18,88.48333333333333,93,6
STU_18733,2.56,77.0,30,2
STU_18876,3.034,83.02,78,5
STU_19176,2.5083333333333333,88.0,84,6
STU_19204,2.4933333333333336,89.73333333333333,45,3
STU_17697,2.825,77.75,48,4
STU_18117,3.66,88.8,12,1
STU_18147,2.94,94.0,18,1
STU_18346,2.364,86.02000000000001,75,5
STU_18551,2.3180000000000005,88.48,57,5
STU_18584,1.76,91.5,12,1
STU_18704,2.88,88.3,15,1
STU_19103,2.97125,87.0625,99,8
STU_19336,2.45,92.55,30,2
STU_19348,2.328,86.92,75,5
STU_19415,2.53,83.36666666666667,36,3
STU_19528,2.7733333333333334,88.23333333333333,45,3
STU_19669,2.575,83.75,33,2
STU_19707,2.6557142857142857,81.15714285714286,108,8
STU_19709,2.5028571428571427,81.52857142857144,102,7
STU_19844,1.8,87.4,12,1
STU_19930,2.981428571428571,86.08571428571429,87,7
STU_17679,3.323333333333333,89.36666666666667,54,3
STU_17982,2.654,94.30000000000001,75,5
STU_17988,2.5175,83.37500000000001,114,8
STU_17991,2.768,80.58,78,5
STU_18143,3.46,84.58000000000001,96,5
STU_18238,2.866,80.9,78,5
STU_18616,2.35,87.3,15,1
STU_18671,2.67,88.8,18,1
STU_19255,2.605,89.35,36,2
STU_19392,2.8040000000000003,87.22,75,5
STU_19452,1.95,83.66,90,5
STU_19510,1.7574999999999998,86.075,66,4
STU_19557,2.8628571428571425,83.42857142857143,99,7
STU_17899,2.3316666666666666,82.8,72,6
STU_18342,2.842857142857143,80.22857142857143,84,7
STU_18596,2.953333333333333,91.26666666666667,45,3
STU_18656,3.0300000000000002,97.85,33,2
STU_18726,2.5,88.0,15,1
STU_19067,2.6637500000000003,85.99999999999999,93,8
STU_19177,2.622,86.24,75,5
STU_19657,2.4579999999999997,88.78,84,5
STU_17715,3.2225,84.675,45,4
STU_17994,2.69875,86.5875,117,8
STU_18307,3.063333333333333,90.56666666666666,45,3
STU_18528,3.3333333333333335,78.2,42,3
STU_18721,2.8912500000000003,83.92499999999998,123,8
STU_18917,2.412,82.88,72,5
STU_19188,2.5533333333333337,89.94999999999999,87,6
STU_19225,2.975,85.16666666666667,90,6
STU_19650,2.88,84.9,36,2
STU_19651,2.6,87.6,18,1
STU_17750,2.982857142857143,85.44285714285715,99,7
STU_18000,2.808,86.12,87,5
STU_18549,2.9875,85.375,72,4
STU_18897,3.02,91.58000000000001,87,5
STU_19182,2.54875,78.9625,120,8
STU_19726,2.68,82.78571428571429,81,8
STU_17685,2.89,91.8,15,1
STU_17703,2.18,81.0,12,1
STU_17713,3.0119999999999996,84.52,60,5
STU_17931,2.5085714285714285,73.74285714285713,84,7
STU_18156,3.06,100.0,15,1
STU_18223,2.73,92.0,15,1
STU_18241,2.922857142857143,82.88571428571429,96,7
STU_19105,3.2840000000000003,86.74,69,5
STU_19154,2.701666666666666,83.66666666666667,108,6
STU_19485,2.125,91.69999999999999,27,2
STU_19658,2.308571428571429,82.72857142857143,78,7
STU_19694,3.23,92.8,30,2
STU_17924,3.39,93.2,12,1
STU_18036,3.62,81.2,15,1
STU_18144,2.96875,87.5125,120,8
STU_18193,2.745,91.85,24,2
STU_18291,2.8816666666666664,84.91666666666667,75,6
STU_18406,2.848,83.84,60,5
STU_18422,2.56,89.92500000000001,72,4
STU_18571,2.87,92.9,15,1
STU_18812,2.946,82.52000000000001,60,5
STU_18985,2.44,86.53333333333335,45,3
STU_19312,2.676666666666667,84.55,87,6
STU_19316,2.7779999999999996,91.91999999999999,75,6
STU_17664,3.0866666666666664,89.06666666666666,36,3
STU_17708,1.68,83.1,30,2
STU_17837,2.7566666666666664,79.43333333333334,42,3
STU_17859,1.8219999999999998,78.85999999999999,90,5
STU_18020,2.47,84.82000000000001,75,5
STU_18145,2.18375,85.85000000000001,123,8
STU_18234,2.812,80.64,75,5
STU_18278,3.58,86.7,12,1
STU_18389,2.3725,86.875,48,4
STU_18793,2.518,77.58,75,5
STU_18801,2.864285714285714,83.3,102,7
STU_19055,3.41,99.5,12,1
STU_19199,3.0533333333333332,83.86666666666667,45,3
STU_19481,2.35875,76.4875,120,8
STU_19646,3.063333333333333,87.43333333333334,93,6
STU_19775,3.18,85.55,30,2
STU_19818,3.29,84.4,15,1
STU_17942,2.17,88.3,18,1
STU_17954,2.0033333333333334,85.5,42,3
STU_17996,2.256666666666667,85.56666666666666,54,3
STU_18016,2.35,85.625,75,4
STU_18151,2.74,89.4,15,1
STU_18777,2.6650000000000005,88.23749999999998,120,8
STU_18869,2.783333333333333,83.43333333333334,48,3
STU_18973,3.466,95.16000000000001,90,5
STU_19125,2.183333333333333,88.23333333333333,48,3
STU_17659,2.79,84.9,18,1
STU_17933,1.9800000000000002,85.60000000000001,63,4
STU_18195,3.011428571428571,81.84285714285716,84,7
STU_18243,2.6325000000000003,85.86250000000001,123,8
STU_18482,3.065,88.9,33,2
STU_18631,2.526666666666667,82.46666666666668,93,6
STU_18888,3.3499999999999996,94.0,21,2
STU_19217,2.0919999999999996,81.0,75,5
STU_19224,3.4000000000000004,86.26666666666667,54,3
STU_19364,2.57,88.6,21,1
STU_19504,1.68,81.8,18,1
STU_19540,2.5699999999999994,80.22500000000001,90,8
STU_19888,2.88,91.175,63,4
STU_17944,2.435,84.8875,120,8
STU_18208,2.71,83.1,21,2
STU_18534,3.1149999999999998,85.0875,138,8
STU_18725,3.3866666666666667,94.13333333333333,36,3
STU_18966,2.703333333333333,75.8,90,6
STU_19017,3.56,84.15,30,2
STU_19081,3.365,94.0,30,2
STU_19161,2.71,82.69999999999999,30,2
STU_19310,3.0439999999999996,82.32,75,5
STU_19453,2.23,89.8,33,3
STU_19483,2.9075,86.975,60,4
STU_19515,2.36,89.0,48,3
STU_19629,3.204285714285714,89.20000000000002,105,7
STU_19716,2.355,93.45,30,2
STU_19753,3.475,87.55,30,2
STU_19784,3.0775,90.175,57,4
STU_19916,2.2225,85.225,60,4
STU_19927,2.996,82.14,75,5
STU_19961,2.08,81.85,30,2
STU_17745,2.5633333333333335,90.43333333333334,45,3
STU_18159,3.36,79.7,12,1
STU_18257,2.97,87.26666666666667,54,3
STU_18353,2.54,81.41428571428571,90,7
STU_18543,3.7,91.9,15,1
STU_18638,3.08,84.05000000000001,24,2
STU_18751,2.0549999999999997,89.0,30,2
STU_19001,2.4033333333333338,89.36666666666667,42,3
STU_19318,2.5999999999999996,89.02499999999999,63,4
STU_19419,3.016666666666666,83.60000000000001,108,6
STU_19969,3.57,86.9,15,1
STU_17689,2.56,79.66666666666667,51,3
STU_17892,3.465,90.75,30,2
STU_18509,3.26,84.3,15,1
STU_18654,3.0028571428571427,82.64285714285714,102,7
STU_19127,3.16,99.35,21,2
STU_19436,2.834,88.28,90,5
STU_19647,3.28,87.43999999999998,75,5
STU_19861,2.322857142857143,79.5142857142857,78,7
STU_17786,2.666,84.62,81,5
STU_17913,2.21,79.6,18,1
STU_18409,3.1333333333333333,87.66666666666667,36,3
STU_18474,2.58125,86.51249999999999,117,8
STU_18519,2.1566666666666667,86.7,48,3
STU_18603,3.21,95.4,12,1
STU_19046,3.19,89.2,18,1
STU_19223,2.7566666666666673,84.89999999999999,45,3
STU_19931,2.7071428571428577,80.32857142857142,75,7
STU_19974,3.18,85.9,15,1
STU_18050,2.2985714285714285,80.84285714285714,105,7
STU_18176,2.84,90.5,15,1
STU_18432,1.6433333333333333,82.16666666666667,54,3
STU_18587,2.615,87.45,30,2
STU_18651,2.8,85.0,18,1
STU_18712,3.1325,88.975,45,4
STU_18944,2.5700000000000003,91.3,27,2
STU_19257,3.0100000000000002,86.72857142857141,105,7
STU_17758,3.59,92.6,24,2
STU_17773,2.91,93.25,39,2
STU_18228,1.452,77.78,90,5
STU_18369,2.32,85.9,21,1
STU_18388,2.5300000000000002,86.0,24,2
STU_18646,2.526,88.23999999999998,78,5
STU_18732,2.79,86.1,60,4
STU_18799,3.525,82.25,36,2
STU_18901,2.875,90.75,60,4
STU_19664,1.8957142857142857,80.4,123,7
STU_19780,3.4149999999999996,89.01666666666665,81,6
STU_18301,3.1420000000000003,76.92,81,5
STU_18518,2.04,94.0,15,1
STU_18652,2.835,85.64999999999999,60,4
STU_18831,3.015,92.5,48,4
STU_18975,2.8259999999999996,87.9,60,5
STU_18996,2.7425,84.3625,144,8
STU_19011,3.106666666666667,81.76666666666667,87,6
STU_19238,3.2866666666666666,86.2,42,3
STU_19330,2.5914285714285716,89.65714285714284,105,7
STU_19387,2.2275,91.3,60,4
STU_19488,2.6371428571428575,90.89999999999999,108,7
STU_19810,2.9557142857142855,85.88571428571429,105,8
STU_17799,2.2575,77.1375,123,8
STU_18058,2.1633333333333336,84.53333333333333,51,3
STU_18108,2.42,87.4,15,1
STU_18530,2.71,94.8,15,1
STU_18755,2.9739999999999998,82.82,75,5
STU_18911,2.6,99.7,21,1
STU_19123,2.328333333333333,82.11666666666666,93,6
STU_19333,2.6500000000000004,90.05000000000001,30,2
STU_19352,2.61,86.8,18,1
STU_19442,2.563333333333333,89.13333333333333,51,3
STU_19476,3.2250000000000005,90.8,120,8
STU_19921,3.0925,94.075,72,4
STU_19967,3.45,90.1,15,1
STU_17657,2.742857142857143,81.54285714285716,129,7
STU_17682,2.7033333333333336,84.76666666666667,72,6
STU_17698,2.28,84.94999999999999,60,4
STU_17707,2.5725,84.525,117,8
STU_17822,2.2424999999999997,80.575,57,5
STU_18066,2.1133333333333337,76.96666666666667,45,3
STU_18520,3.72,93.4,15,1
STU_18745,3.2,96.4,15,1
STU_18784,2.3,94.2,18,1
STU_18810,3.4166666666666665,87.46666666666665,54,3
STU_19137,2.5275,82.98750000000001,123,8
STU_19375,2.77875,81.075,99,8
STU_19402,3.44,87.8,9,1
STU_19579,3.58,83.2,15,1
STU_19735,3.44,92.0,24,2
STU_19769,3.04,86.6,72,5
STU_19959,2.2800000000000002,86.5,27,2
STU_17684,3.16,86.3,15,1
STU_17753,1.8999999999999997,86.46666666666665,51,3
STU_18131,2.505,94.55,30,2
STU_18153,3.0325,89.62499999999999,57,4
STU_18352,3.07,86.0,12,1
STU_18541,2.6674999999999995,80.2375,117,8
STU_18681,2.435,92.1,30,2
STU_19008,2.79,89.5,15,1
STU_19088,2.7487500000000002,82.8125,90,8
STU_19236,2.622,86.05999999999999,78,5
STU_19407,2.61,82.6,90,6
STU_19719,2.655,88.5,36,2
STU_19972,2.86,82.0,15,1
STU_17839,2.9219999999999997,85.56,72,5
STU_17968,2.675,86.05000000000001,30,2
STU_18199,2.875,89.725,60,4
STU_18286,2.0,87.56666666666666,57,3
STU_18672,2.835,90.85,24,2
STU_18759,3.526666666666667,84.85000000000001,90,6
STU_18762,2.385,85.4,36,2
STU_19303,2.2071428571428573,89.64285714285714,108,7
STU_19433,2.716666666666667,87.03333333333332,96,6
STU_19670,1.97,83.8,18,1
STU_19868,2.7,80.47500000000001,60,4
STU_19903,2.8887500000000004,87.6125,90,8
STU_17702,2.69,82.25,30,2
STU_17734,1.96,78.8,18,1
STU_17794,3.04,86.8,30,2
STU_17801,2.94,88.66666666666667,33,3
STU_17803,3.705,81.45,24,2
STU_17945,3.02,92.4,18,1
STU_18071,2.715,84.25,30,2
STU_18166,1.9849999999999999,86.94999999999999,72,4
STU_18331,2.43,86.89999999999999,33,3
STU_18434,2.7199999999999998,81.9375,111,8
STU_18552,2.27,90.7,15,1
STU_18921,2.7399999999999998,85.775,72,4
STU_18960,2.7025,83.0,72,4
STU_19132,2.8,90.2,15,1
STU_19502,2.862,84.82,60,5
STU_19503,2.3028571428571425,81.44285714285714,96,7
STU_19601,2.521428571428572,84.3,108,7
STU_17948,2.0,84.0,18,1
STU_18003,2.81,93.7,15,1
STU_18204,2.146,87.22,90,5
STU_18471,2.798,81.9,60,5
STU_18565,2.4399999999999995,80.55,96,8
STU_18775,2.68,92.4,15,1
STU_19021,2.8499999999999996,90.30000000000001,21,2
STU_19121,2.0949999999999998,82.85,36,2
STU_19239,2.7975,81.425,48,4
STU_19319,3.29,87.3,15,1
STU_19581,2.685,91.0,30,2
STU_19585,2.5149999999999997,87.25,30,3
STU_19683,2.78,83.26,69,5
STU_19808,2.2216666666666667,87.66666666666667,96,6
STU_19839,3.48,89.19999999999999,36,2
STU_19877,2.8150000000000004,96.35,33,2
STU_17893,2.87,90.0,33,2
STU_17932,2.723333333333333,83.86666666666667,90,6
STU_18224,2.1225,85.15,60,4
STU_18357,2.79,91.2,12,1
STU_19026,2.91,82.94999999999999,30,2
STU_19145,2.048,85.14,75,5
STU_19592,2.125,81.17500000000001,57,4
STU_17674,2.3375,79.55000000000001,45,4
STU_19450,2.39,86.6,27,2
STU_19608,2.436,83.4,60,5
STU_19747,3.066,92.49999999999999,81,5
STU_19774,3.41,83.8,30,2
STU_19776,2.525,83.39999999999999,93,6
STU_19978,2.7812500000000004,88.89999999999998,150,8
STU_18133,2.81,89.3,15,1
STU_18507,3.8,93.6,18,1
STU_18564,2.27,86.5,15,1
STU_18628,1.45,84.21428571428571,84,7
STU_18768,2.6624999999999996,80.75,117,8
STU_18823,2.45,89.85,30,2
STU_18929,3.0100000000000002,92.23333333333333,36,3
STU_19522,3.0016666666666665,88.05000000000001,90,6
STU_19982,2.7466666666666666,85.2,45,3
STU_17706,2.723333333333333,86.2,42,3
STU_17835,2.841428571428571,80.82857142857142,111,7
STU_18130,2.49,87.63333333333333,45,3
STU_18503,2.7087499999999998,80.49999999999999,117,8
STU_18682,2.606666666666667,80.43333333333334,51,3
STU_18856,3.0075,81.19999999999999,48,4
STU_19259,2.386,83.02000000000001,75,5
STU_19265,2.79,90.44999999999999,48,4
STU_19901,2.8087500000000003,82.1875,147,8
STU_17636,3.1,85.5,24,2
STU_17640,2.12,83.9,18,1
STU_17677,2.8433333333333337,89.84999999999998,93,6
STU_18676,3.143333333333333,81.89999999999999,48,3
STU_18687,2.445,80.375,90,8
STU_18924,2.346666666666667,84.33333333333333,36,3
STU_18925,2.7600000000000002,86.27142857142857,123,7
STU_18989,1.3633333333333333,85.03333333333335,54,3
STU_19112,3.49,95.80000000000001,39,2
STU_19616,2.97,92.3,15,1
STU_19725,2.6199999999999997,89.5,57,3
STU_17938,2.18,85.43333333333334,54,3
STU_18074,2.78,89.9,63,4
STU_18337,2.3766666666666665,79.01666666666667,90,6
STU_18473,2.6399999999999997,82.67500000000001,48,4
STU_18566,2.8200000000000003,83.35000000000001,72,6
STU_18605,3.1079999999999997,87.88000000000001,75,5
STU_18846,2.355,76.0625,120,8
STU_19232,3.1483333333333334,78.53333333333335,108,6
STU_19262,3.0371428571428574,81.11428571428573,102,7
STU_19321,3.1979999999999995,90.08,93,5
STU_19699,3.11,91.6,12,1
STU_19920,2.7024999999999997,91.4625,117,8
STU_17661,3.43,89.9,12,1
STU_17891,2.744285714285714,85.57142857142857,102,7
STU_17993,3.5300000000000002,94.9,36,2
STU_18343,1.795,83.05,57,4
STU_18754,2.4699999999999998,76.80000000000001,27,3
STU_18783,2.6687499999999997,90.2875,117,8
STU_19035,2.965,87.875,138,8
STU_19400,3.5700000000000003,89.0,27,2
STU_19430,2.3600000000000003,82.65,36,2
STU_19524,2.71,75.0,12,1
STU_19743,2.7300000000000004,78.95,60,4
STU_17634,2.5633333333333335,88.2,54,3
STU_17780,2.306666666666666,81.39999999999999,48,3
STU_18013,1.9780000000000002,83.74,78,5
STU_18025,2.7025,90.62500000000001,66,4
STU_18077,2.7049999999999996,89.48333333333333,105,6
STU_18174,2.4000000000000004,87.825,75,4
STU_18217,2.4866666666666664,91.86666666666667,57,3
STU_18311,2.577142857142857,87.07142857142857,108,7
STU_18350,2.7975,80.8625,135,8
STU_18550,1.9649999999999999,87.85,21,2
STU_18764,2.853333333333333,88.13333333333333,48,3
STU_18882,2.23625,87.85000000000001,93,8
STU_18913,3.2866666666666666,84.13333333333334,36,3
STU_18916,2.335,93.85,36,2
STU_19824,2.981666666666667,80.31666666666668,75,6
STU_19912,2.53,93.60000000000001,45,3
STU_17633,3.41,88.39999999999999,54,3
STU_17777,3.0300000000000002,78.35,51,4
STU_17884,2.89,94.2,15,1
STU_18099,2.72,80.9,12,1
STU_18452,3.0225,84.28750000000001,123,8
STU_18545,2.89875,86.7875,99,8
STU_19010,3.63,98.3,15,1
STU_19249,1.9533333333333331,79.73333333333333,60,3
STU_19274,2.3000000000000003,87.14285714285714,105,7
STU_19406,2.59,90.4,18,1
STU_19497,2.567142857142857,81.21428571428571,105,7
STU_19588,2.39,87.0,18,1
STU_19794,3.0500000000000003,89.43333333333332,45,3
STU_19850,3.0825000000000005,81.65,51,4
STU_17728,2.5766666666666667,87.76666666666667,39,3
STU_17940,2.236666666666667,88.86666666666667,54,3
STU_17958,2.8525,86.0,111,8
STU_18351,1.975,88.35,39,2
STU_18583,2.7875,87.225,48,4
STU_18625,2.2120000000000006,86.54,93,5
STU_18787,2.78,95.2,12,1
STU_18806,2.455,85.9,27,2
STU_19029,2.895,86.86666666666667,90,6
STU_19181,2.505,83.56666666666666,90,6
STU_19190,2.1025,85.225,60,4
STU_19281,2.51,95.0,18,1
STU_19541,2.59,88.8,12,1
STU_19746,2.7220000000000004,82.62,75,5
STU_19786,2.8800000000000003,90.39999999999999,51,3
STU_19813,2.16,83.36666666666666,54,3
STU_19964,2.0025,88.275,75,4
STU_18327,3.11,86.1,15,1
STU_18695,2.78,88.63333333333334,54,3
STU_19078,3.23,89.5,18,1
STU_19116,3.06,84.96666666666665,45,3
STU_19118,2.8049999999999997,92.15,24,2
STU_19148,3.365,86.0,36,2
STU_19151,1.89,83.01666666666667,114,6
STU_19834,2.8683333333333336,85.84999999999998,75,6
STU_17642,2.3716666666666666,84.18333333333334,72,6
STU_17727,2.8885714285714283,83.6857142857143,99,7
STU_17815,2.7733333333333334,89.86666666666667,90,6
STU_17851,2.772,78.8,57,5
STU_17906,2.99375,85.9875,117,8
STU_17917,2.4625,87.1,54,4
STU_17930,2.625,85.8,30,2
STU_18001,2.761428571428572,89.14285714285712,84,7
STU_18136,1.9228571428571428,83.92857142857143,111,7
STU_18157,2.2199999999999998,79.825,63,4
STU_18425,2.466666666666667,88.36666666666667,51,3
STU_19013,2.393333333333333,88.26666666666667,54,3
STU_19023,2.97,90.8,15,1
STU_19271,2.52,77.6,60,4
STU_19508,2.7249999999999996,91.30000000000001,21,2
STU_19773,2.97,82.7,15,1
STU_17804,2.15,89.69999999999999,72,4
STU_17810,2.154,81.3,81,5
STU_17984,2.61,91.02000000000001,78,5
STU_18150,2.96,92.44999999999999,30,2
STU_18162,2.78125,83.27499999999999,96,8
STU_18427,3.323333333333333,87.53333333333335,45,3
STU_18848,2.8899999999999997,93.8,27,2
STU_18935,3.1999999999999997,87.0,48,4
STU_19472,2.83,81.83333333333333,75,6
STU_19574,3.068,85.32,75,5
STU_19913,2.3814285714285717,84.52857142857142,108,7
STU_17748,2.6133333333333333,91.36666666666667,36,3
STU_17898,2.635,86.1625,123,8
STU_18111,2.76125,79.7625,114,8
STU_18302,2.7425,78.4,72,4
STU_18392,3.285,93.85,30,2
STU_18441,2.8,95.3,12,1
STU_19070,2.41,93.43333333333334,45,3
STU_19094,3.83,86.1,12,1
STU_19162,2.7266666666666666,99.06666666666666,45,3
STU_19201,3.35,94.6,18,1
STU_19211,3.0562500000000004,87.2,117,8
STU_19423,2.77,92.7,15,1
STU_19624,2.96375,80.3125,96,8
STU_19690,1.2,89.8,12,1
STU_19975,2.06,84.6,33,2
STU_17667,2.77,83.75,36,2
STU_17735,2.235,81.30000000000001,33,2
STU_17789,3.0366666666666666,87.40000000000002,45,3
STU_17915,3.0949999999999998,81.35,24,2
STU_17929,2.78,92.6,15,1
STU_17966,3.2874999999999996,85.9,63,4
STU_18209,2.5875000000000004,80.525,42,4
STU_18256,2.41,94.6,21,1
STU_18661,2.82,91.4,15,1
STU_18770,3.0483333333333333,84.96666666666665,93,6
STU_18889,2.623333333333333,82.16666666666666,93,6
STU_18940,2.1525000000000003,86.6,138,8
STU_19027,2.59875,88.78750000000001,96,8
STU_19355,1.6733333333333336,82.23333333333333,54,3
STU_19689,2.53875,83.4875,117,8
STU_19867,2.3449999999999998,83.85,36,2
STU_19869,3.09,91.94999999999999,30,2
STU_19887,3.505,88.9,27,2
STU_17754,2.9600000000000004,84.98571428571428,123,7
STU_17897,2.7239999999999998,87.82000000000002,75,5
STU_18231,3.2824999999999998,88.94999999999999,48,4
STU_18376,2.19,86.55000000000001,36,2
STU_19338,2.635,89.76666666666667,84,6
STU_19376,3.01,88.44999999999999,30,2
STU_19705,2.1699999999999995,78.42,72,5
STU_19845,3.4,95.5,12,1
STU_17660,1.96,82.8,15,1
STU_17692,2.662857142857143,81.85714285714286,126,7
STU_17853,1.8940000000000001,83.2,75,5
STU_18203,2.4066666666666667,85.1,48,3
STU_18293,2.658571428571429,90.88571428571427,84,7
STU_18336,2.45,88.7,18,1
STU_18533,3.02,87.55000000000001,30,2
STU_18635,2.7528571428571427,82.27142857142857,108,7
STU_19020,3.32,91.6,15,1
STU_19729,2.725,82.56666666666666,72,6
STU_19871,3.37,91.7,15,1
STU_17647,3.63,87.7,15,1
STU_18005,2.59,89.5,12,1
STU_18009,2.55,77.4,18,1
STU_18367,2.7,89.4,18,1
STU_18373,3.1566666666666667,82.26666666666667,45,3
STU_18415,2.69875,76.62499999999999,120,8
STU_18436,3.1466666666666665,82.66666666666667,39,3
STU_18478,2.92,83.26666666666667,33,3
STU_18644,3.44,82.65,27,2
STU_19280,2.7,87.19999999999999,33,2
STU_19378,2.58,80.5,15,1
STU_17670,2.9416666666666664,87.30000000000001,87,6
STU_17729,2.7725,79.65,93,8
STU_17814,3.018571428571429,86.7,108,7
STU_17905,2.0962500000000004,82.6125,120,8
STU_18029,2.5933333333333333,84.88333333333333,90,6
STU_18263,2.69,86.30000000000001,30,2
STU_18386,3.008,89.66,75,5
STU_18738,2.7249999999999996,81.1,30,2
STU_18902,3.112,85.16,78,5
STU_18938,2.4875,80.35000000000001,60,4
STU_19469,2.934,87.98,78,5
STU_19825,3.242,88.03999999999999,72,5
STU_19946,2.876666666666667,82.8,45,3
